-- phpMyAdmin SQL Dump
-- version 4.6.4
-- https://www.phpmyadmin.net/
--
-- Host: 127.0.0.1
-- Generation Time: Apr 20, 2017 at 04:22 PM
-- Server version: 5.7.14
-- PHP Version: 5.6.25

SET SQL_MODE = "NO_AUTO_VALUE_ON_ZERO";
SET time_zone = "+00:00";


/*!40101 SET @OLD_CHARACTER_SET_CLIENT=@@CHARACTER_SET_CLIENT */;
/*!40101 SET @OLD_CHARACTER_SET_RESULTS=@@CHARACTER_SET_RESULTS */;
/*!40101 SET @OLD_COLLATION_CONNECTION=@@COLLATION_CONNECTION */;
/*!40101 SET NAMES utf8mb4 */;

--
-- Database: `laravel_rca`
--

-- --------------------------------------------------------

--
-- Table structure for table `cadrprojects`
--

CREATE TABLE `cadrprojects` (
  `id` int(10) UNSIGNED NOT NULL,
  `number` int(11) NOT NULL,
  `title` varchar(255) COLLATE utf8_unicode_ci NOT NULL,
  `people_id` int(10) UNSIGNED NOT NULL,
  `category_id` int(10) UNSIGNED NOT NULL,
  `photo_id` int(10) UNSIGNED NOT NULL,
  `created_at` timestamp NULL DEFAULT NULL,
  `updated_at` timestamp NULL DEFAULT NULL
) ENGINE=MyISAM DEFAULT CHARSET=utf8 COLLATE=utf8_unicode_ci;

-- --------------------------------------------------------

--
-- Table structure for table `cadrs`
--

CREATE TABLE `cadrs` (
  `id` int(10) UNSIGNED NOT NULL,
  `fname` varchar(255) COLLATE utf8_unicode_ci NOT NULL,
  `lname` varchar(255) COLLATE utf8_unicode_ci NOT NULL,
  `nationalcode` varchar(255) COLLATE utf8_unicode_ci NOT NULL,
  `fathername` varchar(255) COLLATE utf8_unicode_ci NOT NULL,
  `photo_id` int(10) UNSIGNED NOT NULL,
  `cardnumber` int(11) NOT NULL,
  `birthdate` varchar(255) COLLATE utf8_unicode_ci NOT NULL,
  `cellphone` varchar(255) COLLATE utf8_unicode_ci NOT NULL,
  `telephone` varchar(255) COLLATE utf8_unicode_ci NOT NULL,
  `address` varchar(255) COLLATE utf8_unicode_ci NOT NULL,
  `postalcode` int(11) NOT NULL,
  `email` varchar(255) COLLATE utf8_unicode_ci NOT NULL,
  `is_active` int(11) NOT NULL DEFAULT '0',
  `degree_id` int(11) NOT NULL DEFAULT '0',
  `accountnumber` varchar(255) COLLATE utf8_unicode_ci NOT NULL DEFAULT '0',
  `field_id` int(11) NOT NULL DEFAULT '0',
  `major_id` int(11) NOT NULL DEFAULT '0',
  `university_id` int(11) NOT NULL DEFAULT '0',
  `rank` varchar(255) COLLATE utf8_unicode_ci NOT NULL DEFAULT '0',
  `unit` varchar(255) COLLATE utf8_unicode_ci NOT NULL DEFAULT '0',
  `created_at` timestamp NULL DEFAULT NULL,
  `updated_at` timestamp NULL DEFAULT NULL
) ENGINE=MyISAM DEFAULT CHARSET=utf8 COLLATE=utf8_unicode_ci;

--
-- Dumping data for table `cadrs`
--

INSERT INTO `cadrs` (`id`, `fname`, `lname`, `nationalcode`, `fathername`, `photo_id`, `cardnumber`, `birthdate`, `cellphone`, `telephone`, `address`, `postalcode`, `email`, `is_active`, `degree_id`, `accountnumber`, `field_id`, `major_id`, `university_id`, `rank`, `unit`, `created_at`, `updated_at`) VALUES
(1, 'امید', 'ایرانی', '', '', 0, 0, '', '', '', '', 0, '', 1, 0, '0', 5, 5, 2, 'سرگرد', '0', '2017-03-14 06:05:59', '2017-03-14 06:05:59'),
(2, 'احمد', 'بیرانوند', '', '', 0, 0, '', '', '', '', 0, '', 1, 0, '0', 4, 1, 5, 'سرهنگ', '0', '2017-03-14 06:09:04', '2017-03-14 06:09:04'),
(3, 'علی', 'جلالی', '', '', 0, 0, '', '', '', '', 0, '', 1, 1, '0', 0, 0, 0, '0', '0', NULL, NULL),
(4, 'محسن', 'حسینی نژاد', '', '', 0, 0, '', '', '', '', 0, '', 1, 1, '0', 0, 0, 0, '0', '0', NULL, NULL),
(5, 'حسن', 'فاطمی', '0342342343', 'علی', 0, 99282, '1359/01/01', '09123445567', '', 'تهران سه راه تختی', 0, 'user@site.com', 1, 0, '0', 176, 72, 3, 'سرگرد', '0', '2017-04-02 09:24:37', '2017-04-02 09:24:37');

-- --------------------------------------------------------

--
-- Table structure for table `cadr_project`
--

CREATE TABLE `cadr_project` (
  `cadr_id` int(10) UNSIGNED NOT NULL,
  `project_id` int(10) UNSIGNED NOT NULL,
  `created_at` timestamp NULL DEFAULT NULL,
  `updated_at` timestamp NULL DEFAULT NULL,
  `helptype_id` int(10) UNSIGNED NOT NULL
) ENGINE=MyISAM DEFAULT CHARSET=utf8 COLLATE=utf8_unicode_ci;

--
-- Dumping data for table `cadr_project`
--

INSERT INTO `cadr_project` (`cadr_id`, `project_id`, `created_at`, `updated_at`, `helptype_id`) VALUES
(1, 3, NULL, NULL, 1),
(2, 3, NULL, NULL, 2),
(3, 4, NULL, NULL, 1),
(2, 4, NULL, NULL, 2),
(3, 5, NULL, NULL, 1),
(4, 5, NULL, NULL, 2),
(5, 6, NULL, NULL, 5),
(2, 6, NULL, NULL, 2),
(1, 6, NULL, NULL, 1),
(4, 6, NULL, NULL, 4),
(3, 6, NULL, NULL, 3),
(1, 7, NULL, NULL, 1),
(2, 7, NULL, NULL, 2),
(5, 8, NULL, NULL, 1),
(4, 8, NULL, NULL, 2),
(5, 9, NULL, NULL, 1),
(2, 9, NULL, NULL, 2),
(2, 10, NULL, NULL, 1),
(3, 10, NULL, NULL, 2),
(1, 11, NULL, NULL, 1),
(5, 11, NULL, NULL, 2),
(3, 3, NULL, NULL, 3),
(4, 3, NULL, NULL, 4),
(5, 3, NULL, NULL, 5),
(5, 12, NULL, NULL, 1),
(4, 12, NULL, NULL, 2),
(1, 13, NULL, NULL, 1),
(3, 13, NULL, NULL, 2),
(1, 14, NULL, NULL, 1),
(2, 14, NULL, NULL, 2),
(5, 15, NULL, NULL, 1),
(4, 15, NULL, NULL, 2);

-- --------------------------------------------------------

--
-- Table structure for table `categories`
--

CREATE TABLE `categories` (
  `id` int(10) UNSIGNED NOT NULL,
  `name` varchar(255) COLLATE utf8_unicode_ci NOT NULL,
  `created_at` timestamp NULL DEFAULT NULL,
  `updated_at` timestamp NULL DEFAULT NULL
) ENGINE=MyISAM DEFAULT CHARSET=utf8 COLLATE=utf8_unicode_ci;

--
-- Dumping data for table `categories`
--

INSERT INTO `categories` (`id`, `name`, `created_at`, `updated_at`) VALUES
(1, 'cat1', NULL, NULL);

-- --------------------------------------------------------

--
-- Table structure for table `defencelevels`
--

CREATE TABLE `defencelevels` (
  `id` int(10) UNSIGNED NOT NULL,
  `name` varchar(255) COLLATE utf8_unicode_ci NOT NULL,
  `created_at` timestamp NULL DEFAULT NULL,
  `updated_at` timestamp NULL DEFAULT NULL
) ENGINE=MyISAM DEFAULT CHARSET=utf8 COLLATE=utf8_unicode_ci;

--
-- Dumping data for table `defencelevels`
--

INSERT INTO `defencelevels` (`id`, `name`, `created_at`, `updated_at`) VALUES
(1, '10', NULL, NULL),
(2, '30', NULL, NULL),
(3, '60', NULL, NULL),
(4, '90', NULL, NULL),
(5, '100', NULL, NULL);

-- --------------------------------------------------------

--
-- Table structure for table `defencelevel_project`
--

CREATE TABLE `defencelevel_project` (
  `defencelevel_id` int(10) UNSIGNED NOT NULL,
  `project_id` int(10) UNSIGNED NOT NULL,
  `created_at` timestamp NULL DEFAULT NULL,
  `updated_at` timestamp NULL DEFAULT NULL,
  `defencedate` varchar(255) COLLATE utf8_unicode_ci NOT NULL,
  `letternumber` varchar(255) COLLATE utf8_unicode_ci NOT NULL,
  `letterdate` varchar(255) COLLATE utf8_unicode_ci NOT NULL,
  `paymentamount` varchar(255) COLLATE utf8_unicode_ci NOT NULL,
  `paymentdate` varchar(255) COLLATE utf8_unicode_ci NOT NULL
) ENGINE=MyISAM DEFAULT CHARSET=utf8 COLLATE=utf8_unicode_ci;

--
-- Dumping data for table `defencelevel_project`
--

INSERT INTO `defencelevel_project` (`defencelevel_id`, `project_id`, `created_at`, `updated_at`, `defencedate`, `letternumber`, `letterdate`, `paymentamount`, `paymentdate`) VALUES
(1, 5, NULL, NULL, '1395/12/24', '2501', '1395/12/24', '', ''),
(2, 3, NULL, NULL, '1395/12/24', '2502', '1395/12/24', '', ''),
(1, 4, NULL, NULL, '1395/12/25', '2501', '1395/12/24', '', ''),
(2, 4, NULL, NULL, '1395/12/27', '2131', '1395/12/24', '', ''),
(1, 6, NULL, NULL, '1396/01/04', 'م/4229/2-1222', '1395/10/06', '', ''),
(3, 6, NULL, NULL, '1396/01/08', '251', '1395/12/24', '', ''),
(3, 3, NULL, NULL, '1396/01/13', '12122', '1395/12/24', '', ''),
(5, 3, NULL, NULL, '1396/01/18', '2131', '1396/01/18', '', ''),
(1, 12, NULL, NULL, '1396/01/19', '1222', '1395/12/24', '', '');

-- --------------------------------------------------------

--
-- Table structure for table `fields`
--

CREATE TABLE `fields` (
  `id` int(10) UNSIGNED NOT NULL,
  `name` varchar(255) COLLATE utf8_unicode_ci NOT NULL,
  `created_at` timestamp NULL DEFAULT NULL,
  `updated_at` timestamp NULL DEFAULT NULL
) ENGINE=MyISAM DEFAULT CHARSET=utf8 COLLATE=utf8_unicode_ci;

--
-- Dumping data for table `fields`
--

INSERT INTO `fields` (`id`, `name`, `created_at`, `updated_at`) VALUES
(1, 'اخلاق و آشنایی با منابع اسلامی', '0000-00-00 00:00:00', '0000-00-00 00:00:00'),
(2, 'ادبیات‌ نمایشی‌', '0000-00-00 00:00:00', '0000-00-00 00:00:00'),
(3, 'ادبیات‌ و علوم‌ انسانی‌', '0000-00-00 00:00:00', '0000-00-00 00:00:00'),
(4, 'ادیان و عرفان', '0000-00-00 00:00:00', '0000-00-00 00:00:00'),
(5, 'ادیان‌ و عرفان‌ تطبیقی', '0000-00-00 00:00:00', '0000-00-00 00:00:00'),
(6, 'ارتباط تصویری', '0000-00-00 00:00:00', '0000-00-00 00:00:00'),
(7, 'ارتباط‌ات‌ اجتماعی‌', '0000-00-00 00:00:00', '0000-00-00 00:00:00'),
(8, 'ارتباطات تصویری و عکاسی', '0000-00-00 00:00:00', '0000-00-00 00:00:00'),
(9, 'اقتصاد', '0000-00-00 00:00:00', '0000-00-00 00:00:00'),
(10, 'اقتصاد اجتماعی، نهادی', '0000-00-00 00:00:00', '0000-00-00 00:00:00'),
(11, 'اقتصاد اسلامی', '0000-00-00 00:00:00', '0000-00-00 00:00:00'),
(12, 'اقتصاد اسلامی، پولی و مالی', '0000-00-00 00:00:00', '0000-00-00 00:00:00'),
(13, 'اقتصاد انرژی', '0000-00-00 00:00:00', '0000-00-00 00:00:00'),
(14, 'اقتصاد بین رشته ای', '0000-00-00 00:00:00', '0000-00-00 00:00:00'),
(15, 'اقتصاد کشاورزی ', '0000-00-00 00:00:00', '0000-00-00 00:00:00'),
(16, 'اقتصاد نظری', '0000-00-00 00:00:00', '0000-00-00 00:00:00'),
(17, 'اقیانوس شناسی فیزیکی', '0000-00-00 00:00:00', '0000-00-00 00:00:00'),
(18, 'اکوهیدرولوژی', '0000-00-00 00:00:00', '0000-00-00 00:00:00'),
(19, 'الهیات‌ و معارف اسلامی‌', '0000-00-00 00:00:00', '0000-00-00 00:00:00'),
(20, 'الهیات و معارف اسلامی ', '0000-00-00 00:00:00', '0000-00-00 00:00:00'),
(21, 'انرژی معماری', '0000-00-00 00:00:00', '0000-00-00 00:00:00'),
(22, 'انرژی های نو و محیط زیست', '0000-00-00 00:00:00', '0000-00-00 00:00:00'),
(23, 'انسان شناسی', '0000-00-00 00:00:00', '0000-00-00 00:00:00'),
(24, 'انگل‌ شناسی‌', '0000-00-00 00:00:00', '0000-00-00 00:00:00'),
(25, 'انگل شناسی دامپزشکی', '0000-00-00 00:00:00', '0000-00-00 00:00:00'),
(26, 'ایرانشناسی', '0000-00-00 00:00:00', '0000-00-00 00:00:00'),
(27, 'ایمنی، بهداشت و محیط زیست', '0000-00-00 00:00:00', '0000-00-00 00:00:00'),
(28, 'آب و هواشناسی (اقلیم شناسی)', '0000-00-00 00:00:00', '0000-00-00 00:00:00'),
(29, 'آبیاری‌ وزهکشی‌', '0000-00-00 00:00:00', '0000-00-00 00:00:00'),
(30, 'آسیب شناسی ورزشی و حرکات اصلاحی ', '0000-00-00 00:00:00', '0000-00-00 00:00:00'),
(31, 'آمار', '0000-00-00 00:00:00', '0000-00-00 00:00:00'),
(32, 'آمار ریاضی', '0000-00-00 00:00:00', '0000-00-00 00:00:00'),
(33, 'آموزش بزرگسالان', '0000-00-00 00:00:00', '0000-00-00 00:00:00'),
(34, 'آموزش زبان انگلیسی', '0000-00-00 00:00:00', '0000-00-00 00:00:00'),
(35, 'آموزش زبان روسی', '0000-00-00 00:00:00', '0000-00-00 00:00:00'),
(36, 'آموزش زبان ژاپنی', '0000-00-00 00:00:00', '0000-00-00 00:00:00'),
(37, 'آموزش زبان فرانسه', '0000-00-00 00:00:00', '0000-00-00 00:00:00'),
(38, 'آموزش کودکان استثنایی', '0000-00-00 00:00:00', '0000-00-00 00:00:00'),
(39, 'آهنگسازی', '0000-00-00 00:00:00', '0000-00-00 00:00:00'),
(40, 'باستان شناسی', '0000-00-00 00:00:00', '0000-00-00 00:00:00'),
(41, 'باغبانی', '0000-00-00 00:00:00', '0000-00-00 00:00:00'),
(42, 'بانکداری اسلامی', '0000-00-00 00:00:00', '0000-00-00 00:00:00'),
(43, 'برق', '0000-00-00 00:00:00', '0000-00-00 00:00:00'),
(44, 'برنامه ریزی اجتماعی', '0000-00-00 00:00:00', '0000-00-00 00:00:00'),
(45, 'برنامه ریزی آمایش سرزمین', '0000-00-00 00:00:00', '0000-00-00 00:00:00'),
(46, 'برنامه ریزی آموزشی', '0000-00-00 00:00:00', '0000-00-00 00:00:00'),
(47, 'برنامه ریزی شهری', '0000-00-00 00:00:00', '0000-00-00 00:00:00'),
(48, 'برنامه ریزی گردشگری(توریسم)', '0000-00-00 00:00:00', '0000-00-00 00:00:00'),
(49, 'برنامه ریزی منطقه ای', '0000-00-00 00:00:00', '0000-00-00 00:00:00'),
(50, 'برنامه‌ریزی مدیریت‌واموزش محیط‌ زیست‌', '0000-00-00 00:00:00', '0000-00-00 00:00:00'),
(51, 'بهداشت آبزیان', '0000-00-00 00:00:00', '0000-00-00 00:00:00'),
(52, 'بهداشت‌ و بیماریهای‌ آبزیان‌', '0000-00-00 00:00:00', '0000-00-00 00:00:00'),
(53, 'بهداشت و طب ورزشی', '0000-00-00 00:00:00', '0000-00-00 00:00:00'),
(54, 'بهداشت و کنترل کیفی مواد غذایی', '0000-00-00 00:00:00', '0000-00-00 00:00:00'),
(55, 'بهداشت‌ و کنترل‌ مواد غذایی', '0000-00-00 00:00:00', '0000-00-00 00:00:00'),
(56, 'بین رشته ای فناوری', '0000-00-00 00:00:00', '0000-00-00 00:00:00'),
(57, 'بیوتکنولوژی', '0000-00-00 00:00:00', '0000-00-00 00:00:00'),
(58, 'بیوشیمی‌', '0000-00-00 00:00:00', '0000-00-00 00:00:00'),
(59, 'بیوفیزیک‌', '0000-00-00 00:00:00', '0000-00-00 00:00:00'),
(60, 'بیومکانیک ورزشی', '0000-00-00 00:00:00', '0000-00-00 00:00:00'),
(61, 'پترولوژی', '0000-00-00 00:00:00', '0000-00-00 00:00:00'),
(62, 'پژوهش علوم‌ اجتماعی‌', '0000-00-00 00:00:00', '0000-00-00 00:00:00'),
(63, 'پژوهش هنر', '0000-00-00 00:00:00', '0000-00-00 00:00:00'),
(64, 'تاریخ', '0000-00-00 00:00:00', '0000-00-00 00:00:00'),
(65, 'تاریخ اسناد و مدارک آرشیوی', '0000-00-00 00:00:00', '0000-00-00 00:00:00'),
(66, 'تاریخ ایران اسلامی', '0000-00-00 00:00:00', '0000-00-00 00:00:00'),
(67, 'تاریخ ایران باستان', '0000-00-00 00:00:00', '0000-00-00 00:00:00'),
(68, 'تاریخ علم', '0000-00-00 00:00:00', '0000-00-00 00:00:00'),
(69, 'تاریخ فرهنگ وتمدن‌ اسلامی‌', '0000-00-00 00:00:00', '0000-00-00 00:00:00'),
(70, 'تاریخ هنر جهان اسلام', '0000-00-00 00:00:00', '0000-00-00 00:00:00'),
(71, 'تاریخ و تمدن و انقلاب اسلامی', '0000-00-00 00:00:00', '0000-00-00 00:00:00'),
(72, 'تاریخ وفلسفه آموزش و پرورش', '0000-00-00 00:00:00', '0000-00-00 00:00:00'),
(73, 'تحقیقات آموزشی', '0000-00-00 00:00:00', '0000-00-00 00:00:00'),
(74, 'تربیت‌ بدنی‌ و علوم‌ ورزشی‌', '0000-00-00 00:00:00', '0000-00-00 00:00:00'),
(75, 'تربیت بدنی وعلوم ورزشی', '0000-00-00 00:00:00', '0000-00-00 00:00:00'),
(76, 'تصویرسازی', '0000-00-00 00:00:00', '0000-00-00 00:00:00'),
(77, 'توسعه اقتصادی وبرنامه ریزی', '0000-00-00 00:00:00', '0000-00-00 00:00:00'),
(78, 'توسعه کارآفرینی', '0000-00-00 00:00:00', '0000-00-00 00:00:00'),
(79, 'جامعه‌ شناسی‌', '0000-00-00 00:00:00', '0000-00-00 00:00:00'),
(80, 'جغرافیا', '0000-00-00 00:00:00', '0000-00-00 00:00:00'),
(81, 'جغرافیا و برنامه ریزی روستایی', '0000-00-00 00:00:00', '0000-00-00 00:00:00'),
(82, 'جغرافیا و برنامه ریزی روستائی', '0000-00-00 00:00:00', '0000-00-00 00:00:00'),
(83, 'جغرافیا و برنامه ریزی شهری', '0000-00-00 00:00:00', '0000-00-00 00:00:00'),
(84, 'جغرافیا و برنامه ریزی گردشگری', '0000-00-00 00:00:00', '0000-00-00 00:00:00'),
(85, 'جغرافیای‌ انسانی‌', '0000-00-00 00:00:00', '0000-00-00 00:00:00'),
(86, 'جغرافیای سیاسی', '0000-00-00 00:00:00', '0000-00-00 00:00:00'),
(87, 'جغرافیای‌ طبیعی‌', '0000-00-00 00:00:00', '0000-00-00 00:00:00'),
(88, 'چینه نگاری و دیرینه شناسی', '0000-00-00 00:00:00', '0000-00-00 00:00:00'),
(89, 'حسابداری‌', '0000-00-00 00:00:00', '0000-00-00 00:00:00'),
(90, 'حسابرسی', '0000-00-00 00:00:00', '0000-00-00 00:00:00'),
(91, 'حشره شناسی و بیماریهای گیاهی', '0000-00-00 00:00:00', '0000-00-00 00:00:00'),
(92, 'حقوق بشر', '0000-00-00 00:00:00', '0000-00-00 00:00:00'),
(93, 'حقوق بین الملل', '0000-00-00 00:00:00', '0000-00-00 00:00:00'),
(94, 'حقوق پزشکی', '0000-00-00 00:00:00', '0000-00-00 00:00:00'),
(95, 'حقوق تجارت بین الملل', '0000-00-00 00:00:00', '0000-00-00 00:00:00'),
(96, 'حقوق تجاری', '0000-00-00 00:00:00', '0000-00-00 00:00:00'),
(97, 'حقوق تجاری اقتصادی بین المللی', '0000-00-00 00:00:00', '0000-00-00 00:00:00'),
(98, 'حقوق ثبت اسناد و املاک', '0000-00-00 00:00:00', '0000-00-00 00:00:00'),
(99, 'حقوق جزا', '0000-00-00 00:00:00', '0000-00-00 00:00:00'),
(100, 'حقوق جزا و جرم شناسی', '0000-00-00 00:00:00', '0000-00-00 00:00:00'),
(101, 'حقوق خصوصی', '0000-00-00 00:00:00', '0000-00-00 00:00:00'),
(102, 'حقوق‌ خصوصی‌ و اسلامی', '0000-00-00 00:00:00', '0000-00-00 00:00:00'),
(103, 'حقوق‌ عمومی‌', '0000-00-00 00:00:00', '0000-00-00 00:00:00'),
(104, 'حقوق کیفری و جرم شناسی', '0000-00-00 00:00:00', '0000-00-00 00:00:00'),
(105, 'حقوق مالکیت فکری', '0000-00-00 00:00:00', '0000-00-00 00:00:00'),
(106, 'حقوق نفت و گاز', '0000-00-00 00:00:00', '0000-00-00 00:00:00'),
(107, 'حقوق هوایی', '0000-00-00 00:00:00', '0000-00-00 00:00:00'),
(108, 'حقوق‌ و علوم‌ سیاسی‌', '0000-00-00 00:00:00', '0000-00-00 00:00:00'),
(109, 'دامپزشکی‌', '0000-00-00 00:00:00', '0000-00-00 00:00:00'),
(110, 'دانش اجتماعی مسلمین', '0000-00-00 00:00:00', '0000-00-00 00:00:00'),
(111, 'رسوب شناسی و سنگ شناسی رسوبی', '0000-00-00 00:00:00', '0000-00-00 00:00:00'),
(112, 'رفتار حرکتی', '0000-00-00 00:00:00', '0000-00-00 00:00:00'),
(113, 'رفتار حرکتی ', '0000-00-00 00:00:00', '0000-00-00 00:00:00'),
(114, 'روابط بین الملل', '0000-00-00 00:00:00', '0000-00-00 00:00:00'),
(115, 'روابط‌ بین‌ المللی‌', '0000-00-00 00:00:00', '0000-00-00 00:00:00'),
(116, 'روانشناسی‌', '0000-00-00 00:00:00', '0000-00-00 00:00:00'),
(117, 'روانشناسی بالینِی', '0000-00-00 00:00:00', '0000-00-00 00:00:00'),
(118, 'روانشناسی تربیتی', '0000-00-00 00:00:00', '0000-00-00 00:00:00'),
(119, 'روانشناسی تربیتی ومشاوره', '0000-00-00 00:00:00', '0000-00-00 00:00:00'),
(120, 'روانشناسی عمومی', '0000-00-00 00:00:00', '0000-00-00 00:00:00'),
(121, 'روانشناسی و آموزش کودکان استثنایی', '0000-00-00 00:00:00', '0000-00-00 00:00:00'),
(122, 'روانشناسی‌ و علوم‌ تربیتی‌', '0000-00-00 00:00:00', '0000-00-00 00:00:00'),
(123, 'روشها و برنامه‌ های‌ آموزشی‌', '0000-00-00 00:00:00', '0000-00-00 00:00:00'),
(124, 'ریاضی‌ کاربردی‌', '0000-00-00 00:00:00', '0000-00-00 00:00:00'),
(125, 'ریاضی‌محض‌', '0000-00-00 00:00:00', '0000-00-00 00:00:00'),
(126, 'زبان‌ آلمانی‌', '0000-00-00 00:00:00', '0000-00-00 00:00:00'),
(127, 'زبان‌ روسی‌', '0000-00-00 00:00:00', '0000-00-00 00:00:00'),
(128, 'زبان و ادبیات اردو', '0000-00-00 00:00:00', '0000-00-00 00:00:00'),
(129, 'زبان‌ و ادبیات انگلیسی‌', '0000-00-00 00:00:00', '0000-00-00 00:00:00'),
(130, 'زبان و ادبیات آلمانی', '0000-00-00 00:00:00', '0000-00-00 00:00:00'),
(131, 'زبان و ادبیات روسی', '0000-00-00 00:00:00', '0000-00-00 00:00:00'),
(132, 'زبان و ادبیات عرب', '0000-00-00 00:00:00', '0000-00-00 00:00:00'),
(133, 'زبان‌ و ادبیات‌ عربی', '0000-00-00 00:00:00', '0000-00-00 00:00:00'),
(134, 'زبان و ادبیات فارسی', '0000-00-00 00:00:00', '0000-00-00 00:00:00'),
(135, 'زبان‌ و ادبیات فرانسه‌', '0000-00-00 00:00:00', '0000-00-00 00:00:00'),
(136, 'زبان و ادبیات فرانسه گرایش ادبی', '0000-00-00 00:00:00', '0000-00-00 00:00:00'),
(137, 'زبانشناسی رایانشی', '0000-00-00 00:00:00', '0000-00-00 00:00:00'),
(138, 'زبانشناسی‌ همگانی‌', '0000-00-00 00:00:00', '0000-00-00 00:00:00'),
(139, 'زبانها و ادبیات‌ خارجی‌', '0000-00-00 00:00:00', '0000-00-00 00:00:00'),
(140, 'زمین شناسی', '0000-00-00 00:00:00', '0000-00-00 00:00:00'),
(141, 'زمین شناسی اقتصادی', '0000-00-00 00:00:00', '0000-00-00 00:00:00'),
(142, 'زمین شناسی مهندسی', '0000-00-00 00:00:00', '0000-00-00 00:00:00'),
(143, 'زیست شناسی', '0000-00-00 00:00:00', '0000-00-00 00:00:00'),
(144, 'زیست شناسی دریا ', '0000-00-00 00:00:00', '0000-00-00 00:00:00'),
(145, 'زیست فناوری (بیوتکنولوژی) ', '0000-00-00 00:00:00', '0000-00-00 00:00:00'),
(146, 'زیست فناوری گرایش صنعت و محیط زیست', '0000-00-00 00:00:00', '0000-00-00 00:00:00'),
(147, 'زیست فناوری میکروبی', '0000-00-00 00:00:00', '0000-00-00 00:00:00'),
(148, 'ژئوفیزیک', '0000-00-00 00:00:00', '0000-00-00 00:00:00'),
(149, 'ژئومورفولوژی', '0000-00-00 00:00:00', '0000-00-00 00:00:00'),
(150, 'سایر زبانهای خارجی', '0000-00-00 00:00:00', '0000-00-00 00:00:00'),
(151, 'سم شناسی', '0000-00-00 00:00:00', '0000-00-00 00:00:00'),
(152, 'سنجش از دور و GIS', '0000-00-00 00:00:00', '0000-00-00 00:00:00'),
(153, 'سنجش از دور و سیستم اطلاعات جغرافیایی ', '0000-00-00 00:00:00', '0000-00-00 00:00:00'),
(154, 'سنجش از دور وسیستم اطلاعات جغرافیایی', '0000-00-00 00:00:00', '0000-00-00 00:00:00'),
(155, 'سینما', '0000-00-00 00:00:00', '0000-00-00 00:00:00'),
(156, 'شهرسازی طراحی شهری', '0000-00-00 00:00:00', '0000-00-00 00:00:00'),
(157, 'شیعه شناسی', '0000-00-00 00:00:00', '0000-00-00 00:00:00'),
(158, 'شیمی', '0000-00-00 00:00:00', '0000-00-00 00:00:00'),
(159, 'شیمی آلی', '0000-00-00 00:00:00', '0000-00-00 00:00:00'),
(160, 'شیمی تجزیه', '0000-00-00 00:00:00', '0000-00-00 00:00:00'),
(161, 'شیمی فیزیک', '0000-00-00 00:00:00', '0000-00-00 00:00:00'),
(162, 'شیمی کاربردی', '0000-00-00 00:00:00', '0000-00-00 00:00:00'),
(163, 'شیمی معدنی', '0000-00-00 00:00:00', '0000-00-00 00:00:00'),
(164, 'طراحی شهری', '0000-00-00 00:00:00', '0000-00-00 00:00:00'),
(165, 'طراحی صنعتی', '0000-00-00 00:00:00', '0000-00-00 00:00:00'),
(166, 'عکاسی', '0000-00-00 00:00:00', '0000-00-00 00:00:00'),
(167, 'علم اطلاعات و دانش شناسی', '0000-00-00 00:00:00', '0000-00-00 00:00:00'),
(168, 'علم سنجی', '0000-00-00 00:00:00', '0000-00-00 00:00:00'),
(169, 'علوم‌ اجتماعی‌', '0000-00-00 00:00:00', '0000-00-00 00:00:00'),
(170, 'علوم اجتماعی  مردم شناسی', '0000-00-00 00:00:00', '0000-00-00 00:00:00'),
(171, 'علوم اجتماعی اسلامی', '0000-00-00 00:00:00', '0000-00-00 00:00:00'),
(172, 'علوم اجتماعی و رفتاری', '0000-00-00 00:00:00', '0000-00-00 00:00:00'),
(173, 'علوم ارتباطات اجتماعی', '0000-00-00 00:00:00', '0000-00-00 00:00:00'),
(174, 'علوم اطلاعات و دانش شناسی', '0000-00-00 00:00:00', '0000-00-00 00:00:00'),
(175, 'علوم اقتصادی', '0000-00-00 00:00:00', '0000-00-00 00:00:00'),
(176, 'علوم انسانی', '0000-00-00 00:00:00', '0000-00-00 00:00:00'),
(177, 'علوم باغبانی', '0000-00-00 00:00:00', '0000-00-00 00:00:00'),
(178, 'علوم پایه', '0000-00-00 00:00:00', '0000-00-00 00:00:00'),
(179, 'علوم تربیتی', '0000-00-00 00:00:00', '0000-00-00 00:00:00'),
(180, 'علوم تصمیم و مهندسی دانش', '0000-00-00 00:00:00', '0000-00-00 00:00:00'),
(181, 'علوم خاک', '0000-00-00 00:00:00', '0000-00-00 00:00:00'),
(182, 'علوم دام و طیور', '0000-00-00 00:00:00', '0000-00-00 00:00:00'),
(183, 'علوم دامی', '0000-00-00 00:00:00', '0000-00-00 00:00:00'),
(184, 'علوم دریایی و اقیانوسی', '0000-00-00 00:00:00', '0000-00-00 00:00:00'),
(185, 'علوم زراعی و اصلاح نباتات', '0000-00-00 00:00:00', '0000-00-00 00:00:00'),
(186, 'علوم‌ سیاسی‌', '0000-00-00 00:00:00', '0000-00-00 00:00:00'),
(187, 'علوم فنون', '0000-00-00 00:00:00', '0000-00-00 00:00:00'),
(188, 'علوم‌ قران‌ وحدیث‌', '0000-00-00 00:00:00', '0000-00-00 00:00:00'),
(189, 'علوم قرآن و حدیث', '0000-00-00 00:00:00', '0000-00-00 00:00:00'),
(190, 'علوم کامپیوتر', '0000-00-00 00:00:00', '0000-00-00 00:00:00'),
(191, 'علوم محیط زیست', '0000-00-00 00:00:00', '0000-00-00 00:00:00'),
(192, 'علوم و تکنولوژی بذر', '0000-00-00 00:00:00', '0000-00-00 00:00:00'),
(193, 'علوم و صنایع غذایی', '0000-00-00 00:00:00', '0000-00-00 00:00:00'),
(194, 'علوم و فناوری شبکه', '0000-00-00 00:00:00', '0000-00-00 00:00:00'),
(195, 'علوم و فنون نوین', '0000-00-00 00:00:00', '0000-00-00 00:00:00'),
(196, 'علوم و مهندسی صنایع غذایی', '0000-00-00 00:00:00', '0000-00-00 00:00:00'),
(197, 'علوم وفناوری نانو', '0000-00-00 00:00:00', '0000-00-00 00:00:00'),
(198, 'فرهنگ و زبانهای باستانی', '0000-00-00 00:00:00', '0000-00-00 00:00:00'),
(199, 'فرهنگ‌ وزبانهای‌ باستانی‌', '0000-00-00 00:00:00', '0000-00-00 00:00:00'),
(200, 'فقه‌ شافعی‌', '0000-00-00 00:00:00', '0000-00-00 00:00:00'),
(201, 'فقه و حقوق اقتصادی', '0000-00-00 00:00:00', '0000-00-00 00:00:00'),
(202, 'فقه‌ و مبانی‌ حقوق‌ اسلامی‌', '0000-00-00 00:00:00', '0000-00-00 00:00:00'),
(203, 'فلسفه‌', '0000-00-00 00:00:00', '0000-00-00 00:00:00'),
(204, 'فلسفه دین', '0000-00-00 00:00:00', '0000-00-00 00:00:00'),
(205, 'فلسفه علوم اجتماعی', '0000-00-00 00:00:00', '0000-00-00 00:00:00'),
(206, 'فلسفه و کلام اسلامی', '0000-00-00 00:00:00', '0000-00-00 00:00:00'),
(207, 'فناوری معماری', '0000-00-00 00:00:00', '0000-00-00 00:00:00'),
(208, 'فنی', '0000-00-00 00:00:00', '0000-00-00 00:00:00'),
(209, 'فنی‌ کشاورزی‌', '0000-00-00 00:00:00', '0000-00-00 00:00:00'),
(210, 'فنی و مهندسی', '0000-00-00 00:00:00', '0000-00-00 00:00:00'),
(211, 'فیتوشیمی', '0000-00-00 00:00:00', '0000-00-00 00:00:00'),
(212, 'فیزیک', '0000-00-00 00:00:00', '0000-00-00 00:00:00'),
(213, 'فیزیک‌ زمین‌', '0000-00-00 00:00:00', '0000-00-00 00:00:00'),
(214, 'فیزیک‌ فضا', '0000-00-00 00:00:00', '0000-00-00 00:00:00'),
(215, 'فیزیولوژی‌ ورزشی‌', '0000-00-00 00:00:00', '0000-00-00 00:00:00'),
(216, 'کارآفرینی', '0000-00-00 00:00:00', '0000-00-00 00:00:00'),
(217, 'کارآفرینی در فناوری', '0000-00-00 00:00:00', '0000-00-00 00:00:00'),
(218, 'کارآفرینی سازمانی', '0000-00-00 00:00:00', '0000-00-00 00:00:00'),
(219, 'کارگردانی', '0000-00-00 00:00:00', '0000-00-00 00:00:00'),
(220, 'کتابداری', '0000-00-00 00:00:00', '0000-00-00 00:00:00'),
(221, 'کسب و کار الکترونیکی', '0000-00-00 00:00:00', '0000-00-00 00:00:00'),
(222, 'کشاورزی و منابع طبیعی', '0000-00-00 00:00:00', '0000-00-00 00:00:00'),
(223, 'کلام امامیه', '0000-00-00 00:00:00', '0000-00-00 00:00:00'),
(224, 'کلام و فلسفه اسلامی‌', '0000-00-00 00:00:00', '0000-00-00 00:00:00'),
(225, 'مالی', '0000-00-00 00:00:00', '0000-00-00 00:00:00'),
(226, 'مبانی‌ فلسفی و ‌اجتماعی‌آموزش پر ورش', '0000-00-00 00:00:00', '0000-00-00 00:00:00'),
(227, 'مبانی نظری اسلام', '0000-00-00 00:00:00', '0000-00-00 00:00:00'),
(228, 'مبانی‌علوم‌انسانی‌', '0000-00-00 00:00:00', '0000-00-00 00:00:00'),
(229, 'مترجمی زبان انگلیسی', '0000-00-00 00:00:00', '0000-00-00 00:00:00'),
(230, 'مترجمی زبان آلمانی', '0000-00-00 00:00:00', '0000-00-00 00:00:00'),
(231, 'مترجمی زبان عربی', '0000-00-00 00:00:00', '0000-00-00 00:00:00'),
(232, 'مترجمی زبان فرانسه', '0000-00-00 00:00:00', '0000-00-00 00:00:00'),
(233, 'محیط‌ زیست‌', '0000-00-00 00:00:00', '0000-00-00 00:00:00'),
(234, 'مخاطرات محیطی', '0000-00-00 00:00:00', '0000-00-00 00:00:00'),
(235, 'مدرسی معارف اسلامی', '0000-00-00 00:00:00', '0000-00-00 00:00:00'),
(236, 'مدیریت', '0000-00-00 00:00:00', '0000-00-00 00:00:00'),
(237, 'مدیریت MBA', '0000-00-00 00:00:00', '0000-00-00 00:00:00'),
(238, 'مدیریت اجرایی', '0000-00-00 00:00:00', '0000-00-00 00:00:00'),
(239, 'مدیریت امور شهری', '0000-00-00 00:00:00', '0000-00-00 00:00:00'),
(240, 'مدیریت آموزشی', '0000-00-00 00:00:00', '0000-00-00 00:00:00'),
(241, 'مدیریت بازرگانی', '0000-00-00 00:00:00', '0000-00-00 00:00:00'),
(242, 'مدیریت پروژه', '0000-00-00 00:00:00', '0000-00-00 00:00:00'),
(243, 'مدیریت‌ پروژه‌ و ساخت‌', '0000-00-00 00:00:00', '0000-00-00 00:00:00'),
(244, 'مدیریت تکنولوژی', '0000-00-00 00:00:00', '0000-00-00 00:00:00'),
(245, 'مدیریت جهانگردی', '0000-00-00 00:00:00', '0000-00-00 00:00:00'),
(246, 'مدیریت در سازمان با رویکرد اسلامی', '0000-00-00 00:00:00', '0000-00-00 00:00:00'),
(247, 'مدیریت در‌ سوانح طبیعی‌', '0000-00-00 00:00:00', '0000-00-00 00:00:00'),
(248, 'مدیریت دولتی', '0000-00-00 00:00:00', '0000-00-00 00:00:00'),
(249, 'مدیریت رسانه', '0000-00-00 00:00:00', '0000-00-00 00:00:00'),
(250, 'مدیریت سازمان های دولتی گرایش مالی و اقتصادی', '0000-00-00 00:00:00', '0000-00-00 00:00:00'),
(251, 'مدیریت شهری', '0000-00-00 00:00:00', '0000-00-00 00:00:00'),
(252, 'مدیریت صنعتی', '0000-00-00 00:00:00', '0000-00-00 00:00:00'),
(253, 'مدیریت عملیات', '0000-00-00 00:00:00', '0000-00-00 00:00:00'),
(254, 'مدیریت فن آوری اطلاعات', '0000-00-00 00:00:00', '0000-00-00 00:00:00'),
(255, 'مدیریت فناوری اطلاعات', '0000-00-00 00:00:00', '0000-00-00 00:00:00'),
(256, 'مدیریت کارآفرینی', '0000-00-00 00:00:00', '0000-00-00 00:00:00'),
(257, 'مدیریت کسب و کار MBA', '0000-00-00 00:00:00', '0000-00-00 00:00:00'),
(258, 'مدیریت مالی', '0000-00-00 00:00:00', '0000-00-00 00:00:00'),
(259, 'مدیریت مالی و بیمه', '0000-00-00 00:00:00', '0000-00-00 00:00:00'),
(260, 'مدیریت منابع انسانی', '0000-00-00 00:00:00', '0000-00-00 00:00:00'),
(261, 'مدیریت منابع انسانی (آموزش محور)', '0000-00-00 00:00:00', '0000-00-00 00:00:00'),
(262, 'مدیریت و برنامه ریزی ورزشی', '0000-00-00 00:00:00', '0000-00-00 00:00:00'),
(263, 'مدیریت‌ و برنامه‌ریزی‌ آموزشی‌', '0000-00-00 00:00:00', '0000-00-00 00:00:00'),
(264, 'مدیریت ورزشی', '0000-00-00 00:00:00', '0000-00-00 00:00:00'),
(265, 'مدیریت ورزشی ', '0000-00-00 00:00:00', '0000-00-00 00:00:00'),
(266, 'مدیریتMBA', '0000-00-00 00:00:00', '0000-00-00 00:00:00'),
(267, 'مدیریت‌در سوانح ط‌بیعی‌', '0000-00-00 00:00:00', '0000-00-00 00:00:00'),
(268, 'مردم‌ شناسی‌', '0000-00-00 00:00:00', '0000-00-00 00:00:00'),
(269, 'مرکز تحقیقات بین المللی بیابان', '0000-00-00 00:00:00', '0000-00-00 00:00:00'),
(270, 'مرمت و احیای ابنیه و بافت های تاریخی', '0000-00-00 00:00:00', '0000-00-00 00:00:00'),
(271, 'مرمت‌ و احیای‌ بناها و بافتهای تاریخی‌', '0000-00-00 00:00:00', '0000-00-00 00:00:00'),
(272, 'مشاوره', '0000-00-00 00:00:00', '0000-00-00 00:00:00'),
(273, 'مشاوره خانواده', '0000-00-00 00:00:00', '0000-00-00 00:00:00'),
(274, 'مشاوره مدرسه', '0000-00-00 00:00:00', '0000-00-00 00:00:00'),
(275, 'مطالعات آمریکای شمالی', '0000-00-00 00:00:00', '0000-00-00 00:00:00'),
(276, 'مطالعات جهان', '0000-00-00 00:00:00', '0000-00-00 00:00:00'),
(277, 'مطالعات جهان (بین الملل)', '0000-00-00 00:00:00', '0000-00-00 00:00:00'),
(278, 'مطالعات منطقه ای', '0000-00-00 00:00:00', '0000-00-00 00:00:00'),
(279, 'معارف و اندیشه اسلامی', '0000-00-00 00:00:00', '0000-00-00 00:00:00'),
(280, 'معدن', '0000-00-00 00:00:00', '0000-00-00 00:00:00'),
(281, 'معماری داخلی', '0000-00-00 00:00:00', '0000-00-00 00:00:00'),
(282, 'معماری‌ منظ‌ر', '0000-00-00 00:00:00', '0000-00-00 00:00:00'),
(283, 'معماری و هنر', '0000-00-00 00:00:00', '0000-00-00 00:00:00'),
(284, 'مهندسی اقتصاد کشاورزی ', '0000-00-00 00:00:00', '0000-00-00 00:00:00'),
(285, 'مهندسی اقتصادکشاورزی', '0000-00-00 00:00:00', '0000-00-00 00:00:00'),
(286, 'مهندسی اکتشاف‌ نفت‌', '0000-00-00 00:00:00', '0000-00-00 00:00:00'),
(287, 'مهندسی انرژیهای تجدید پذیر', '0000-00-00 00:00:00', '0000-00-00 00:00:00'),
(288, 'مهندسی انرژیهای جدید پذیر', '0000-00-00 00:00:00', '0000-00-00 00:00:00'),
(289, 'مهندسی آینده پژوهی', '0000-00-00 00:00:00', '0000-00-00 00:00:00'),
(290, 'مهندسی بافت', '0000-00-00 00:00:00', '0000-00-00 00:00:00'),
(291, 'مهندسی برق', '0000-00-00 00:00:00', '0000-00-00 00:00:00'),
(292, 'مهندسی پزشکی', '0000-00-00 00:00:00', '0000-00-00 00:00:00'),
(293, 'مهندسی پلیمر', '0000-00-00 00:00:00', '0000-00-00 00:00:00'),
(294, 'مهندسی تولیدات گیاهی', '0000-00-00 00:00:00', '0000-00-00 00:00:00'),
(295, 'مهندسی داروسازی', '0000-00-00 00:00:00', '0000-00-00 00:00:00'),
(296, 'مهندسی سیستم های انرژی', '0000-00-00 00:00:00', '0000-00-00 00:00:00'),
(297, 'مهندسی سیستم های میکرو نانو الکترومکانیک', '0000-00-00 00:00:00', '0000-00-00 00:00:00'),
(298, 'مهندسی‌ سیستمهای‌اقتصادی‌ اجتماعی', '0000-00-00 00:00:00', '0000-00-00 00:00:00'),
(299, 'مهندسی شیمی', '0000-00-00 00:00:00', '0000-00-00 00:00:00'),
(300, 'مهندسی شیمی فرآوری و انتقال گاز', '0000-00-00 00:00:00', '0000-00-00 00:00:00'),
(301, 'مهندسی صنایع', '0000-00-00 00:00:00', '0000-00-00 00:00:00'),
(302, 'مهندسی صنایع ', '0000-00-00 00:00:00', '0000-00-00 00:00:00'),
(303, 'مهندسی طبیعت', '0000-00-00 00:00:00', '0000-00-00 00:00:00'),
(304, 'مهندسی طراحی محیط زیست', '0000-00-00 00:00:00', '0000-00-00 00:00:00'),
(305, 'مهندسی علوم زیستی', '0000-00-00 00:00:00', '0000-00-00 00:00:00'),
(306, 'مهندسی عمران ', '0000-00-00 00:00:00', '0000-00-00 00:00:00'),
(307, 'مهندسی فرآوری و انتقال گاز', '0000-00-00 00:00:00', '0000-00-00 00:00:00'),
(308, 'مهندسی فضای سبز', '0000-00-00 00:00:00', '0000-00-00 00:00:00'),
(309, 'مهندسی فناوری اطلاعات', '0000-00-00 00:00:00', '0000-00-00 00:00:00'),
(310, 'مهندسی فناوری اطلاعات (IT)', '0000-00-00 00:00:00', '0000-00-00 00:00:00'),
(311, 'مهندسی فناوری اطلاعات پزشکی', '0000-00-00 00:00:00', '0000-00-00 00:00:00'),
(312, 'مهندسی فناوری ماهواره', '0000-00-00 00:00:00', '0000-00-00 00:00:00'),
(313, 'مهندسی کامپیوتر', '0000-00-00 00:00:00', '0000-00-00 00:00:00'),
(314, 'مهندسی کشاورزی', '0000-00-00 00:00:00', '0000-00-00 00:00:00'),
(315, 'مهندسی مالی', '0000-00-00 00:00:00', '0000-00-00 00:00:00'),
(316, 'مهندسی‌ محیط‌ زیست‌', '0000-00-00 00:00:00', '0000-00-00 00:00:00'),
(317, 'مهندسی معدن‌', '0000-00-00 00:00:00', '0000-00-00 00:00:00'),
(318, 'مهندسی معماری', '0000-00-00 00:00:00', '0000-00-00 00:00:00'),
(319, 'مهندسی معماری منظر', '0000-00-00 00:00:00', '0000-00-00 00:00:00'),
(320, 'مهندسی مکاترونیک', '0000-00-00 00:00:00', '0000-00-00 00:00:00'),
(321, 'مهندسی مکانیزاسیون کشاورزی', '0000-00-00 00:00:00', '0000-00-00 00:00:00'),
(322, 'مهندسی مکانیک', '0000-00-00 00:00:00', '0000-00-00 00:00:00'),
(323, 'مهندسی مکانیک بیوسیستم', '0000-00-00 00:00:00', '0000-00-00 00:00:00'),
(324, 'مهندسی مکانیک تبدیل انرژی', '0000-00-00 00:00:00', '0000-00-00 00:00:00'),
(325, 'مهندسی مکانیک طراحی کاربردی', '0000-00-00 00:00:00', '0000-00-00 00:00:00'),
(326, 'مهندسی منابع طبیعی', '0000-00-00 00:00:00', '0000-00-00 00:00:00'),
(327, 'مهندسی منابع طبیعی همزیستی با بیابان', '0000-00-00 00:00:00', '0000-00-00 00:00:00'),
(328, 'مهندسی‌ مواد', '0000-00-00 00:00:00', '0000-00-00 00:00:00'),
(329, 'مهندسی نفت', '0000-00-00 00:00:00', '0000-00-00 00:00:00'),
(330, 'مهندسی نقشه برداری', '0000-00-00 00:00:00', '0000-00-00 00:00:00'),
(331, 'مهندسی هوا فضا ', '0000-00-00 00:00:00', '0000-00-00 00:00:00'),
(332, 'موسیقی شناسی (اتنوموزیکولوژی)', '0000-00-00 00:00:00', '0000-00-00 00:00:00'),
(333, 'نانوبیوتکنولوژی', '0000-00-00 00:00:00', '0000-00-00 00:00:00'),
(334, 'نانوشیمی', '0000-00-00 00:00:00', '0000-00-00 00:00:00'),
(335, 'نقاشی', '0000-00-00 00:00:00', '0000-00-00 00:00:00'),
(336, 'نمایش تئاتر', '0000-00-00 00:00:00', '0000-00-00 00:00:00'),
(337, 'نمایش عروسکی‌', '0000-00-00 00:00:00', '0000-00-00 00:00:00'),
(338, 'نوازندگی ساز جهانی', '0000-00-00 00:00:00', '0000-00-00 00:00:00'),
(339, 'نوازندگی موسیقی ایرانی', '0000-00-00 00:00:00', '0000-00-00 00:00:00'),
(340, 'نوازندگی موسیقی جهانی', '0000-00-00 00:00:00', '0000-00-00 00:00:00'),
(341, 'هنرهای زیبا', '0000-00-00 00:00:00', '0000-00-00 00:00:00'),
(342, 'هوا و فضا', '0000-00-00 00:00:00', '0000-00-00 00:00:00'),
(343, 'هواشناسی‌', '0000-00-00 00:00:00', '0000-00-00 00:00:00');

-- --------------------------------------------------------

--
-- Table structure for table `groups`
--

CREATE TABLE `groups` (
  `id` int(10) UNSIGNED NOT NULL,
  `name` varchar(255) COLLATE utf8_unicode_ci NOT NULL,
  `deleted_at` timestamp NULL DEFAULT NULL,
  `created_at` timestamp NULL DEFAULT NULL,
  `updated_at` timestamp NULL DEFAULT NULL
) ENGINE=MyISAM DEFAULT CHARSET=utf8 COLLATE=utf8_unicode_ci;

--
-- Dumping data for table `groups`
--

INSERT INTO `groups` (`id`, `name`, `deleted_at`, `created_at`, `updated_at`) VALUES
(1, ' علوم انسانی، زبانهای خارجی،\n  علوم اجتماعی، اقتصاد', NULL, '0000-00-00 00:00:00', '0000-00-00 00:00:00'),
(2, 'برق', NULL, '0000-00-00 00:00:00', '0000-00-00 00:00:00'),
(3, 'پزشکی', NULL, '0000-00-00 00:00:00', '0000-00-00 00:00:00'),
(4, 'علوم پایه، فتونیک و تربیت بدنی', NULL, '0000-00-00 00:00:00', '0000-00-00 00:00:00'),
(5, 'عمران', NULL, '0000-00-00 00:00:00', '0000-00-00 00:00:00'),
(6, 'کامپیوتر و IT', NULL, '0000-00-00 00:00:00', '0000-00-00 00:00:00'),
(7, 'کشاورزی', NULL, '0000-00-00 00:00:00', '0000-00-00 00:00:00'),
(8, 'مدیریت و مهندسی صنایع', NULL, '0000-00-00 00:00:00', '0000-00-00 00:00:00'),
(9, 'مکانیک و متالوژی و هوافضا', NULL, '0000-00-00 00:00:00', '0000-00-00 00:00:00');

-- --------------------------------------------------------

--
-- Table structure for table `letters`
--

CREATE TABLE `letters` (
  `id` int(10) UNSIGNED NOT NULL,
  `number` varchar(255) COLLATE utf8_unicode_ci NOT NULL,
  `date` varchar(255) COLLATE utf8_unicode_ci NOT NULL,
  `mozo` varchar(255) COLLATE utf8_unicode_ci NOT NULL,
  `lettertype_id` int(10) UNSIGNED NOT NULL,
  `body` varchar(255) COLLATE utf8_unicode_ci NOT NULL,
  `description` varchar(255) COLLATE utf8_unicode_ci NOT NULL,
  `az` varchar(255) COLLATE utf8_unicode_ci NOT NULL,
  `be` varchar(255) COLLATE utf8_unicode_ci NOT NULL,
  `project_id` int(10) UNSIGNED NOT NULL,
  `attachment` int(11) NOT NULL,
  `photo_id` int(10) UNSIGNED NOT NULL,
  `deleted_at` timestamp NULL DEFAULT NULL,
  `created_at` timestamp NULL DEFAULT NULL,
  `updated_at` timestamp NULL DEFAULT NULL
) ENGINE=MyISAM DEFAULT CHARSET=utf8 COLLATE=utf8_unicode_ci;

--
-- Dumping data for table `letters`
--

INSERT INTO `letters` (`id`, `number`, `date`, `mozo`, `lettertype_id`, `body`, `description`, `az`, `be`, `project_id`, `attachment`, `photo_id`, `deleted_at`, `created_at`, `updated_at`) VALUES
(22, '23432q', '1396/01/30', 'lekfj', 1, 'lkjl', '\'l\';l\';llkjlkj', 'fklsdf', 'lkjdf', 6, 0, 0, NULL, '2017-04-19 09:53:39', '2017-04-19 09:53:39'),
(1, '213', '1396/01/30', '', 1, '', '', '', '', 6, 0, 0, NULL, '2017-04-18 19:49:49', '2017-04-18 19:49:49'),
(20, '1231', '1396/01/30', '', 1, '', '', '', '', 3, 0, 0, NULL, '2017-04-18 19:48:05', '2017-04-18 19:48:05'),
(17, '', '', '', 1, '', '', '', '', 5, 0, 0, NULL, '2017-04-18 19:24:20', '2017-04-18 19:24:20'),
(19, '342319', '1396/01/30', '', 1, '', '', '', '', 6, 0, 0, NULL, '2017-04-18 19:45:27', '2017-04-18 19:45:27'),
(18, '', '', '', 1, '', '', '', '', 6, 0, 0, NULL, '2017-04-18 19:45:27', '2017-04-18 19:45:27'),
(12, '', '', '', 1, '', '', '', '', 5, 0, 0, NULL, '2017-04-17 17:24:55', '2017-04-17 17:24:55'),
(11, '', '', '', 1, '', '', '', '', 5, 0, 0, NULL, '2017-04-17 17:15:24', '2017-04-17 17:15:24'),
(23, '23432q', '1396/01/30', 'lekfj', 2, 'lkjl', '\'l\';l\';llkjlkj', 'fklsdf', 'lkjdf', 6, 0, 0, NULL, '2017-04-19 09:55:01', '2017-04-19 09:55:01'),
(24, '23432q', '1396/01/30', 'lekfj', 2, 'lkjl', '\'l\';l\';llkjlkj', 'fklsdf', 'lkjdf', 6, 0, 0, NULL, '2017-04-19 09:55:51', '2017-04-19 09:55:51'),
(25, 'dfs34', '1396/01/30', 'sdfsd', 1, 'asd', 'asd', '234', 'cxvxcdfds', 4, 0, 0, NULL, '2017-04-19 09:56:37', '2017-04-19 09:56:37'),
(26, 'م-322/232', '1396/01/30', 'آجا', 2, 'کاجا', 'ندارد', 'ناجا', 'پداجا', 12, 1, 0, NULL, '2017-04-19 13:11:29', '2017-04-19 13:11:29'),
(27, '11111', '1396/01/30', 'طرح', 3, 'طرح تحقیقاتی', 'ندارد', 'ایران', 'ایرانی', 14, 1, 0, NULL, '2017-04-19 17:08:19', '2017-04-19 17:08:19'),
(28, '222', '1396/01/30', 'lkj', 1, '', 'wqe', 'lkjlkj', 'mn,n', 15, 3, 0, NULL, '2017-04-19 17:23:21', '2017-04-19 17:23:21'),
(29, '', '', 'موضوع ندارد', 2, 'محتوا ندارد', 'توضیحی ندارد', 'ایران', 'ایرانی', 6, 1, 0, NULL, '2017-04-20 06:32:02', '2017-04-20 06:32:02'),
(30, '', '', 'موضوع ندارد', 3, '', 'ندارد', 'ایران', 'ایرانی', 15, 0, 0, NULL, '2017-04-20 06:35:39', '2017-04-20 06:35:39'),
(31, '', '', '', 2, '', '', '', '', 15, 0, 0, NULL, '2017-04-20 06:40:28', '2017-04-20 06:40:28'),
(32, '7687jhg', '', 'موضوع ندارد', 1, 'محتوا تستی', 'توضیحات تستی', 'تست از', 'به تست', 15, 0, 0, NULL, '2017-04-20 06:42:06', '2017-04-20 06:42:06');

-- --------------------------------------------------------

--
-- Table structure for table `lettertypes`
--

CREATE TABLE `lettertypes` (
  `id` int(10) UNSIGNED NOT NULL,
  `name` varchar(255) COLLATE utf8_unicode_ci NOT NULL,
  `created_at` timestamp NULL DEFAULT NULL,
  `updated_at` timestamp NULL DEFAULT NULL
) ENGINE=MyISAM DEFAULT CHARSET=utf8 COLLATE=utf8_unicode_ci;

--
-- Dumping data for table `lettertypes`
--

INSERT INTO `lettertypes` (`id`, `name`, `created_at`, `updated_at`) VALUES
(1, '10\r\n', NULL, NULL),
(2, '30', NULL, NULL),
(3, '60', NULL, NULL);

-- --------------------------------------------------------

--
-- Table structure for table `majors`
--

CREATE TABLE `majors` (
  `id` int(10) UNSIGNED NOT NULL,
  `name` varchar(255) COLLATE utf8_unicode_ci NOT NULL,
  `field_id` int(10) UNSIGNED NOT NULL,
  `created_at` timestamp NULL DEFAULT NULL,
  `updated_at` timestamp NULL DEFAULT NULL
) ENGINE=MyISAM DEFAULT CHARSET=utf8 COLLATE=utf8_unicode_ci;

--
-- Dumping data for table `majors`
--

INSERT INTO `majors` (`id`, `name`, `field_id`, `created_at`, `updated_at`) VALUES
(1, ' افزاره های میکرو و نانوالکترونیک', 1, '0000-00-00 00:00:00', '0000-00-00 00:00:00'),
(2, ' اقتصادکشاورزی تولیدوبازاریابی', 1, '0000-00-00 00:00:00', '0000-00-00 00:00:00'),
(3, ' ایرانشناسی عمومی', 1, '0000-00-00 00:00:00', '0000-00-00 00:00:00'),
(4, ' آئرودینامیک', 1, '0000-00-00 00:00:00', '0000-00-00 00:00:00'),
(5, ' بین الملل', 1, '0000-00-00 00:00:00', '0000-00-00 00:00:00'),
(6, ' پترولوژی', 1, '0000-00-00 00:00:00', '0000-00-00 00:00:00'),
(7, ' پژوهشگری علوم اجتماعی', 1, '0000-00-00 00:00:00', '0000-00-00 00:00:00'),
(8, ' سازه‌', 1, '0000-00-00 00:00:00', '0000-00-00 00:00:00'),
(9, ' سیستمهای قدرت', 1, '0000-00-00 00:00:00', '0000-00-00 00:00:00'),
(10, ' صنایع چوب', 1, '0000-00-00 00:00:00', '0000-00-00 00:00:00'),
(11, ' علوم سلولی وملکولی', 1, '0000-00-00 00:00:00', '0000-00-00 00:00:00'),
(12, ' مدارهای مجتمع الکترونیک', 1, '0000-00-00 00:00:00', '0000-00-00 00:00:00'),
(13, ' مرتعداری‌', 1, '0000-00-00 00:00:00', '0000-00-00 00:00:00'),
(14, 'MBA', 1, '0000-00-00 00:00:00', '0000-00-00 00:00:00'),
(15, 'اتمی‌ملکولی‌', 1, '0000-00-00 00:00:00', '0000-00-00 00:00:00'),
(16, 'اخلاق اسلامی', 1, '0000-00-00 00:00:00', '0000-00-00 00:00:00'),
(17, 'ادیان و عرفان', 1, '0000-00-00 00:00:00', '0000-00-00 00:00:00'),
(18, 'استخراج‌ فلزات‌', 1, '0000-00-00 00:00:00', '0000-00-00 00:00:00'),
(19, 'استخـراج ‌معدن‌', 1, '0000-00-00 00:00:00', '0000-00-00 00:00:00'),
(20, 'استراتژی', 1, '0000-00-00 00:00:00', '0000-00-00 00:00:00'),
(21, 'استراتژی های توسعه صنعتی', 1, '0000-00-00 00:00:00', '0000-00-00 00:00:00'),
(22, 'استراتژیک', 1, '0000-00-00 00:00:00', '0000-00-00 00:00:00'),
(23, 'اصلاح گیاهان باغبانی', 1, '0000-00-00 00:00:00', '0000-00-00 00:00:00'),
(24, 'اصلاح نباتات', 1, '0000-00-00 00:00:00', '0000-00-00 00:00:00'),
(25, 'اصلاح نژاد دام', 1, '0000-00-00 00:00:00', '0000-00-00 00:00:00'),
(26, 'اقتصاد فضا', 1, '0000-00-00 00:00:00', '0000-00-00 00:00:00'),
(27, 'اقتصاد منابع طبیعی و محیط زیست', 1, '0000-00-00 00:00:00', '0000-00-00 00:00:00'),
(28, 'اقتصاد نظری', 1, '0000-00-00 00:00:00', '0000-00-00 00:00:00'),
(29, 'اقتصادتولیدومدیریت واحدهای کشاورزی', 1, '0000-00-00 00:00:00', '0000-00-00 00:00:00'),
(30, 'اقتصادمحیط زیست', 1, '0000-00-00 00:00:00', '0000-00-00 00:00:00'),
(31, 'اقتصادی بین المللی', 1, '0000-00-00 00:00:00', '0000-00-00 00:00:00'),
(32, 'اکتشاف‌ معدن‌', 1, '0000-00-00 00:00:00', '0000-00-00 00:00:00'),
(33, 'الکترونیک- تکنولوژی نیمه هادی', 1, '0000-00-00 00:00:00', '0000-00-00 00:00:00'),
(34, 'الکترونیک قدرت و ماشین های الکتریکی', 1, '0000-00-00 00:00:00', '0000-00-00 00:00:00'),
(35, 'الکترونیک مدار وسیستم', 1, '0000-00-00 00:00:00', '0000-00-00 00:00:00'),
(36, 'امدادگر ورزشی', 1, '0000-00-00 00:00:00', '0000-00-00 00:00:00'),
(37, 'امنیت اطلاعات', 1, '0000-00-00 00:00:00', '0000-00-00 00:00:00'),
(38, 'انرژی', 1, '0000-00-00 00:00:00', '0000-00-00 00:00:00'),
(39, 'انرژی های تجدید پذیر', 1, '0000-00-00 00:00:00', '0000-00-00 00:00:00'),
(40, 'انرژی و محیط زیست', 1, '0000-00-00 00:00:00', '0000-00-00 00:00:00'),
(41, 'انقلاب اسلامی', 1, '0000-00-00 00:00:00', '0000-00-00 00:00:00'),
(42, 'آب و فاضلاب', 1, '0000-00-00 00:00:00', '0000-00-00 00:00:00'),
(43, 'آب و هواشناسی سینوپتیک', 1, '0000-00-00 00:00:00', '0000-00-00 00:00:00'),
(44, 'آب و هواشناسی شهری', 1, '0000-00-00 00:00:00', '0000-00-00 00:00:00'),
(45, 'آب و هواشناسی کشاورزی', 1, '0000-00-00 00:00:00', '0000-00-00 00:00:00'),
(46, 'آب و هواشناسی ماهواره ای', 1, '0000-00-00 00:00:00', '0000-00-00 00:00:00'),
(47, 'آب وفاضلاب', 1, '0000-00-00 00:00:00', '0000-00-00 00:00:00'),
(48, 'آبخیزداری', 1, '0000-00-00 00:00:00', '0000-00-00 00:00:00'),
(49, 'آبیاری و زهکشی', 1, '0000-00-00 00:00:00', '0000-00-00 00:00:00'),
(50, 'آبیاری وزهکشی', 1, '0000-00-00 00:00:00', '0000-00-00 00:00:00'),
(51, 'آسیب شناسی ورزشی و حرکات اصلاحی امدادگر ورزشی', 1, '0000-00-00 00:00:00', '0000-00-00 00:00:00'),
(52, 'آسیب شناسی ورزشی و حرکات اصلاحی حرکات اصلاحی', 1, '0000-00-00 00:00:00', '0000-00-00 00:00:00'),
(53, 'آسیب شناسی ورزشی وحرکات اصلاحی', 1, '0000-00-00 00:00:00', '0000-00-00 00:00:00'),
(54, 'آشنایی با منابع اسلامی', 1, '0000-00-00 00:00:00', '0000-00-00 00:00:00'),
(55, 'آلگوریتم ها و محاسبات', 1, '0000-00-00 00:00:00', '0000-00-00 00:00:00'),
(56, 'آلودگی هوا', 1, '0000-00-00 00:00:00', '0000-00-00 00:00:00'),
(57, 'آمایش شهری', 1, '0000-00-00 00:00:00', '0000-00-00 00:00:00'),
(58, 'آموزش', 1, '0000-00-00 00:00:00', '0000-00-00 00:00:00'),
(59, 'آموزش تربیت بدنی', 1, '0000-00-00 00:00:00', '0000-00-00 00:00:00'),
(60, 'آموزش کشاورزی', 1, '0000-00-00 00:00:00', '0000-00-00 00:00:00'),
(61, 'آموزش وترویج کارآفرینی', 1, '0000-00-00 00:00:00', '0000-00-00 00:00:00'),
(62, 'بازار یابی محصولات کشاورزی', 1, '0000-00-00 00:00:00', '0000-00-00 00:00:00'),
(63, 'بازاریابی', 1, '0000-00-00 00:00:00', '0000-00-00 00:00:00'),
(64, 'بازاریابی بین المللی', 1, '0000-00-00 00:00:00', '0000-00-00 00:00:00'),
(65, 'بازاریابی جهانگردی', 1, '0000-00-00 00:00:00', '0000-00-00 00:00:00'),
(66, 'بازرگانی بین الملل', 1, '0000-00-00 00:00:00', '0000-00-00 00:00:00'),
(67, 'بازرگانی بین المللی', 1, '0000-00-00 00:00:00', '0000-00-00 00:00:00'),
(68, 'بخش عمومی', 1, '0000-00-00 00:00:00', '0000-00-00 00:00:00'),
(69, 'برنامه ریزی', 1, '0000-00-00 00:00:00', '0000-00-00 00:00:00'),
(70, 'برنامه ریزی اجتماعی', 1, '0000-00-00 00:00:00', '0000-00-00 00:00:00'),
(71, 'برنامه ریزی درسی', 1, '0000-00-00 00:00:00', '0000-00-00 00:00:00'),
(72, 'برنامه ریزی رفاه اجتماعی', 1, '0000-00-00 00:00:00', '0000-00-00 00:00:00'),
(73, 'برنامه ریزی سیستم های انرژی', 1, '0000-00-00 00:00:00', '0000-00-00 00:00:00'),
(74, 'برنامه ریزی گردشگری (منطقه ای)', 1, '0000-00-00 00:00:00', '0000-00-00 00:00:00'),
(75, 'برنامه ریزی گردشگری منطقه ای', 1, '0000-00-00 00:00:00', '0000-00-00 00:00:00'),
(76, 'برنامه ریزی مسکن شهری', 1, '0000-00-00 00:00:00', '0000-00-00 00:00:00'),
(77, 'بهسازی و نوسازی شهری', 1, '0000-00-00 00:00:00', '0000-00-00 00:00:00'),
(78, 'بهینه سازی سیستم ها', 1, '0000-00-00 00:00:00', '0000-00-00 00:00:00'),
(79, 'بوم شناسی آبزیان شیلاتی', 1, '0000-00-00 00:00:00', '0000-00-00 00:00:00'),
(80, 'بوم شناسی دریا', 1, '0000-00-00 00:00:00', '0000-00-00 00:00:00'),
(81, 'بیابان زدایی', 1, '0000-00-00 00:00:00', '0000-00-00 00:00:00'),
(82, 'بیماری شناسی گیاهی', 1, '0000-00-00 00:00:00', '0000-00-00 00:00:00'),
(83, 'بیماری‌شناسی‌گیاهی‌', 1, '0000-00-00 00:00:00', '0000-00-00 00:00:00'),
(84, 'بیمه', 1, '0000-00-00 00:00:00', '0000-00-00 00:00:00'),
(85, 'بیو متریال', 1, '0000-00-00 00:00:00', '0000-00-00 00:00:00'),
(86, 'بیو مواد', 1, '0000-00-00 00:00:00', '0000-00-00 00:00:00'),
(87, 'بیوالکتریک', 1, '0000-00-00 00:00:00', '0000-00-00 00:00:00'),
(88, 'بیوتکنولوژی', 1, '0000-00-00 00:00:00', '0000-00-00 00:00:00'),
(89, 'بیوتکنولوژی غذایی', 1, '0000-00-00 00:00:00', '0000-00-00 00:00:00'),
(90, 'بیوتکنولوژی کشاورزی', 1, '0000-00-00 00:00:00', '0000-00-00 00:00:00'),
(91, 'بیوتکنولوژی وژنتیک مولکولی محصولات باغبانی', 1, '0000-00-00 00:00:00', '0000-00-00 00:00:00'),
(92, 'بیولوژی و آناتومی چوب', 1, '0000-00-00 00:00:00', '0000-00-00 00:00:00'),
(93, 'بیولوژی و بیوتکنولوژی خاک', 1, '0000-00-00 00:00:00', '0000-00-00 00:00:00'),
(94, 'بیومکانیک', 1, '0000-00-00 00:00:00', '0000-00-00 00:00:00'),
(95, 'بیونیک', 1, '0000-00-00 00:00:00', '0000-00-00 00:00:00'),
(96, 'پرورش زنبور عسل', 1, '0000-00-00 00:00:00', '0000-00-00 00:00:00'),
(97, 'پلیمر', 1, '0000-00-00 00:00:00', '0000-00-00 00:00:00'),
(98, 'پیدایش ، رده‌بندی و ارزیابی خاک', 1, '0000-00-00 00:00:00', '0000-00-00 00:00:00'),
(99, 'تاریخ', 1, '0000-00-00 00:00:00', '0000-00-00 00:00:00'),
(100, 'تاریخ اسلام', 1, '0000-00-00 00:00:00', '0000-00-00 00:00:00'),
(101, 'تاریخ ایران اسلامی', 1, '0000-00-00 00:00:00', '0000-00-00 00:00:00'),
(102, 'تاریخ و تمدن ملل اسلامی', 1, '0000-00-00 00:00:00', '0000-00-00 00:00:00'),
(103, 'تاریخ وتمدن اسلامی', 1, '0000-00-00 00:00:00', '0000-00-00 00:00:00'),
(104, 'تامین مالی و سرمایه گذاری در نفت و گاز', 1, '0000-00-00 00:00:00', '0000-00-00 00:00:00'),
(105, 'تبدیل انرژی', 1, '0000-00-00 00:00:00', '0000-00-00 00:00:00'),
(106, 'تحقیق در عملیات', 1, '0000-00-00 00:00:00', '0000-00-00 00:00:00'),
(107, 'ترویج کشاورزی', 1, '0000-00-00 00:00:00', '0000-00-00 00:00:00'),
(108, 'تشکیلات و روشها', 1, '0000-00-00 00:00:00', '0000-00-00 00:00:00'),
(109, 'تغذیه طیور', 1, '0000-00-00 00:00:00', '0000-00-00 00:00:00'),
(110, 'تغذیه نشخوارکنندگان', 1, '0000-00-00 00:00:00', '0000-00-00 00:00:00'),
(111, 'تکثیر و پرورش آبزیان', 1, '0000-00-00 00:00:00', '0000-00-00 00:00:00'),
(112, 'تکنولوژی انرژی', 1, '0000-00-00 00:00:00', '0000-00-00 00:00:00'),
(113, 'توسعه', 1, '0000-00-00 00:00:00', '0000-00-00 00:00:00'),
(114, 'توسعه روستایی توسعه اجتماعی', 1, '0000-00-00 00:00:00', '0000-00-00 00:00:00'),
(115, 'توسعه روستایی توسعه کشاورزی', 1, '0000-00-00 00:00:00', '0000-00-00 00:00:00'),
(116, 'توسعه روستایی مدیریت توسعه', 1, '0000-00-00 00:00:00', '0000-00-00 00:00:00'),
(117, 'توسعه روستائی', 1, '0000-00-00 00:00:00', '0000-00-00 00:00:00'),
(118, 'توسعه و عمران مناطق بیابانی', 1, '0000-00-00 00:00:00', '0000-00-00 00:00:00'),
(119, 'تولید', 1, '0000-00-00 00:00:00', '0000-00-00 00:00:00'),
(120, 'تولیدات گیاهی ودامی', 1, '0000-00-00 00:00:00', '0000-00-00 00:00:00'),
(121, 'جامعه شناسی', 1, '0000-00-00 00:00:00', '0000-00-00 00:00:00'),
(122, 'جامعه شناسی سیاسی', 1, '0000-00-00 00:00:00', '0000-00-00 00:00:00'),
(123, 'جانوران دریا', 1, '0000-00-00 00:00:00', '0000-00-00 00:00:00'),
(124, 'جلوبرندگی', 1, '0000-00-00 00:00:00', '0000-00-00 00:00:00'),
(125, 'جمعیت شناسی', 1, '0000-00-00 00:00:00', '0000-00-00 00:00:00'),
(126, 'جنگل شناسی واکولوژی جنگل', 1, '0000-00-00 00:00:00', '0000-00-00 00:00:00'),
(127, 'جنگلداری', 1, '0000-00-00 00:00:00', '0000-00-00 00:00:00'),
(128, 'جوشکاری‌', 1, '0000-00-00 00:00:00', '0000-00-00 00:00:00'),
(129, 'چینه نگاری و دیرینه شناسی', 1, '0000-00-00 00:00:00', '0000-00-00 00:00:00'),
(130, 'چینه و فسیل شناسی', 1, '0000-00-00 00:00:00', '0000-00-00 00:00:00'),
(131, 'حالت‌ جامد', 1, '0000-00-00 00:00:00', '0000-00-00 00:00:00'),
(132, 'حرکات اصلاحی', 1, '0000-00-00 00:00:00', '0000-00-00 00:00:00'),
(133, 'حرکات اصلاحی و آسیب شناسی', 1, '0000-00-00 00:00:00', '0000-00-00 00:00:00'),
(134, 'حشره شناسی کشاورزی', 1, '0000-00-00 00:00:00', '0000-00-00 00:00:00'),
(135, 'حفاری و بهره برداری', 1, '0000-00-00 00:00:00', '0000-00-00 00:00:00'),
(136, 'حفاظت و اصلاح چوب', 1, '0000-00-00 00:00:00', '0000-00-00 00:00:00'),
(137, 'حفاظت و مرمت میراث شهری', 1, '0000-00-00 00:00:00', '0000-00-00 00:00:00'),
(138, 'حفاظت و مرمت میراث معماری', 1, '0000-00-00 00:00:00', '0000-00-00 00:00:00'),
(139, 'حقوق مالی', 1, '0000-00-00 00:00:00', '0000-00-00 00:00:00'),
(140, 'خدمات', 1, '0000-00-00 00:00:00', '0000-00-00 00:00:00'),
(141, 'خدمات کشاورزی', 1, '0000-00-00 00:00:00', '0000-00-00 00:00:00'),
(142, 'خوردگی‌وحفاظ‌ت‌ازمواد', 1, '0000-00-00 00:00:00', '0000-00-00 00:00:00'),
(143, 'داروسازی', 1, '0000-00-00 00:00:00', '0000-00-00 00:00:00'),
(144, 'دیجیتال', 1, '0000-00-00 00:00:00', '0000-00-00 00:00:00'),
(145, 'دینامیک پرواز و کنترل', 1, '0000-00-00 00:00:00', '0000-00-00 00:00:00'),
(146, 'ذرات بنیادی', 1, '0000-00-00 00:00:00', '0000-00-00 00:00:00'),
(147, 'راه و ترابری', 1, '0000-00-00 00:00:00', '0000-00-00 00:00:00'),
(148, 'رسوب شناسی و سنگ های رسوبی', 1, '0000-00-00 00:00:00', '0000-00-00 00:00:00'),
(149, 'رسوب شناسی وسنگ شناسی رسوبی', 1, '0000-00-00 00:00:00', '0000-00-00 00:00:00'),
(150, 'رشد حرکتی', 1, '0000-00-00 00:00:00', '0000-00-00 00:00:00'),
(151, 'رفتار حرکتی', 1, '0000-00-00 00:00:00', '0000-00-00 00:00:00'),
(152, 'رفتار حرکتی رشد حرکتی', 1, '0000-00-00 00:00:00', '0000-00-00 00:00:00'),
(153, 'رفتار حرکتی یادگیری و کنترل حرکتی', 1, '0000-00-00 00:00:00', '0000-00-00 00:00:00'),
(154, 'روانشناسی ورزشی', 1, '0000-00-00 00:00:00', '0000-00-00 00:00:00'),
(155, 'ریاضی در جهان اسلام', 1, '0000-00-00 00:00:00', '0000-00-00 00:00:00'),
(156, 'ریخته‌گری‌', 1, '0000-00-00 00:00:00', '0000-00-00 00:00:00'),
(157, 'زراعت', 1, '0000-00-00 00:00:00', '0000-00-00 00:00:00'),
(158, 'زلزله شناسی', 1, '0000-00-00 00:00:00', '0000-00-00 00:00:00'),
(159, 'زیست پزشک', 1, '0000-00-00 00:00:00', '0000-00-00 00:00:00'),
(160, 'زیست فناوری مواد غذایی', 1, '0000-00-00 00:00:00', '0000-00-00 00:00:00'),
(161, 'ژنتیک و اصلاح نژاد', 1, '0000-00-00 00:00:00', '0000-00-00 00:00:00'),
(162, 'ژئوالکتریک', 1, '0000-00-00 00:00:00', '0000-00-00 00:00:00'),
(163, 'ژئوتکنیک', 1, '0000-00-00 00:00:00', '0000-00-00 00:00:00'),
(164, 'ژئودزی', 1, '0000-00-00 00:00:00', '0000-00-00 00:00:00'),
(165, 'ژئودزی گرایش هیدروگرافی', 1, '0000-00-00 00:00:00', '0000-00-00 00:00:00'),
(166, 'ژئومغناطیس', 1, '0000-00-00 00:00:00', '0000-00-00 00:00:00'),
(167, 'ساخت و تولید', 1, '0000-00-00 00:00:00', '0000-00-00 00:00:00'),
(168, 'سازمان های پروژه محور', 1, '0000-00-00 00:00:00', '0000-00-00 00:00:00'),
(169, 'سازمان های هوافضایی', 1, '0000-00-00 00:00:00', '0000-00-00 00:00:00'),
(170, 'سازمانی', 1, '0000-00-00 00:00:00', '0000-00-00 00:00:00'),
(171, 'سازه های آبی', 1, '0000-00-00 00:00:00', '0000-00-00 00:00:00'),
(172, 'سازه های دریایی', 1, '0000-00-00 00:00:00', '0000-00-00 00:00:00'),
(173, 'سازه‌های‌ هیدرولیکی‌', 1, '0000-00-00 00:00:00', '0000-00-00 00:00:00'),
(174, 'سامانه های شبکه ای', 1, '0000-00-00 00:00:00', '0000-00-00 00:00:00'),
(175, 'سلولی تکوینی', 1, '0000-00-00 00:00:00', '0000-00-00 00:00:00'),
(176, 'سنجش از دور', 1, '0000-00-00 00:00:00', '0000-00-00 00:00:00'),
(177, 'سواحل', 1, '0000-00-00 00:00:00', '0000-00-00 00:00:00'),
(178, 'سیاست های تحقیق و توسعه', 1, '0000-00-00 00:00:00', '0000-00-00 00:00:00'),
(179, 'سیاست و توسعه کشاورزی', 1, '0000-00-00 00:00:00', '0000-00-00 00:00:00'),
(180, 'سیستم ها فشارقوی الکتریکی', 1, '0000-00-00 00:00:00', '0000-00-00 00:00:00'),
(181, 'سیستم های اطلاعات جغرافیایی(GIS)', 1, '0000-00-00 00:00:00', '0000-00-00 00:00:00'),
(182, 'سیستم های اطلاعاتی پیشرفته', 1, '0000-00-00 00:00:00', '0000-00-00 00:00:00'),
(183, 'سیستم های اطلاعاتی مدیریت', 1, '0000-00-00 00:00:00', '0000-00-00 00:00:00'),
(184, 'سیستم های اطلاعاتی و فناوری اطلاعات', 1, '0000-00-00 00:00:00', '0000-00-00 00:00:00'),
(185, 'سیستم های الکترونیک دیجیتال', 1, '0000-00-00 00:00:00', '0000-00-00 00:00:00'),
(186, 'سیستم های انرژی', 1, '0000-00-00 00:00:00', '0000-00-00 00:00:00'),
(187, 'سیستم های چند رسانه ای', 1, '0000-00-00 00:00:00', '0000-00-00 00:00:00'),
(188, 'سیستم های مالی', 1, '0000-00-00 00:00:00', '0000-00-00 00:00:00'),
(189, 'شبکه های مخابراتی', 1, '0000-00-00 00:00:00', '0000-00-00 00:00:00'),
(190, 'شکل‌دادن‌ فلزات‌', 1, '0000-00-00 00:00:00', '0000-00-00 00:00:00'),
(191, 'شناسایی ومبارزه با علفهای هرز', 1, '0000-00-00 00:00:00', '0000-00-00 00:00:00'),
(192, 'شناسائی‌ انتخاب‌ و روش ساخت موادمهندسی', 1, '0000-00-00 00:00:00', '0000-00-00 00:00:00'),
(193, 'شیمی ،حاصلخیزی خاک و تغذیه گیاه', 1, '0000-00-00 00:00:00', '0000-00-00 00:00:00'),
(194, 'شیمی پلیمر', 1, '0000-00-00 00:00:00', '0000-00-00 00:00:00'),
(195, 'صنایع', 1, '0000-00-00 00:00:00', '0000-00-00 00:00:00'),
(196, 'صنایع پلیمر', 1, '0000-00-00 00:00:00', '0000-00-00 00:00:00'),
(197, 'صنایع خمیر وکاغذ', 1, '0000-00-00 00:00:00', '0000-00-00 00:00:00'),
(198, 'صنایع غذایی', 1, '0000-00-00 00:00:00', '0000-00-00 00:00:00'),
(199, 'طراحی و ساخت', 1, '0000-00-00 00:00:00', '0000-00-00 00:00:00'),
(200, 'طراحی و مهندسی چوب', 1, '0000-00-00 00:00:00', '0000-00-00 00:00:00'),
(201, 'علوم جانوری  فیزیولوژی جانوری', 1, '0000-00-00 00:00:00', '0000-00-00 00:00:00'),
(202, 'علوم جانوری بیوسیستماتیک جانوری', 1, '0000-00-00 00:00:00', '0000-00-00 00:00:00'),
(203, 'علوم خاک گرایش فیزیک و حفاظت خاک', 1, '0000-00-00 00:00:00', '0000-00-00 00:00:00'),
(204, 'علوم دامی فیزیولوژی دام', 1, '0000-00-00 00:00:00', '0000-00-00 00:00:00'),
(205, 'علوم قران و حدیث', 1, '0000-00-00 00:00:00', '0000-00-00 00:00:00'),
(206, 'علوم گیاهی  سیستماتیک اکولوژی', 1, '0000-00-00 00:00:00', '0000-00-00 00:00:00'),
(207, 'علوم گیاهی  فیزیولوژی گیاهی', 1, '0000-00-00 00:00:00', '0000-00-00 00:00:00'),
(208, 'علوم مواد غذایی', 1, '0000-00-00 00:00:00', '0000-00-00 00:00:00'),
(209, 'علوم موادغذایی', 1, '0000-00-00 00:00:00', '0000-00-00 00:00:00'),
(210, 'علوم‌سلولی‌مولکولی‌', 1, '0000-00-00 00:00:00', '0000-00-00 00:00:00'),
(211, 'عملیات و زنجیره تامین', 1, '0000-00-00 00:00:00', '0000-00-00 00:00:00'),
(212, 'فتوگرامتری', 1, '0000-00-00 00:00:00', '0000-00-00 00:00:00'),
(213, 'فرایندهای جداسازی', 1, '0000-00-00 00:00:00', '0000-00-00 00:00:00'),
(214, 'فرآوری محصولات شیلاتی', 1, '0000-00-00 00:00:00', '0000-00-00 00:00:00'),
(215, 'فرآوری موادمعدنی', 1, '0000-00-00 00:00:00', '0000-00-00 00:00:00'),
(216, 'فقه و مبانی حقوق اسلامی', 1, '0000-00-00 00:00:00', '0000-00-00 00:00:00'),
(217, 'فلسفه و کلام اسلامی', 1, '0000-00-00 00:00:00', '0000-00-00 00:00:00'),
(218, 'فناوری', 1, '0000-00-00 00:00:00', '0000-00-00 00:00:00'),
(219, 'فناوری اطلاعات', 1, '0000-00-00 00:00:00', '0000-00-00 00:00:00'),
(220, 'فناوری پس از برداشت', 1, '0000-00-00 00:00:00', '0000-00-00 00:00:00'),
(221, 'فناوری تبدیل مواد غذایی', 1, '0000-00-00 00:00:00', '0000-00-00 00:00:00'),
(222, 'فناوری مواد غذایی', 1, '0000-00-00 00:00:00', '0000-00-00 00:00:00'),
(223, 'فیزیک دریا', 1, '0000-00-00 00:00:00', '0000-00-00 00:00:00'),
(224, 'فیزیک وفناوری در جهان اسلام', 1, '0000-00-00 00:00:00', '0000-00-00 00:00:00'),
(225, 'فیزیولوژی فعالیت ورزشی محض', 1, '0000-00-00 00:00:00', '0000-00-00 00:00:00'),
(226, 'فیزیولوژی و اصلاح درختان میوه', 1, '0000-00-00 00:00:00', '0000-00-00 00:00:00'),
(227, 'فیزیولوژی و اصلاح سبزیها', 1, '0000-00-00 00:00:00', '0000-00-00 00:00:00'),
(228, 'فیزیولوژی و اصلاح گل و گیاهان زینتی', 1, '0000-00-00 00:00:00', '0000-00-00 00:00:00'),
(229, 'فیزیولوژی و اصلاح گیاهان دارویی ، ادویه ای وعطری', 1, '0000-00-00 00:00:00', '0000-00-00 00:00:00'),
(230, 'فیزیولوژی و فناوری پس از برداشت محصولات باغبانی', 1, '0000-00-00 00:00:00', '0000-00-00 00:00:00'),
(231, 'فیزیولوژی ورزشی کاربردی', 1, '0000-00-00 00:00:00', '0000-00-00 00:00:00'),
(232, 'فیزیولوژی‌ورزشی‌', 1, '0000-00-00 00:00:00', '0000-00-00 00:00:00'),
(233, 'قدرت', 1, '0000-00-00 00:00:00', '0000-00-00 00:00:00'),
(234, 'کاتالیست', 1, '0000-00-00 00:00:00', '0000-00-00 00:00:00'),
(235, 'کتابخانه های آموزشگاهی', 1, '0000-00-00 00:00:00', '0000-00-00 00:00:00'),
(236, 'کسب و کار الکترونیک', 1, '0000-00-00 00:00:00', '0000-00-00 00:00:00'),
(237, 'کسب و کار جدید', 1, '0000-00-00 00:00:00', '0000-00-00 00:00:00'),
(238, 'کلام', 1, '0000-00-00 00:00:00', '0000-00-00 00:00:00'),
(239, 'کنترل‌', 1, '0000-00-00 00:00:00', '0000-00-00 00:00:00'),
(240, 'گرانش و فیریک نجومی', 1, '0000-00-00 00:00:00', '0000-00-00 00:00:00'),
(241, 'گرانی سنجی', 1, '0000-00-00 00:00:00', '0000-00-00 00:00:00'),
(242, 'گرایش انسانی', 1, '0000-00-00 00:00:00', '0000-00-00 00:00:00'),
(243, 'گرایش طبیعی', 1, '0000-00-00 00:00:00', '0000-00-00 00:00:00'),
(244, 'گردشگری', 1, '0000-00-00 00:00:00', '0000-00-00 00:00:00'),
(245, 'لجستیک و زنجیره تامین', 1, '0000-00-00 00:00:00', '0000-00-00 00:00:00'),
(246, 'لرزه شناسی', 1, '0000-00-00 00:00:00', '0000-00-00 00:00:00'),
(247, 'ماشینهای الکتریکی والکترونیک قدرت', 1, '0000-00-00 00:00:00', '0000-00-00 00:00:00'),
(248, 'ماشینهای آبی', 1, '0000-00-00 00:00:00', '0000-00-00 00:00:00'),
(249, 'مبانی نظری اسلام', 1, '0000-00-00 00:00:00', '0000-00-00 00:00:00'),
(250, 'محیط زیست‌', 1, '0000-00-00 00:00:00', '0000-00-00 00:00:00'),
(251, 'محیط زیست گرایش ارزیابی و آمایش سرزمین', 1, '0000-00-00 00:00:00', '0000-00-00 00:00:00'),
(252, 'محیط زیست گرایش آلودگی های محیط زیست', 1, '0000-00-00 00:00:00', '0000-00-00 00:00:00'),
(253, 'محیط زیست گرایش زیستگاه ها و تنوع زیستی', 1, '0000-00-00 00:00:00', '0000-00-00 00:00:00'),
(254, 'محیط زیست ومنابع طبیعی', 1, '0000-00-00 00:00:00', '0000-00-00 00:00:00'),
(255, 'مخابرات امن و رمزنگاری', 1, '0000-00-00 00:00:00', '0000-00-00 00:00:00'),
(256, 'مخابرات رمز', 1, '0000-00-00 00:00:00', '0000-00-00 00:00:00'),
(257, 'مخابرات سیستم', 1, '0000-00-00 00:00:00', '0000-00-00 00:00:00'),
(258, 'مخابرات شبکه', 1, '0000-00-00 00:00:00', '0000-00-00 00:00:00'),
(259, 'مخابرات میدان', 1, '0000-00-00 00:00:00', '0000-00-00 00:00:00'),
(260, 'مخابرات میدان و موج', 1, '0000-00-00 00:00:00', '0000-00-00 00:00:00'),
(261, 'مخازن هیدروکربوری', 1, '0000-00-00 00:00:00', '0000-00-00 00:00:00'),
(262, 'مدل سازی سیستم های کلان گرایش برنامه ریزی سیستم های انرژی', 1, '0000-00-00 00:00:00', '0000-00-00 00:00:00'),
(263, 'مدل سازی سیستم های کلان گرایش تحقیق در عملیات', 1, '0000-00-00 00:00:00', '0000-00-00 00:00:00'),
(264, 'مدیریت', 1, '0000-00-00 00:00:00', '0000-00-00 00:00:00'),
(265, 'مدیریت استراتژیک', 1, '0000-00-00 00:00:00', '0000-00-00 00:00:00'),
(266, 'مدیریت استراتژیک منابع انسانی', 1, '0000-00-00 00:00:00', '0000-00-00 00:00:00'),
(267, 'مدیریت اطلاعات', 1, '0000-00-00 00:00:00', '0000-00-00 00:00:00'),
(268, 'مدیریت اماکن و تاسیسات ورزشی', 1, '0000-00-00 00:00:00', '0000-00-00 00:00:00'),
(269, 'مدیریت بازاریابی', 1, '0000-00-00 00:00:00', '0000-00-00 00:00:00'),
(270, 'مدیریت بازاریابی در ورزش', 1, '0000-00-00 00:00:00', '0000-00-00 00:00:00'),
(271, 'مدیریت بازاریابی و صادارت', 1, '0000-00-00 00:00:00', '0000-00-00 00:00:00'),
(272, 'مدیریت بیمه', 1, '0000-00-00 00:00:00', '0000-00-00 00:00:00'),
(273, 'مدیریت پروژه گرایش مهندسی نفت و گاز', 1, '0000-00-00 00:00:00', '0000-00-00 00:00:00'),
(274, 'مدیریت پروژه های فناوری اطلاعات', 1, '0000-00-00 00:00:00', '0000-00-00 00:00:00'),
(275, 'مدیریت تحول', 1, '0000-00-00 00:00:00', '0000-00-00 00:00:00'),
(276, 'مدیریت توسعه پایدار روستایی', 1, '0000-00-00 00:00:00', '0000-00-00 00:00:00'),
(277, 'مدیریت توسعه سازمان ومنابع انسانی', 1, '0000-00-00 00:00:00', '0000-00-00 00:00:00'),
(278, 'مدیریت داخلی', 1, '0000-00-00 00:00:00', '0000-00-00 00:00:00'),
(279, 'مدیریت دانش', 1, '0000-00-00 00:00:00', '0000-00-00 00:00:00'),
(280, 'مدیریت رویداد های ورزشی', 1, '0000-00-00 00:00:00', '0000-00-00 00:00:00'),
(281, 'مدیریت سیستم های اطلاعاتی', 1, '0000-00-00 00:00:00', '0000-00-00 00:00:00'),
(282, 'مدیریت سیستم های اطلاعاتی(آموزش محور)', 1, '0000-00-00 00:00:00', '0000-00-00 00:00:00'),
(283, 'مدیریت عملکرد و بهره وری منابع انسانی', 1, '0000-00-00 00:00:00', '0000-00-00 00:00:00'),
(284, 'مدیریت کتابخانه های دانشگاهی', 1, '0000-00-00 00:00:00', '0000-00-00 00:00:00'),
(285, 'مدیریت کشاورزی', 1, '0000-00-00 00:00:00', '0000-00-00 00:00:00'),
(286, 'مدیریت مالی', 1, '0000-00-00 00:00:00', '0000-00-00 00:00:00'),
(287, 'مدیریت مالی دولتی', 1, '0000-00-00 00:00:00', '0000-00-00 00:00:00'),
(288, 'مدیریت منابع اطلاعاتی', 1, '0000-00-00 00:00:00', '0000-00-00 00:00:00'),
(289, 'مدیریت منابع انسانی اسلامی', 1, '0000-00-00 00:00:00', '0000-00-00 00:00:00'),
(290, 'مدیریت‌ مناط‌ق‌ بیابانی', 1, '0000-00-00 00:00:00', '0000-00-00 00:00:00'),
(291, 'مدیریت نیروی انسانی', 1, '0000-00-00 00:00:00', '0000-00-00 00:00:00'),
(292, 'مدیریت ورزشی', 1, '0000-00-00 00:00:00', '0000-00-00 00:00:00'),
(293, 'مردم شناسی', 1, '0000-00-00 00:00:00', '0000-00-00 00:00:00'),
(294, 'مسائل اجتماعی اقتصادی جنگل', 1, '0000-00-00 00:00:00', '0000-00-00 00:00:00'),
(295, 'مستغلات', 1, '0000-00-00 00:00:00', '0000-00-00 00:00:00'),
(296, 'مشاوره خانواده', 1, '0000-00-00 00:00:00', '0000-00-00 00:00:00'),
(297, 'مطالعات اروپا', 1, '0000-00-00 00:00:00', '0000-00-00 00:00:00'),
(298, 'مطالعات ایران', 1, '0000-00-00 00:00:00', '0000-00-00 00:00:00'),
(299, 'مطالعات آب و خاک', 1, '0000-00-00 00:00:00', '0000-00-00 00:00:00'),
(300, 'مطالعات آرشیوی', 1, '0000-00-00 00:00:00', '0000-00-00 00:00:00'),
(301, 'مطالعات آسیای جنوب شرقی', 1, '0000-00-00 00:00:00', '0000-00-00 00:00:00'),
(302, 'مطالعات آسیای مرکزی وقفقاز', 1, '0000-00-00 00:00:00', '0000-00-00 00:00:00'),
(303, 'مطالعات آفریقای مرکزی و جنوبی', 1, '0000-00-00 00:00:00', '0000-00-00 00:00:00'),
(304, 'مطالعات آمریکا', 1, '0000-00-00 00:00:00', '0000-00-00 00:00:00'),
(305, 'مطالعات آمریکای شمالی', 1, '0000-00-00 00:00:00', '0000-00-00 00:00:00'),
(306, 'مطالعات آمریکای لاتین', 1, '0000-00-00 00:00:00', '0000-00-00 00:00:00'),
(307, 'مطالعات بریتانیا', 1, '0000-00-00 00:00:00', '0000-00-00 00:00:00'),
(308, 'مطالعات توسعه اجتماعی', 1, '0000-00-00 00:00:00', '0000-00-00 00:00:00'),
(309, 'مطالعات جنوب آفریقا', 1, '0000-00-00 00:00:00', '0000-00-00 00:00:00'),
(310, 'مطالعات جنوب و شرق آسیا و اقیانوسیه', 1, '0000-00-00 00:00:00', '0000-00-00 00:00:00'),
(311, 'مطالعات جهان', 1, '0000-00-00 00:00:00', '0000-00-00 00:00:00'),
(312, 'مطالعات جوانان', 1, '0000-00-00 00:00:00', '0000-00-00 00:00:00'),
(313, 'مطالعات خاورمیانه وشمال آفریقا', 1, '0000-00-00 00:00:00', '0000-00-00 00:00:00'),
(314, 'مطالعات خلیج فارس', 1, '0000-00-00 00:00:00', '0000-00-00 00:00:00'),
(315, 'مطالعات روسیه', 1, '0000-00-00 00:00:00', '0000-00-00 00:00:00'),
(316, 'مطالعات روسیه، آسیای میانه و قفقاز', 1, '0000-00-00 00:00:00', '0000-00-00 00:00:00'),
(317, 'مطالعات زنان', 1, '0000-00-00 00:00:00', '0000-00-00 00:00:00'),
(318, 'مطالعات ژاپن', 1, '0000-00-00 00:00:00', '0000-00-00 00:00:00'),
(319, 'مطالعات شبه قاره هند', 1, '0000-00-00 00:00:00', '0000-00-00 00:00:00'),
(320, 'مطالعات شهری و روستایی', 1, '0000-00-00 00:00:00', '0000-00-00 00:00:00'),
(321, 'مطالعات عراق', 1, '0000-00-00 00:00:00', '0000-00-00 00:00:00'),
(322, 'مطالعات غرب آسیا و آفریقای شمالی', 1, '0000-00-00 00:00:00', '0000-00-00 00:00:00'),
(323, 'مطالعات فرانسه', 1, '0000-00-00 00:00:00', '0000-00-00 00:00:00'),
(324, 'مطالعات فرهنگی', 1, '0000-00-00 00:00:00', '0000-00-00 00:00:00'),
(325, 'مطالعات فرهنگی ورسانه', 1, '0000-00-00 00:00:00', '0000-00-00 00:00:00'),
(326, 'مطالعات فلسطین', 1, '0000-00-00 00:00:00', '0000-00-00 00:00:00'),
(327, 'مطالعات قفقازوآسیای مرکزی', 1, '0000-00-00 00:00:00', '0000-00-00 00:00:00'),
(328, 'مطالعات کتابخانه های عمومی', 1, '0000-00-00 00:00:00', '0000-00-00 00:00:00'),
(329, 'مطالعات کشورهای آلمانی زبان', 1, '0000-00-00 00:00:00', '0000-00-00 00:00:00'),
(330, 'مطالعات مصر', 1, '0000-00-00 00:00:00', '0000-00-00 00:00:00'),
(331, 'مطالعات معماری ایران', 1, '0000-00-00 00:00:00', '0000-00-00 00:00:00'),
(332, 'مطالعات منطقه ای', 1, '0000-00-00 00:00:00', '0000-00-00 00:00:00'),
(333, 'معدن و محیط زیست', 1, '0000-00-00 00:00:00', '0000-00-00 00:00:00'),
(334, 'معماری سیستم های کامپیوتری', 1, '0000-00-00 00:00:00', '0000-00-00 00:00:00'),
(335, 'معماری کامپیوتر', 1, '0000-00-00 00:00:00', '0000-00-00 00:00:00'),
(336, 'مکانیزاسیون کشاورزی', 1, '0000-00-00 00:00:00', '0000-00-00 00:00:00'),
(337, 'مکانیک‌ خاک‌ وپی‌', 1, '0000-00-00 00:00:00', '0000-00-00 00:00:00'),
(338, 'مکانیک‌ سنگ‌', 1, '0000-00-00 00:00:00', '0000-00-00 00:00:00'),
(339, 'منابع انسانی بین الملل', 1, '0000-00-00 00:00:00', '0000-00-00 00:00:00'),
(340, 'منابع آب', 1, '0000-00-00 00:00:00', '0000-00-00 00:00:00'),
(341, 'مهندسی', 1, '0000-00-00 00:00:00', '0000-00-00 00:00:00'),
(342, 'مهندسی آب رودخانه', 1, '0000-00-00 00:00:00', '0000-00-00 00:00:00'),
(343, 'مهندسی آب فاضلاب', 1, '0000-00-00 00:00:00', '0000-00-00 00:00:00'),
(344, 'مهندسی آب منابع آب', 1, '0000-00-00 00:00:00', '0000-00-00 00:00:00'),
(345, 'مهندسی آب و سازه های هیدرولیکی', 1, '0000-00-00 00:00:00', '0000-00-00 00:00:00'),
(346, 'مهندسی بهره برداری', 1, '0000-00-00 00:00:00', '0000-00-00 00:00:00'),
(347, 'مهندسی پزشکی بیوالکتریک', 1, '0000-00-00 00:00:00', '0000-00-00 00:00:00'),
(348, 'مهندسی جنگل', 1, '0000-00-00 00:00:00', '0000-00-00 00:00:00'),
(349, 'مهندسی زلزله‌', 1, '0000-00-00 00:00:00', '0000-00-00 00:00:00'),
(350, 'مهندسی سواحل،بنادر و سازه های دریایی', 1, '0000-00-00 00:00:00', '0000-00-00 00:00:00'),
(351, 'مهندسی صنایع غذایی', 1, '0000-00-00 00:00:00', '0000-00-00 00:00:00'),
(352, 'مهندسی فضایی', 1, '0000-00-00 00:00:00', '0000-00-00 00:00:00'),
(353, 'مهندسی لجستیک و زنجیره تامین', 1, '0000-00-00 00:00:00', '0000-00-00 00:00:00'),
(354, 'مهندسی محیط زیست‌', 1, '0000-00-00 00:00:00', '0000-00-00 00:00:00'),
(355, 'مهندسی منابع آب', 1, '0000-00-00 00:00:00', '0000-00-00 00:00:00'),
(356, 'مهندسی نفت و گاز', 1, '0000-00-00 00:00:00', '0000-00-00 00:00:00'),
(357, 'مهندسی و مدیریت ساخت', 1, '0000-00-00 00:00:00', '0000-00-00 00:00:00'),
(358, 'مهندسی و مدیریت منابع آب', 1, '0000-00-00 00:00:00', '0000-00-00 00:00:00'),
(359, 'موادزائد جامد', 1, '0000-00-00 00:00:00', '0000-00-00 00:00:00'),
(360, 'میکروبی', 1, '0000-00-00 00:00:00', '0000-00-00 00:00:00'),
(361, 'میکروبیولوژی', 1, '0000-00-00 00:00:00', '0000-00-00 00:00:00'),
(362, 'نانو شیمی', 1, '0000-00-00 00:00:00', '0000-00-00 00:00:00'),
(363, 'نجوم در جهان اسلام', 1, '0000-00-00 00:00:00', '0000-00-00 00:00:00'),
(364, 'نرم افزار', 1, '0000-00-00 00:00:00', '0000-00-00 00:00:00'),
(365, 'نفت', 1, '0000-00-00 00:00:00', '0000-00-00 00:00:00'),
(366, 'نقشه برداری', 1, '0000-00-00 00:00:00', '0000-00-00 00:00:00'),
(367, 'نقشه برداری ژئودزی', 1, '0000-00-00 00:00:00', '0000-00-00 00:00:00'),
(368, 'نقشه برداری ژئودزی(هیدروگرافی)', 1, '0000-00-00 00:00:00', '0000-00-00 00:00:00'),
(369, 'نقشه برداری سنجش ازدور', 1, '0000-00-00 00:00:00', '0000-00-00 00:00:00'),
(370, 'نقشه برداری سیستم اطلاعات مکانی', 1, '0000-00-00 00:00:00', '0000-00-00 00:00:00'),
(371, 'نقشه برداری فتوگرامتری', 1, '0000-00-00 00:00:00', '0000-00-00 00:00:00'),
(372, 'نوآوری تکنولوژی', 1, '0000-00-00 00:00:00', '0000-00-00 00:00:00'),
(373, 'هسته‌ای‌', 1, '0000-00-00 00:00:00', '0000-00-00 00:00:00'),
(374, 'هواشناسی کشاورزی', 1, '0000-00-00 00:00:00', '0000-00-00 00:00:00'),
(375, 'هوش مصنوعی  رباتیک', 1, '0000-00-00 00:00:00', '0000-00-00 00:00:00'),
(376, 'هوش مصنوعی و رباتیک', 1, '0000-00-00 00:00:00', '0000-00-00 00:00:00'),
(377, 'هوشمندی کسب و کار', 1, '0000-00-00 00:00:00', '0000-00-00 00:00:00'),
(378, 'هیدروژئو مورفولوژی در برنامه ریزی محیطی', 1, '0000-00-00 00:00:00', '0000-00-00 00:00:00'),
(379, 'یادگیری و کنترل حرکتی', 1, '0000-00-00 00:00:00', '0000-00-00 00:00:00');

-- --------------------------------------------------------

--
-- Table structure for table `migrations`
--

CREATE TABLE `migrations` (
  `migration` varchar(255) COLLATE utf8_unicode_ci NOT NULL,
  `batch` int(11) NOT NULL
) ENGINE=InnoDB DEFAULT CHARSET=utf8 COLLATE=utf8_unicode_ci;

--
-- Dumping data for table `migrations`
--

INSERT INTO `migrations` (`migration`, `batch`) VALUES
('2014_10_12_000000_create_users_table', 1),
('2014_10_12_100000_create_password_resets_table', 1),
('2016_11_30_064700_create_roles_table', 1),
('2016_11_25_071402_create_roles_table', 2),
('2016_12_05_173227_add_photo_id_to_users', 2),
('2016_12_05_185609_create_photos_table', 2),
('2016_12_24_061151_create_posts_table', 2),
('2016_12_25_090508_create_categories_table', 2),
('2017_01_08_101450_create_people_table', 2),
('2017_01_13_064206_create_lettertypes_table', 2),
('2017_01_20_081009_create_universities_table', 2),
('2017_01_21_094344_create_projects_table', 2),
('2017_01_21_185432_create_cadrs_table', 2),
('2017_01_24_191229_create_cadrprojects_table', 2),
('2017_01_25_045816_create_defencelevels_table', 2),
('2017_01_25_152623_create_projectdefences_table', 2),
('2017_02_15_112003_create_fields_table', 2),
('2017_02_20_145921_create_majors_table', 2),
('2017_02_26_162207_create_units_table', 2),
('2017_02_27_075925_create_cadr_project_table', 2),
('2017_03_01_072201_create_groups_table', 2),
('2017_03_06_191615_create_defencelevel_project_table', 2);

-- --------------------------------------------------------

--
-- Table structure for table `password_resets`
--

CREATE TABLE `password_resets` (
  `email` varchar(255) COLLATE utf8_unicode_ci NOT NULL,
  `token` varchar(255) COLLATE utf8_unicode_ci NOT NULL,
  `created_at` timestamp NOT NULL DEFAULT CURRENT_TIMESTAMP ON UPDATE CURRENT_TIMESTAMP
) ENGINE=InnoDB DEFAULT CHARSET=utf8 COLLATE=utf8_unicode_ci;

--
-- Dumping data for table `password_resets`
--

INSERT INTO `password_resets` (`email`, `token`, `created_at`) VALUES
('user@site.com', 'b537730f0f3add62cfc70a6f94074ffbc7dd1500e9d45944b8f46bd44dd63b1f', '2016-12-09 03:54:04');

-- --------------------------------------------------------

--
-- Table structure for table `people`
--

CREATE TABLE `people` (
  `id` int(10) UNSIGNED NOT NULL,
  `role_id` int(10) UNSIGNED DEFAULT NULL,
  `is_active` int(11) NOT NULL DEFAULT '1',
  `fname` varchar(255) COLLATE utf8_unicode_ci NOT NULL,
  `lname` varchar(255) COLLATE utf8_unicode_ci NOT NULL,
  `nationalcode` varchar(255) COLLATE utf8_unicode_ci NOT NULL,
  `fathername` varchar(255) COLLATE utf8_unicode_ci NOT NULL,
  `photo_id` int(10) UNSIGNED NOT NULL,
  `cardnumber` int(11) NOT NULL,
  `birthdate` varchar(255) COLLATE utf8_unicode_ci NOT NULL,
  `cellphone` varchar(255) COLLATE utf8_unicode_ci NOT NULL,
  `telephone` varchar(255) COLLATE utf8_unicode_ci NOT NULL,
  `address` varchar(255) COLLATE utf8_unicode_ci NOT NULL,
  `postalcode` int(11) NOT NULL,
  `email` varchar(255) COLLATE utf8_unicode_ci NOT NULL,
  `degree_id` int(11) NOT NULL DEFAULT '0',
  `service_id` int(11) NOT NULL DEFAULT '0',
  `field_id` int(11) NOT NULL DEFAULT '0',
  `major_id` int(11) NOT NULL DEFAULT '0',
  `university_id` int(10) UNSIGNED NOT NULL,
  `deleted_at` timestamp NULL DEFAULT NULL,
  `password` varchar(255) COLLATE utf8_unicode_ci NOT NULL,
  `created_at` timestamp NULL DEFAULT NULL,
  `updated_at` timestamp NULL DEFAULT NULL
) ENGINE=MyISAM DEFAULT CHARSET=utf8 COLLATE=utf8_unicode_ci;

--
-- Dumping data for table `people`
--

INSERT INTO `people` (`id`, `role_id`, `is_active`, `fname`, `lname`, `nationalcode`, `fathername`, `photo_id`, `cardnumber`, `birthdate`, `cellphone`, `telephone`, `address`, `postalcode`, `email`, `degree_id`, `service_id`, `field_id`, `major_id`, `university_id`, `deleted_at`, `password`, `created_at`, `updated_at`) VALUES
(900, NULL, 1, 'علی', 'مومنی', '0976655443', 'حسن', 5, 0, '1395/12/21', '09321152246', '', 'تهران', 0, '3@jd.xks', 0, 0, 3, 5, 3, NULL, '', '2017-03-11 17:13:07', '2017-04-07 06:40:34'),
(2, NULL, 1, 'علیرضا', 'اصغری نایینی', '0080927440', 'جهانگیر', 4, 0, '1392/04/15', '09122764602', '', 'تهران', 1, '4@jd.xks', 1, 1, 4, 6, 4, NULL, '', '2017-03-11 17:13:08', '2017-04-07 06:24:22'),
(3, NULL, 1, 'احسان', 'سعیدی', '0074944304', 'علی', 1, 0, '1392/01/18', '09126896264', '', '', 0, '', 1, 1, 4, 6, 4, NULL, '', '2017-03-11 17:13:09', '2017-03-22 16:11:40'),
(4, NULL, 1, 'سیاوش', 'نصیری کهنموئی', '0063591901', 'محمد حسین', 0, 0, '1392/01/18', '09366905559', '', '', 0, '', 1, 1, 4, 6, 4, NULL, '', '2017-03-11 17:13:10', '2017-03-11 17:13:10'),
(5, NULL, 1, 'سجاد', 'افکاری', '0062790031', 'محمد', 0, 0, '1392/01/18', '09121158479', '', '', 0, '', 1, 1, 4, 6, 4, NULL, '', '2017-03-11 17:13:11', '2017-03-11 17:13:11'),
(6, NULL, 1, 'مهدی', 'قاسمی', '-', '-', 0, 0, '1392/01/18', '', '', '', 0, '', 1, 1, 4, 6, 4, NULL, '', '2017-03-11 17:13:12', '2017-03-11 17:13:12'),
(7, NULL, 1, 'ابوالفضل', 'حسینی معصوم', '0682001880', 'بهرام', 0, 0, '1392/01/18', '09369194232', '', '', 0, '', 1, 1, 4, 6, 4, NULL, '', '2017-03-11 17:13:13', '2017-03-11 17:13:13'),
(8, NULL, 1, 'محمد', 'میرزا حسینی', '-', '-', 0, 0, '1392/01/18', '', '', '', 0, '', 1, 1, 4, 6, 4, NULL, '', '2017-03-11 17:13:14', '2017-03-11 17:13:14'),
(9, NULL, 1, 'احمد', 'امیری پیجاکلایی', '2143345690', 'غلامرضا', 0, 0, '1392/01/23', '09384521685', '', '', 0, '', 1, 1, 4, 6, 4, NULL, '', '2017-03-11 17:13:15', '2017-03-11 17:13:15'),
(10, NULL, 1, 'صفر', 'یارعلی', '2032073726', 'حاجی محمد', 0, 0, '1392/01/23', '09368860285', '', '', 0, '', 1, 1, 4, 6, 4, NULL, '', '2017-03-11 17:13:16', '2017-03-11 17:13:16'),
(11, NULL, 1, 'اسماعیل', 'علی خانی', '4569926223', 'عبدالمحمد', 0, 0, '1392/01/23', '', '', '', 0, '', 1, 1, 4, 6, 4, NULL, '', '2017-03-11 17:13:17', '2017-03-11 17:13:17'),
(12, NULL, 1, 'بهزاد', 'فرهنگ فر', '4285727293', 'رضا', 0, 0, '1392/01/23', '', '', '', 0, '', 1, 1, 4, 6, 4, NULL, '', '2017-03-11 17:13:18', '2017-03-11 17:13:18'),
(13, NULL, 1, 'سینا', 'مدیر رحمتی', '-', 'بصیر', 0, 0, '1392/01/26', '', '', '', 0, '', 1, 1, 4, 6, 4, NULL, '', '2017-03-11 17:13:19', '2017-03-11 17:13:19'),
(14, NULL, 1, 'سید مصطفی', 'قضاتی', '0068377886', 'بهروز', 0, 0, '1392/01/26', '09123486461', '', '', 0, '', 1, 1, 4, 6, 4, NULL, '', '2017-03-11 17:13:20', '2017-03-11 17:13:20'),
(15, NULL, 1, 'مهدی', 'خاک زاده', '-', '-', 0, 0, '1392/01/26', '', '', '', 0, '', 1, 1, 4, 6, 4, NULL, '', '2017-03-11 17:13:21', '2017-03-11 17:13:21'),
(16, NULL, 1, 'محمد', 'خان محمدی', '0010988408', '-', 0, 0, '1392/01/26', '09194267585', '', '', 0, '', 1, 1, 4, 6, 4, NULL, '', '2017-03-11 17:13:22', '2017-03-11 17:13:22'),
(17, NULL, 1, 'مسعود', 'نوری مطلق', '-', '-', 0, 0, '1392/01/29', '09183458848', '', '', 0, '', 1, 1, 4, 6, 4, NULL, '', '2017-03-11 17:13:23', '2017-03-11 17:13:23'),
(18, NULL, 1, 'عماد', 'ذوالقدر', '-', '-', 0, 0, '1392/01/29', '', '', '', 0, '', 1, 1, 4, 6, 4, NULL, '', '2017-03-11 17:13:24', '2017-03-11 17:13:24'),
(19, NULL, 1, 'عباس', 'بادلی', '2122883995', '-', 0, 0, '1392/01/29', '09356070823', '', '', 0, '', 1, 1, 4, 6, 4, NULL, '', '2017-03-11 17:13:25', '2017-03-11 17:13:25'),
(20, NULL, 1, 'کریم', 'عباسی', '2872056531', '-', 0, 0, '1392/01/29', '09361866452', '', '', 0, '', 1, 1, 4, 6, 4, NULL, '', '2017-03-11 17:13:26', '2017-03-11 17:13:26'),
(21, NULL, 1, 'نصیر', 'نمازی', '2032065312', '-', 0, 0, '1392/01/29', '09111721798', '', '', 0, '', 1, 1, 4, 6, 4, NULL, '', '2017-03-11 17:13:27', '2017-03-11 17:13:27'),
(22, NULL, 1, 'ساسان', 'خلیفه زاده', '1757146334', '-', 0, 0, '1392/01/29', '09194639461', '', '', 0, '', 1, 1, 4, 6, 4, NULL, '', '2017-03-11 17:13:28', '2017-03-11 17:13:28'),
(23, NULL, 1, 'عباسعلی', 'آزاد', '4869157411', 'ابراهیم', 0, 0, '1392/02/02', '09112724798', '', '', 0, '', 1, 1, 4, 6, 4, NULL, '', '2017-03-11 17:13:29', '2017-03-11 17:13:29'),
(24, NULL, 1, 'مهدی', 'بیگلری کامی', '5689990418', 'بیگلر', 0, 0, '1392/02/02', '09124572466', '', '', 0, '', 1, 1, 4, 6, 4, NULL, '', '2017-03-11 17:13:30', '2017-03-11 17:13:30'),
(25, NULL, 1, 'محمد', 'حاج محمدیان باغبان', '0322207525', 'کاظم', 0, 0, '1392/02/06', '09155097554', '', '', 0, '', 1, 1, 4, 6, 4, NULL, '', '2017-03-11 17:13:31', '2017-03-11 17:13:31'),
(26, NULL, 1, 'امین', 'عارفی', '0385970250', 'محمود', 0, 0, '1392/02/06', '09127489795', '', '', 0, '', 1, 1, 4, 6, 4, NULL, '', '2017-03-11 17:13:32', '2017-03-11 17:13:32'),
(27, NULL, 1, 'بهبد', 'نعمتی نژاد', '2064716841', 'قاسم', 0, 0, '1392/02/07', '09355873739', '', '', 0, '', 1, 1, 4, 6, 4, NULL, '', '2017-03-11 17:13:33', '2017-03-11 17:13:33'),
(28, NULL, 1, 'محمد', 'احمدی', '0082229228', 'ایرج', 0, 0, '1392/02/07', '09125705192', '', '', 0, '', 1, 1, 4, 6, 4, NULL, '', '2017-03-11 17:13:34', '2017-03-11 17:13:34'),
(29, NULL, 1, 'وحید', 'ستار', '-', '-', 0, 0, '1392/02/07', '', '', '', 0, '', 1, 1, 4, 6, 4, NULL, '', '2017-03-11 17:13:35', '2017-03-11 17:13:35'),
(30, NULL, 1, 'مجتبی', 'سلیمانی', '0941409988', 'عباس', 0, 0, '1392/02/07', '09151206928', '', '', 0, '', 1, 1, 4, 6, 4, NULL, '', '2017-03-11 17:13:36', '2017-03-11 17:13:36'),
(31, NULL, 1, 'سید رحیم', 'حسینی', '0946377340', 'عبداله', 0, 0, '1392/02/07', '09198716967', '', '', 0, '', 1, 1, 4, 6, 4, NULL, '', '2017-03-11 17:13:37', '2017-03-11 17:13:37'),
(32, NULL, 1, 'علی', 'وهداب', '2300544369', 'نجف', 0, 0, '1392/02/09', '09171124068', '', '', 0, '', 1, 1, 4, 6, 4, NULL, '', '2017-03-11 17:13:38', '2017-03-11 17:13:38'),
(33, NULL, 1, 'نوید', 'نقی زاده قمی', '0010632913', 'مسعود', 0, 0, '1392/02/09', '09124438363', '', '', 0, '', 1, 1, 4, 6, 4, NULL, '', '2017-03-11 17:13:39', '2017-03-11 17:13:39'),
(34, NULL, 1, 'هومن', 'انگورانی', '-', 'محمد رضا', 0, 0, '1392/02/10', '09123170445', '', '', 0, '', 1, 1, 4, 6, 4, NULL, '', '2017-03-11 17:13:40', '2017-03-11 17:13:40'),
(35, NULL, 1, 'میثم', 'سبزعلی پور چهارطاقی', '3120033138', 'رضا', 0, 0, '1392/02/10', '09385734701', '', '', 0, '', 1, 1, 4, 6, 4, NULL, '', '2017-03-11 17:13:41', '2017-03-11 17:13:41'),
(36, NULL, 1, 'حسام الدین', 'نجاتی حاتمیان', '0941515931', 'غلامحسین', 0, 0, '1392/02/10', '', '', '', 0, '', 1, 1, 4, 6, 4, NULL, '', '2017-03-11 17:13:42', '2017-03-11 17:13:42'),
(37, NULL, 1, 'علی', 'منصوری کرمانشاهی', '2301104338', 'غلامحسین', 0, 0, '1392/02/10', '09352617424', '', '', 0, '', 1, 1, 4, 6, 4, NULL, '', '2017-03-11 17:13:43', '2017-03-11 17:13:43'),
(38, NULL, 1, 'علی', 'نعیمی', '0902443410', 'غلامرضا', 0, 0, '1392/02/10', '09151339400', '', '', 0, '', 1, 1, 4, 6, 4, NULL, '', '2017-03-11 17:13:44', '2017-03-11 17:13:44'),
(39, NULL, 1, 'حمید', 'یوسفی مشعوف', '3875537701', 'رسول', 0, 0, '1392/02/10', '09183146814', '', '', 0, '', 1, 1, 4, 6, 4, NULL, '', '2017-03-11 17:13:45', '2017-03-11 17:13:45'),
(40, NULL, 1, 'شاهپور', 'طالشی', '0323759459', 'رضا', 0, 0, '1392/02/10', '09377807956', '', '', 0, '', 1, 1, 4, 6, 4, NULL, '', '2017-03-11 17:13:46', '2017-03-11 17:13:46'),
(41, NULL, 1, 'حسن', 'رضایی', '2143270313', 'رضا', 0, 0, '1392/02/10', '09113208747', '', '', 0, '', 1, 1, 4, 6, 4, NULL, '', '2017-03-11 17:13:47', '2017-03-11 17:13:47'),
(42, NULL, 1, 'عرفان', 'بالابندی ثانی', '2219805417', 'عبدالعلی', 0, 0, '1392/02/11', '09391741375', '', '', 0, '', 1, 1, 4, 6, 4, NULL, '', '2017-03-11 17:13:48', '2017-03-11 17:13:48'),
(43, NULL, 1, 'حسین', 'فلاحی', '6179965951', '-', 0, 0, '1392/02/11', '09357222393', '', '', 0, '', 1, 1, 4, 6, 4, NULL, '', '2017-03-11 17:13:49', '2017-03-11 17:13:49'),
(44, NULL, 1, 'مهدی', 'هاوشکی', '0793832942', 'باقر', 0, 0, '1392/02/11', '09354658816', '', '', 0, '', 1, 1, 4, 6, 4, NULL, '', '2017-03-11 17:13:50', '2017-03-11 17:13:50'),
(45, NULL, 1, 'محسن', 'مقتدایی', '-', 'علی', 0, 0, '1392/02/11', '09123968312', '', '', 0, '', 1, 1, 4, 6, 4, NULL, '', '2017-03-11 17:13:51', '2017-03-11 17:13:51'),
(46, NULL, 1, 'حمید', 'مجاهدفر', '4420055952', 'محمدحسین', 0, 0, '1392/02/13', '09132526832', '', '', 0, '', 1, 1, 4, 6, 4, NULL, '', '2017-03-11 17:13:52', '2017-03-11 17:13:52'),
(47, NULL, 1, 'شایان', 'داونی', '2300901501', '-', 0, 0, '1392/02/13', '09371146937', '', '', 0, '', 1, 1, 4, 6, 4, NULL, '', '2017-03-11 17:13:53', '2017-03-11 17:13:53'),
(48, NULL, 1, 'محمد', 'خرسند', '0682451053', '-', 0, 0, '1392/02/13', '09155850276', '', '', 0, '', 1, 1, 4, 6, 4, NULL, '', '2017-03-11 17:13:54', '2017-03-11 17:13:54'),
(49, NULL, 1, 'جلال', 'ندیمی', '0940024012', 'حسین', 0, 0, '1392/02/13', '09151059521', '', '', 0, '', 1, 1, 4, 6, 4, NULL, '', '2017-03-11 17:13:55', '2017-03-11 17:13:55'),
(50, NULL, 1, 'علی اصغر', 'زرگرزاده', '-', 'محمدحسین', 0, 0, '1392/02/13', '09355526056', '', '', 0, '', 1, 1, 4, 6, 4, NULL, '', '2017-03-11 17:13:56', '2017-03-11 17:13:56'),
(51, NULL, 1, 'سید مصطفی', 'محمدپور نارنجی', '0945735537', 'سید ابوالقاسم', 0, 0, '1392/02/13', '09151179522', '', '', 0, '', 1, 1, 4, 6, 4, NULL, '', '2017-03-11 17:13:57', '2017-03-11 17:13:57'),
(52, NULL, 1, 'مهدی', 'هاجری', '0946946639', 'ابوالحسن', 0, 0, '1392/02/14', '09153227413', '', '', 0, '', 1, 1, 4, 6, 4, NULL, '', '2017-03-11 17:13:58', '2017-03-11 17:13:58'),
(53, NULL, 1, 'مهدی', 'حمیدی', '-', '-', 0, 0, '1392/02/15', '', '', '', 0, '', 1, 1, 4, 6, 4, NULL, '', '2017-03-11 17:13:59', '2017-03-11 17:13:59'),
(54, NULL, 1, 'بهروز', 'محمدی', '-', '-', 0, 0, '1392/02/15', '', '', '', 0, '', 1, 1, 4, 6, 4, NULL, '', '0000-00-00 00:00:00', '0000-00-00 00:00:00'),
(55, NULL, 1, 'مهران', 'ثمری', '1210014866', 'محسن', 0, 0, '1392/02/15', '', '', '', 0, '', 1, 1, 4, 6, 4, NULL, '', '0000-00-00 00:00:00', '0000-00-00 00:00:00'),
(56, NULL, 1, 'امین', 'عباسی', '2631668081', 'اسفندیار', 0, 0, '1392/02/15', '09196329547', '', '', 0, '', 1, 1, 4, 6, 4, NULL, '', '0000-00-00 00:00:00', '0000-00-00 00:00:00'),
(57, NULL, 1, 'محمد مهدی', 'روشنکار', '0079754422', 'عبدالحمید', 0, 0, '1392/02/17', '09122936945', '', '', 0, '', 1, 1, 4, 6, 4, NULL, '', '0000-00-00 00:00:00', '0000-00-00 00:00:00'),
(58, NULL, 1, 'وهاب', 'والامنش', '0082141071', 'حسین', 0, 0, '1392/02/17', '09392305695', '', '', 0, '', 1, 1, 4, 6, 4, NULL, '', '0000-00-00 00:00:00', '0000-00-00 00:00:00'),
(59, NULL, 1, 'ولی اله', 'قوهستانی', '2572602441', 'نصرالله', 0, 0, '1392/02/18', '09179331056', '', '', 0, '', 1, 1, 4, 6, 4, NULL, '', '0000-00-00 00:00:00', '0000-00-00 00:00:00'),
(60, NULL, 1, 'میثم', 'اسدی دعوتی', '4911779470', 'ولی الله', 0, 0, '1392/02/18', '09391096645', '', '', 0, '', 1, 1, 4, 6, 4, NULL, '', '0000-00-00 00:00:00', '0000-00-00 00:00:00'),
(61, NULL, 1, 'رشید', 'پنهانی', '2959961511', 'محمد رسول', 0, 0, '1392/02/18', '09370462147', '', '', 0, '', 1, 1, 4, 6, 4, NULL, '', '0000-00-00 00:00:00', '0000-00-00 00:00:00'),
(62, NULL, 1, 'محمدعلی', 'عامری سیانکی', '0075637596', 'مجید', 0, 0, '1392/02/18', '09125394360', '', '', 0, '', 1, 1, 4, 6, 4, NULL, '', '0000-00-00 00:00:00', '0000-00-00 00:00:00'),
(63, NULL, 1, 'میلاد', 'اصغری املشی', '6309961349', 'غلامرضا', 0, 0, '1392/02/18', '09118396914', '', '', 0, '', 1, 1, 4, 6, 4, NULL, '', '0000-00-00 00:00:00', '0000-00-00 00:00:00'),
(64, NULL, 1, 'امین', 'بیرامی اینانلو', '1450310931', 'نورعلی', 0, 0, '1392/02/20', '09149541495', '', '', 0, '', 1, 1, 4, 6, 4, NULL, '', '0000-00-00 00:00:00', '0000-00-00 00:00:00'),
(65, NULL, 1, 'کریم', 'بیرامی اینانلو', '1467255955', 'نورعلی', 0, 0, '1392/02/22', '09149864757', '', '', 0, '', 1, 1, 4, 6, 4, NULL, '', '0000-00-00 00:00:00', '0000-00-00 00:00:00'),
(66, NULL, 1, 'مرتضی', 'عاشوری', '5189937801', 'علی اکبر', 0, 0, '1392/02/23', '09119351279', '', '', 0, '', 1, 1, 4, 6, 4, NULL, '', '0000-00-00 00:00:00', '0000-00-00 00:00:00'),
(67, NULL, 1, 'امیر', 'بیرامی', '2754483071', 'غلامرضا', 0, 0, '1392/02/23', '09149409218', '', '', 0, '', 1, 1, 4, 6, 4, NULL, '', '0000-00-00 00:00:00', '0000-00-00 00:00:00'),
(68, NULL, 1, 'اسکندر', 'فرجی', '2949926460', 'عبدالکریم', 0, 0, '1392/02/23', '09308159955', '', '', 0, '', 1, 1, 4, 6, 4, NULL, '', '0000-00-00 00:00:00', '0000-00-00 00:00:00'),
(69, NULL, 1, 'عطاالله', 'هاشمی', '0453348505', 'فریبرز', 0, 0, '1392/02/23', '09124448813', '', '', 0, '', 1, 1, 4, 6, 4, NULL, '', '0000-00-00 00:00:00', '0000-00-00 00:00:00'),
(70, NULL, 1, 'فرزاد', 'نعمتی', '4621841181', 'محمدحسین', 0, 0, '1392/02/24', '09385400661', '', '', 0, '', 1, 1, 4, 6, 4, NULL, '', '0000-00-00 00:00:00', '0000-00-00 00:00:00'),
(71, NULL, 1, 'وحید', 'اسپان منش', '0946879028', 'حسن', 0, 0, '1392/02/24', '09154046995', '', '', 0, '', 1, 1, 4, 6, 4, NULL, '', '0000-00-00 00:00:00', '0000-00-00 00:00:00'),
(72, NULL, 1, 'حمید', 'عابدین زاده', '0946667039', 'اسماعیل', 0, 0, '1392/02/24', '09369155878', '', '', 0, '', 1, 1, 4, 6, 4, NULL, '', '0000-00-00 00:00:00', '0000-00-00 00:00:00'),
(73, NULL, 1, 'عبدالرحمن', 'صوفی محمدی', '2899883232', 'حسن', 0, 0, '1392/02/29', '09353264277', '', '', 0, '', 1, 1, 4, 6, 4, NULL, '', '0000-00-00 00:00:00', '0000-00-00 00:00:00'),
(74, NULL, 1, 'علی', 'وند کریمی', '0082714241', 'محمدرضا', 0, 0, '1392/02/29', '09195343615', '', '', 0, '', 1, 1, 4, 6, 4, NULL, '', '0000-00-00 00:00:00', '0000-00-00 00:00:00'),
(75, NULL, 1, 'مهرداد', 'داود زاده غلامی', '1757339541', 'حسنعلی', 0, 0, '1392/02/29', '', '', '', 0, '', 1, 1, 4, 6, 4, NULL, '', '0000-00-00 00:00:00', '0000-00-00 00:00:00'),
(76, NULL, 1, 'مهدی', 'منثوری', '2802867768', 'صفر', 0, 0, '1392/02/31', '09127938335', '', '', 0, '', 1, 1, 4, 6, 4, NULL, '', '0000-00-00 00:00:00', '0000-00-00 00:00:00'),
(77, NULL, 1, 'سید کاوش', 'حسینی', '4591357368', 'کیکاووس', 0, 0, '1392/02/31', '09124244818', '', '', 0, '', 1, 1, 4, 6, 4, NULL, '', '0000-00-00 00:00:00', '0000-00-00 00:00:00'),
(78, NULL, 1, 'حسین', 'صالحی ملکشاه', '2050074611', 'رمضان', 0, 0, '1392/02/31', '09367065401', '', '', 0, '', 1, 1, 4, 6, 4, NULL, '', '0000-00-00 00:00:00', '0000-00-00 00:00:00'),
(79, NULL, 1, 'حمیدرضا', 'طالبی', '4051935353', 'یدالله', 0, 0, '1392/02/31', '09186084337', '', '', 0, '', 1, 1, 4, 6, 4, NULL, '', '0000-00-00 00:00:00', '0000-00-00 00:00:00'),
(80, NULL, 1, 'فرزین', 'عباسپور ثانی', '2755503114', 'رحمت', 0, 0, '1392/02/31', '09125888722', '', '', 0, '', 1, 1, 4, 6, 4, NULL, '', '0000-00-00 00:00:00', '0000-00-00 00:00:00'),
(81, NULL, 1, 'حمیدرضا', 'دانه پاش', '0078258219', 'عباس', 0, 0, '1392/03/05', '09121467865', '', '', 0, '', 1, 1, 4, 6, 4, NULL, '', '0000-00-00 00:00:00', '0000-00-00 00:00:00'),
(82, NULL, 1, 'محمد', 'شیبانی', '0941140636', 'خسرو', 0, 0, '1392/03/05', '09155158248', '', '', 0, '', 1, 1, 4, 6, 4, NULL, '', '0000-00-00 00:00:00', '0000-00-00 00:00:00'),
(83, NULL, 1, 'مهدی', 'سراج', '6599868878', '-', 0, 0, '1392/03/05', '09360555093', '', '', 0, '', 1, 1, 4, 6, 4, NULL, '', '0000-00-00 00:00:00', '0000-00-00 00:00:00'),
(84, NULL, 1, 'سید محمدرضا', 'ابطحی', '1091625786', 'احمد', 0, 0, '1392/03/05', '', '', '', 0, '', 1, 1, 4, 6, 4, NULL, '', '0000-00-00 00:00:00', '0000-00-00 00:00:00'),
(85, NULL, 1, 'محسن', 'خلعتبری', '2219841251', 'احمد', 0, 0, '1392/03/05', '09392923242', '', '', 0, '', 1, 1, 4, 6, 4, NULL, '', '0000-00-00 00:00:00', '0000-00-00 00:00:00'),
(86, NULL, 1, 'حمید', 'آذربخش', '0323646794', 'محسن', 0, 0, '1392/03/05', '09357323912', '', '', 0, '', 1, 1, 4, 6, 4, NULL, '', '0000-00-00 00:00:00', '0000-00-00 00:00:00'),
(87, NULL, 1, 'حسن', 'بناءرضوی', '0939037378', 'علب اکبر', 0, 0, '1392/03/05', '', '', '', 0, '', 1, 1, 4, 6, 4, NULL, '', '0000-00-00 00:00:00', '0000-00-00 00:00:00'),
(88, NULL, 1, 'علیرضا', 'شکیبا نیا', '0075301490', 'محمود', 0, 0, '1392/03/05', '09153110322', '', '', 0, '', 1, 1, 4, 6, 4, NULL, '', '0000-00-00 00:00:00', '0000-00-00 00:00:00'),
(89, NULL, 1, 'حبیب', 'رسولی', '0493386750', 'هاشم', 0, 0, '1392/03/05', '09124902162', '', '', 0, '', 1, 1, 4, 6, 4, NULL, '', '0000-00-00 00:00:00', '0000-00-00 00:00:00'),
(90, NULL, 1, 'حسن', 'گل قاسمی', '0083948635', 'علی', 0, 0, '1392/03/05', '09126281878', '', '', 0, '', 1, 1, 4, 6, 4, NULL, '', '0000-00-00 00:00:00', '0000-00-00 00:00:00'),
(91, NULL, 1, 'میلاد', 'نوری', '1292910781', 'منوچهر', 0, 0, '1392/03/05', '09131027285', '', '', 0, '', 1, 1, 4, 6, 4, NULL, '', '0000-00-00 00:00:00', '0000-00-00 00:00:00'),
(92, NULL, 1, 'رضا', 'شمس', '2093574829', 'علی', 0, 0, '1392/03/05', '', '', '', 0, '', 1, 1, 4, 6, 4, NULL, '', '0000-00-00 00:00:00', '0000-00-00 00:00:00'),
(93, NULL, 1, 'سید محمد', 'موسوی', '1129902153', 'اکبر', 0, 0, '1392/03/06', '09133727858', '', '', 0, '', 1, 1, 4, 6, 4, NULL, '', '0000-00-00 00:00:00', '0000-00-00 00:00:00'),
(94, NULL, 1, 'پارسا', 'پروانه رو', '1293326690', 'عباس', 0, 0, '1392/03/06', '09394289366', '', '', 0, '', 1, 1, 4, 6, 4, NULL, '', '0000-00-00 00:00:00', '0000-00-00 00:00:00'),
(95, NULL, 1, 'نیما', 'فروغی راد', '4133160231', 'محمدرضا ', 0, 0, '1392/03/06', '09355923558', '', '', 0, '', 1, 1, 4, 6, 4, NULL, '', '0000-00-00 00:00:00', '0000-00-00 00:00:00'),
(96, NULL, 1, 'حسین', 'کمیلی', '0939867631', 'غلامرضا', 0, 0, '1392/03/06', '09158783676', '', '', 0, '', 1, 1, 4, 6, 4, NULL, '', '0000-00-00 00:00:00', '0000-00-00 00:00:00'),
(97, NULL, 1, 'علی', 'گرجی زاده', '1990143091', 'عبدالرحمن', 0, 0, '1392/03/06', '09163452397', '', '', 0, '', 1, 1, 4, 6, 4, NULL, '', '0000-00-00 00:00:00', '0000-00-00 00:00:00'),
(98, NULL, 1, 'حمیدرضا', 'گل محمدی', '0012164593', 'مصطفی', 0, 0, '1392/03/11', '09192037249', '', '', 0, '', 1, 1, 4, 6, 4, NULL, '', '0000-00-00 00:00:00', '0000-00-00 00:00:00'),
(99, NULL, 1, 'امیر', 'وصالی ناصح', '3875575881', 'رضا', 0, 0, '1392/03/11', '09189017003', '', '', 0, '', 1, 1, 4, 6, 4, NULL, '', '0000-00-00 00:00:00', '0000-00-00 00:00:00'),
(100, NULL, 1, 'محمد', 'احمدی', '0603412653', 'علی ', 0, 0, '1392/03/11', '09123553474', '', '', 0, '', 1, 1, 4, 6, 4, NULL, '', '0000-00-00 00:00:00', '0000-00-00 00:00:00'),
(101, NULL, 1, 'مقداد', 'خلیل پور', '4269805447', 'بیژن', 0, 0, '1392/03/11', '09171481873', '', '', 0, '', 1, 1, 4, 6, 4, NULL, '', '0000-00-00 00:00:00', '0000-00-00 00:00:00'),
(102, NULL, 1, 'محمدعلی', 'اصغری ورزنه', '0077973402', 'احمد', 0, 0, '1392/03/11', '09126725850', '', '', 0, '', 1, 1, 4, 6, 4, NULL, '', '0000-00-00 00:00:00', '0000-00-00 00:00:00'),
(103, NULL, 1, 'مهدی', 'نیکویی', '2539884431', 'عبدالرضا', 0, 0, '1392/03/11', '', '', '', 0, '', 1, 1, 4, 6, 4, NULL, '', '0000-00-00 00:00:00', '0000-00-00 00:00:00'),
(104, NULL, 1, 'احمدرضا', 'الهی چورن', '6269958334', 'نادر', 0, 0, '1392/03/11', '', '', '', 0, '', 1, 1, 4, 6, 4, NULL, '', '0000-00-00 00:00:00', '0000-00-00 00:00:00'),
(105, NULL, 1, 'سید علی', 'شریعتی زارج', '0453505740', 'جعفر', 0, 0, '1392/03/12', '09126026916', '', '', 0, '', 1, 1, 4, 6, 4, NULL, '', '0000-00-00 00:00:00', '0000-00-00 00:00:00'),
(106, NULL, 1, 'امیر', 'بشیری پور', '1292351421', '-', 0, 0, '1392/03/12', '09135634776', '', '', 0, '', 1, 1, 4, 6, 4, NULL, '', '0000-00-00 00:00:00', '0000-00-00 00:00:00'),
(107, NULL, 1, 'مهدی', 'سمسار زاده', '-', '-', 0, 0, '1392/03/12', '', '', '', 0, '', 1, 1, 4, 6, 4, NULL, '', '0000-00-00 00:00:00', '0000-00-00 00:00:00'),
(108, NULL, 1, 'ایمان', 'اکبری', '0769968491', '-', 0, 0, '1392/03/12', '09159307695', '', '', 0, '', 1, 1, 4, 6, 4, NULL, '', '0000-00-00 00:00:00', '0000-00-00 00:00:00'),
(109, NULL, 1, 'حسین', 'ظاهر زاده', '0074967691', '-', 0, 0, '1392/03/13', '09123777010', '', '', 0, '', 1, 1, 4, 6, 4, NULL, '', '0000-00-00 00:00:00', '0000-00-00 00:00:00'),
(110, NULL, 1, 'پوریا', 'جعفری', '2130074979', 'شعبانعلی', 0, 0, '1392/03/13', '09359033652', '', '', 0, '', 1, 1, 4, 6, 4, NULL, '', '0000-00-00 00:00:00', '0000-00-00 00:00:00'),
(111, NULL, 1, 'جواد', 'صافحیان', '1062932048', 'غلامعلی', 0, 0, '1392/03/13', '09153515562', '', '', 0, '', 1, 1, 4, 6, 4, NULL, '', '0000-00-00 00:00:00', '0000-00-00 00:00:00'),
(112, NULL, 1, 'سعید', 'رحمتی', '0080282393', 'حسن', 0, 0, '1392/03/19', '09122854303', '', '', 0, '', 1, 1, 4, 6, 4, NULL, '', '0000-00-00 00:00:00', '0000-00-00 00:00:00'),
(113, NULL, 1, 'عباس', 'کوچاری', '0071889108', 'داود', 0, 0, '1392/03/19', '09126363260', '', '', 0, '', 1, 1, 4, 6, 4, NULL, '', '0000-00-00 00:00:00', '0000-00-00 00:00:00'),
(114, NULL, 1, 'مهران', 'فراهی باهر', '1381793071', 'داود', 0, 0, '1392/03/21', '09144172368', '', '', 0, '', 1, 1, 4, 6, 4, NULL, '', '0000-00-00 00:00:00', '0000-00-00 00:00:00'),
(115, NULL, 1, 'میلاد', 'سوری', '0323197671', 'ابراهیم', 0, 0, '1392/03/21', '09373946251', '', '', 0, '', 1, 1, 4, 6, 4, NULL, '', '0000-00-00 00:00:00', '0000-00-00 00:00:00'),
(116, NULL, 1, 'امید', 'جوزاک', '1361739096', 'قربان', 0, 0, '1392/03/21', '09362850090', '', '', 0, '', 1, 1, 4, 6, 4, NULL, '', '0000-00-00 00:00:00', '0000-00-00 00:00:00'),
(117, NULL, 1, 'ناصر', 'کرمی', '4270052635', 'آیت الله', 0, 0, '1392/03/21', '09128412527', '', '', 0, '', 1, 1, 4, 6, 4, NULL, '', '0000-00-00 00:00:00', '0000-00-00 00:00:00'),
(118, NULL, 1, 'مهدی', 'رحیمی', '0682485950', 'اصغر', 0, 0, '1392/03/22', '09368721515', '', '', 0, '', 1, 1, 4, 6, 4, NULL, '', '0000-00-00 00:00:00', '0000-00-00 00:00:00'),
(119, NULL, 1, 'رامین', 'جزمی', '0682489727', 'مهدی', 0, 0, '1392/03/22', '09151881690', '', '', 0, '', 1, 1, 4, 6, 4, NULL, '', '0000-00-00 00:00:00', '0000-00-00 00:00:00'),
(120, NULL, 1, 'امیر اشکان', 'پور نوروز', '2471070256', 'ابراهیم', 0, 0, '1392/03/22', '09171047089', '', '', 0, '', 1, 1, 4, 6, 4, NULL, '', '0000-00-00 00:00:00', '0000-00-00 00:00:00'),
(121, NULL, 1, 'محمد', 'رمضانی مقدم', '0946376417', 'قربان محمد', 0, 0, '1392/03/22', '09195759520', '', '', 0, '', 1, 1, 4, 6, 4, NULL, '', '0000-00-00 00:00:00', '0000-00-00 00:00:00'),
(122, NULL, 1, 'مجتبی', 'مشهدی نژاد', '0946846138', 'حسین', 0, 0, '1392/03/22', '09155102537', '', '', 0, '', 1, 1, 4, 6, 4, NULL, '', '0000-00-00 00:00:00', '0000-00-00 00:00:00'),
(123, NULL, 1, 'نوید', 'خاتمیان', '-', 'محمدرضا', 0, 0, '1392/03/25', '09153078894', '', '', 0, '', 1, 1, 4, 6, 4, NULL, '', '0000-00-00 00:00:00', '0000-00-00 00:00:00'),
(124, NULL, 1, 'حمیدرضا', 'جعفری', '0945910819', 'محمدرضا', 0, 0, '1392/03/25', '09155033877', '', '', 0, '', 1, 1, 4, 6, 4, NULL, '', '0000-00-00 00:00:00', '0000-00-00 00:00:00'),
(125, NULL, 1, 'علیرضا', 'ربیعی', '4579906111', 'علی اصغر', 0, 0, '1392/03/25', '', '', '', 0, '', 1, 1, 4, 6, 4, NULL, '', '0000-00-00 00:00:00', '0000-00-00 00:00:00'),
(126, NULL, 1, 'حامد', 'راد مهدی', '0945716291', 'رضا', 0, 0, '1392/03/27', '09151040927', '', '', 0, '', 1, 1, 4, 6, 4, NULL, '', '0000-00-00 00:00:00', '0000-00-00 00:00:00'),
(127, NULL, 1, 'احسان', 'علیزاده', '0920248268', 'محمد هادی', 0, 0, '1392/03/27', '09305206311', '', '', 0, '', 1, 1, 4, 6, 4, NULL, '', '0000-00-00 00:00:00', '0000-00-00 00:00:00'),
(128, NULL, 1, 'داریوش', 'نادری', '6469942830', 'محمد', 0, 0, '1392/03/27', '09189743766', '', '', 0, '', 1, 1, 4, 6, 4, NULL, '', '0000-00-00 00:00:00', '0000-00-00 00:00:00'),
(129, NULL, 1, 'محسن', 'بهادری', '1753864828', 'فرشاد', 0, 0, '1392/03/27', '09128882357', '', '', 0, '', 1, 1, 4, 6, 4, NULL, '', '0000-00-00 00:00:00', '0000-00-00 00:00:00'),
(130, NULL, 1, 'مصطفی', 'عدیل', '3934452396', 'علی محمد', 0, 0, '1392/03/29', '09189493075', '', '', 0, '', 1, 1, 4, 6, 4, NULL, '', '0000-00-00 00:00:00', '0000-00-00 00:00:00'),
(131, NULL, 1, 'رضا', 'اسماعیلی', '5729923872', 'علی', 0, 0, '1392/03/29', '09153322142', '', '', 0, '', 1, 1, 4, 6, 4, NULL, '', '0000-00-00 00:00:00', '0000-00-00 00:00:00'),
(132, NULL, 1, 'امیر', 'جودی هریس', '0081677324', 'عبدالغفار', 0, 0, '1392/03/29', '09355625433', '', '', 0, '', 1, 1, 4, 6, 4, NULL, '', '0000-00-00 00:00:00', '0000-00-00 00:00:00'),
(133, NULL, 1, 'محمدرضا', 'احمدی بشکانی', '4489925395', 'رسول', 0, 0, '1392/03/29', '09134517296', '', '', 0, '', 1, 1, 4, 6, 4, NULL, '', '0000-00-00 00:00:00', '0000-00-00 00:00:00'),
(134, NULL, 1, 'مهدی', 'پلوئی', '0080099602', 'احمد', 0, 0, '1392/03/29', '09364331420', '', '', 0, '', 1, 1, 4, 6, 4, NULL, '', '0000-00-00 00:00:00', '0000-00-00 00:00:00'),
(135, NULL, 1, 'مصطفی', 'صالحی احمد آباد', '0939084457', 'علی', 0, 0, '1392/03/29', '09358718491', '', '', 0, '', 1, 1, 4, 6, 4, NULL, '', '0000-00-00 00:00:00', '0000-00-00 00:00:00'),
(136, NULL, 1, 'سعید', 'ایل بیگی قلعه نی', '0703679767', 'عزیزالله', 0, 0, '1392/04/01', '09308734383', '', '', 0, '', 1, 1, 4, 6, 4, NULL, '', '0000-00-00 00:00:00', '0000-00-00 00:00:00'),
(137, NULL, 1, 'بهنام', 'ملکی', '4040077342', 'احمد علی', 0, 0, '1392/04/01', '09331022381', '', '', 0, '', 1, 1, 4, 6, 4, NULL, '', '0000-00-00 00:00:00', '0000-00-00 00:00:00'),
(138, NULL, 1, 'مجتبی', 'نیکوزاد', '5729971443', 'غلامحسین', 0, 0, '1392/04/08', '09197105718', '', '', 0, '', 1, 1, 4, 6, 4, NULL, '', '0000-00-00 00:00:00', '0000-00-00 00:00:00'),
(139, NULL, 1, 'مازیار', 'وطنی', '0682421820', 'حبیب الله ', 0, 0, '1392/04/09', '09356107780', '', '', 0, '', 1, 1, 4, 6, 4, NULL, '', '0000-00-00 00:00:00', '0000-00-00 00:00:00'),
(140, NULL, 1, 'حامد', 'عابدینی', '0063677539', 'احمد', 0, 0, '1392/04/09', '09122839580', '', '', 0, '', 1, 1, 4, 6, 4, NULL, '', '0000-00-00 00:00:00', '0000-00-00 00:00:00'),
(141, NULL, 1, 'محمدرضا', 'سلیمانی', '4324394938', 'جعفر', 0, 0, '1392/04/09', '09127860105', '', '', 0, '', 1, 1, 4, 6, 4, NULL, '', '0000-00-00 00:00:00', '0000-00-00 00:00:00'),
(142, NULL, 1, 'محمد', 'معلمی اوره', '0010567798', 'حسن', 0, 0, '1392/04/09', '09127202195', '', '', 0, '', 1, 1, 4, 6, 4, NULL, '', '0000-00-00 00:00:00', '0000-00-00 00:00:00'),
(143, NULL, 1, 'مجید', 'کیا کجوری', '2200683294', 'محمد نوش', 0, 0, '1392/04/09', '09367509001', '', '', 0, '', 1, 1, 4, 6, 4, NULL, '', '0000-00-00 00:00:00', '0000-00-00 00:00:00'),
(144, NULL, 1, 'شهریار', 'مهروند', '1382105916', 'عزیز', 0, 0, '1392/04/09', '09143089019', '', '', 0, '', 1, 1, 4, 6, 4, NULL, '', '0000-00-00 00:00:00', '0000-00-00 00:00:00'),
(145, NULL, 1, 'مسعود', 'مهروند', '1381740189', 'عزیز', 0, 0, '1392/04/10', '09143092640', '', '', 0, '', 1, 1, 4, 6, 4, NULL, '', '0000-00-00 00:00:00', '0000-00-00 00:00:00'),
(146, NULL, 1, 'سید محمدرضا', 'کریمی', '-', 'سید محسن', 0, 0, '1392/04/10', '09367013751', '', '', 0, '', 1, 1, 4, 6, 4, NULL, '', '0000-00-00 00:00:00', '0000-00-00 00:00:00'),
(147, NULL, 1, 'میلاد', 'شاهرخ زاده', '0946494231', 'حسن', 0, 0, '1392/04/12', '09159181075', '', '', 0, '', 1, 1, 4, 6, 4, NULL, '', '0000-00-00 00:00:00', '0000-00-00 00:00:00'),
(148, NULL, 1, 'بهنام', 'گلفشان', '0083105255', 'محمدرضا', 0, 0, '1392/04/13', '09125886123', '', '', 0, '', 1, 1, 4, 6, 4, NULL, '', '0000-00-00 00:00:00', '0000-00-00 00:00:00'),
(149, NULL, 1, 'توفان', 'سماپور', '4569570161', 'ذبیح الله', 0, 0, '1392/04/13', '09113813765', '', '', 0, '', 1, 1, 4, 6, 4, NULL, '', '0000-00-00 00:00:00', '0000-00-00 00:00:00'),
(150, NULL, 1, 'فرزاد', 'دولت آبادی', '0780076699', 'علی اکبر', 0, 0, '1392/04/13', '09155728166', '', '', 0, '', 1, 1, 4, 6, 4, NULL, '', '0000-00-00 00:00:00', '0000-00-00 00:00:00'),
(151, NULL, 1, 'حسین', 'سلطان آبادی', '0082036659', 'حمید', 0, 0, '1392/04/13', '09396395905', '', '', 0, '', 1, 1, 4, 6, 4, NULL, '', '0000-00-00 00:00:00', '0000-00-00 00:00:00'),
(152, NULL, 1, 'مصطفی', 'رحیمی', '0010742891', 'امیر', 0, 0, '1392/04/13', '09127987532', '', '', 0, '', 1, 1, 4, 6, 4, NULL, '', '0000-00-00 00:00:00', '0000-00-00 00:00:00'),
(153, NULL, 1, 'حامد', 'خراسانی طرقی', '0682475130', 'حسن', 0, 0, '1392/04/13', '09155851642', '', '', 0, '', 1, 1, 4, 6, 4, NULL, '', '0000-00-00 00:00:00', '0000-00-00 00:00:00'),
(154, NULL, 1, 'هادی', 'فهیم زاده', '2219893529', 'مهدی', 0, 0, '1392/04/13', '09351894051', '', '', 0, '', 1, 1, 4, 6, 4, NULL, '', '0000-00-00 00:00:00', '0000-00-00 00:00:00'),
(155, NULL, 1, 'محمد', 'اسلامی', '5769966424', 'عباس', 0, 0, '1392/04/13', '09366905559', '', '', 0, '', 1, 1, 4, 6, 4, NULL, '', '0000-00-00 00:00:00', '0000-00-00 00:00:00'),
(156, NULL, 1, 'حاتم', 'معلم', '0702653659', 'محمد حسن', 0, 0, '1392/04/16', '09399624307', '', '', 0, '', 1, 1, 4, 6, 4, NULL, '', '0000-00-00 00:00:00', '0000-00-00 00:00:00'),
(157, NULL, 1, 'یعقوب', 'اربابی', '0067456987', 'افسر', 0, 0, '1392/04/17', '09372350166', '', '', 0, '', 1, 1, 4, 6, 4, NULL, '', '0000-00-00 00:00:00', '0000-00-00 00:00:00'),
(158, NULL, 1, 'وحید', 'ایزدی', '3875706013', 'حسین', 0, 0, '1392/04/18', '09189153471', '', '', 0, '', 1, 1, 4, 6, 4, NULL, '', '0000-00-00 00:00:00', '0000-00-00 00:00:00'),
(159, NULL, 1, 'مرتضی', 'ربیعی', '3860142291', 'ابراهیم', 0, 0, '1392/04/18', '09362393662', '', '', 0, '', 1, 1, 4, 6, 4, NULL, '', '0000-00-00 00:00:00', '0000-00-00 00:00:00'),
(160, NULL, 1, 'روزبه', 'فریدونی', '2300102331', 'اردوان', 0, 0, '1392/04/18', '09173050276', '', '', 0, '', 1, 1, 4, 6, 4, NULL, '', '0000-00-00 00:00:00', '0000-00-00 00:00:00'),
(161, NULL, 1, 'امیرحسن', 'سلطانی', '1292307201', 'محمدرضا', 0, 0, '1392/04/18', '09132101946', '', '', 0, '', 1, 1, 4, 6, 4, NULL, '', '0000-00-00 00:00:00', '0000-00-00 00:00:00'),
(162, NULL, 1, 'ابراهیم', 'کیقبادی‌فر', '1292344505', 'محمود', 0, 0, '1392/04/22', '09132701370', '', '', 0, '', 1, 1, 4, 6, 4, NULL, '', '0000-00-00 00:00:00', '0000-00-00 00:00:00'),
(163, NULL, 1, 'محمد', 'مرامی بانی', '1379484881', 'علیقلی', 0, 0, '1392/04/22', '09364722266', '', '', 0, '', 1, 1, 4, 6, 4, NULL, '', '0000-00-00 00:00:00', '0000-00-00 00:00:00'),
(164, NULL, 1, 'امین', 'دردشتی‌نیا', '1293239615', 'رضا', 0, 0, '1392/04/22', '09133087658', '', '', 0, '', 1, 1, 4, 6, 4, NULL, '', '0000-00-00 00:00:00', '0000-00-00 00:00:00'),
(165, NULL, 1, 'سید رضا', 'موسوی بایگی', '0944721941', 'حسین', 0, 0, '1392/04/22', '09153043914', '', '', 0, '', 1, 1, 4, 6, 4, NULL, '', '0000-00-00 00:00:00', '0000-00-00 00:00:00'),
(166, NULL, 1, 'ابوالفضل', 'مختاری حسن آباد', '0077393848', '-', 0, 0, '1392/04/22', '09123163587', '', '', 0, '', 1, 1, 4, 6, 4, NULL, '', '0000-00-00 00:00:00', '0000-00-00 00:00:00'),
(167, NULL, 1, 'مهدی', 'مدرسی', '1819902196', 'علی', 0, 0, '1392/04/22', '09125549459', '', '', 0, '', 1, 1, 4, 6, 4, NULL, '', '0000-00-00 00:00:00', '0000-00-00 00:00:00'),
(168, NULL, 1, 'احسان', 'جلیلوند', '-', 'ابراهیم', 0, 0, '1392/04/22', '09127114587', '', '', 0, '', 1, 1, 4, 6, 4, NULL, '', '0000-00-00 00:00:00', '0000-00-00 00:00:00'),
(169, NULL, 1, 'مهدی', 'روحی برندق', '1639919058', 'اردشیر', 0, 0, '1392/04/22', '09111392197', '', '', 0, '', 1, 1, 4, 6, 4, NULL, '', '0000-00-00 00:00:00', '0000-00-00 00:00:00'),
(170, NULL, 1, 'محمد ابراهیم', 'الهیان', '0386148813', 'مجتبی', 0, 0, '1392/04/22', '09354964917', '', '', 0, '', 1, 1, 4, 6, 4, NULL, '', '0000-00-00 00:00:00', '0000-00-00 00:00:00'),
(171, NULL, 1, 'علیرضا', 'عزیزی', '1382577508', 'ایواله', 0, 0, '1392/04/23', '09147320508', '', '', 0, '', 1, 1, 4, 6, 4, NULL, '', '0000-00-00 00:00:00', '0000-00-00 00:00:00'),
(172, NULL, 1, 'عباس علی', 'کرمی', '4031801076', 'علی', 0, 0, '1392/04/23', '09189021137', '', '', 0, '', 1, 1, 4, 6, 4, NULL, '', '0000-00-00 00:00:00', '0000-00-00 00:00:00'),
(173, NULL, 1, 'حمید', 'منتظری نجف آبادی', '1092088644', 'محمدعلی', 0, 0, '1392/04/27', '09357047728', '', '', 0, '', 1, 1, 4, 6, 4, NULL, '', '0000-00-00 00:00:00', '0000-00-00 00:00:00'),
(174, NULL, 1, 'عبدالله', 'رحیمی دراز آب', '0732491193', 'موسی', 0, 0, '1392/04/27', '09159278171', '', '', 0, '', 1, 1, 4, 6, 4, NULL, '', '0000-00-00 00:00:00', '0000-00-00 00:00:00'),
(175, NULL, 1, 'بهنام', 'زاهدی مهر', '0070266689', 'مهرعلی', 0, 0, '1392/04/27', '09124705816', '', '', 0, '', 1, 1, 4, 6, 4, NULL, '', '0000-00-00 00:00:00', '0000-00-00 00:00:00'),
(176, NULL, 1, 'ابراهیم', 'گرزین', '4592233891', 'علی اکبر', 0, 0, '1392/04/27', '09196678495', '', '', 0, '', 1, 1, 4, 6, 4, NULL, '', '0000-00-00 00:00:00', '0000-00-00 00:00:00'),
(177, NULL, 1, 'ابراهیم', 'امدادی جعفرآبادی', '2595816640', 'بیاضعلی', 0, 0, '1392/04/27', '09125617195', '', '', 0, '', 1, 1, 4, 6, 4, NULL, '', '0000-00-00 00:00:00', '0000-00-00 00:00:00'),
(178, NULL, 1, 'ابراهیم', 'عوض کننده قراول', '0935610138', 'خلیل', 0, 0, '1392/04/27', '09156267596', '', '', 0, '', 1, 1, 4, 6, 4, NULL, '', '0000-00-00 00:00:00', '0000-00-00 00:00:00'),
(179, NULL, 1, 'قادر', 'ابراهیم پور', '1450046517', 'ابراهیم', 0, 0, '1392/04/27', '09148104801', '', '', 0, '', 1, 1, 4, 6, 4, NULL, '', '0000-00-00 00:00:00', '0000-00-00 00:00:00'),
(180, NULL, 1, 'علی', 'پیروزی', '0740003119', 'غلامحسین', 0, 0, '1392/04/27', '09305870746', '', '', 0, '', 1, 1, 4, 6, 4, NULL, '', '0000-00-00 00:00:00', '0000-00-00 00:00:00'),
(181, NULL, 1, 'محمد حسین', 'موسی بیگی سامان', '0080989918', 'محمدرضا', 0, 0, '1392/04/27', '09123175979', '', '', 0, '', 1, 1, 4, 6, 4, NULL, '', '0000-00-00 00:00:00', '0000-00-00 00:00:00'),
(182, NULL, 1, 'امین', 'بهرامی زاده', '1064007996', 'غلامرضا', 0, 0, '1392/05/01', '09124337623', '', '', 0, '', 1, 1, 4, 6, 4, NULL, '', '0000-00-00 00:00:00', '0000-00-00 00:00:00'),
(183, NULL, 1, 'سید احسان', 'مبینی پور', '0386257264', 'سید اصغر', 0, 0, '1392/05/01', '09190506242', '', '', 0, '', 1, 1, 4, 6, 4, NULL, '', '0000-00-00 00:00:00', '0000-00-00 00:00:00'),
(184, NULL, 1, 'سهیل', 'فرج زاده ها', '0080799426', 'محمد حسین', 0, 0, '1392/05/01', '09122868348', '', '', 0, '', 1, 1, 4, 6, 4, NULL, '', '0000-00-00 00:00:00', '0000-00-00 00:00:00'),
(185, NULL, 1, 'فرشاد', 'کاظمی', '1293136081', 'احمدرضا', 0, 0, '1392/05/01', '09127020865', '', '', 0, '', 1, 1, 4, 6, 4, NULL, '', '0000-00-00 00:00:00', '0000-00-00 00:00:00'),
(186, NULL, 1, 'سید علیرضا', 'باقریان', '0920364233', 'محمد جعفر', 0, 0, '1392/05/01', '09353382224', '', '', 0, '', 1, 1, 4, 6, 4, NULL, '', '0000-00-00 00:00:00', '0000-00-00 00:00:00'),
(187, NULL, 1, 'بهمن', 'حمزه لو', '4939983986', 'محمود', 0, 0, '1392/05/01', '09392763366', '', '', 0, '', 1, 1, 4, 6, 4, NULL, '', '0000-00-00 00:00:00', '0000-00-00 00:00:00'),
(188, NULL, 1, 'وحید', 'قبادی بگوند', '3359573137', 'غلامعلی', 0, 0, '1392/05/01', '09183381241', '', '', 0, '', 1, 1, 4, 6, 4, NULL, '', '0000-00-00 00:00:00', '0000-00-00 00:00:00'),
(189, NULL, 1, 'سید محمد', 'موسوی', '0920490867', 'سید علی اکبر', 0, 0, '1392/05/01', '09159038691', '', '', 0, '', 1, 1, 4, 6, 4, NULL, '', '0000-00-00 00:00:00', '0000-00-00 00:00:00'),
(190, NULL, 1, 'امین', 'عزیزی', '2032125692', 'حیدر', 0, 0, '1392/05/01', '09122435681', '', '', 0, '', 1, 1, 4, 6, 4, NULL, '', '0000-00-00 00:00:00', '0000-00-00 00:00:00'),
(191, NULL, 1, 'وحید', 'ذوالعلی', '2993693905', 'غضنفر', 0, 0, '1392/05/01', '09130483858', '', '', 0, '', 1, 1, 4, 6, 4, NULL, '', '0000-00-00 00:00:00', '0000-00-00 00:00:00'),
(192, NULL, 1, 'صباح', 'راموز', '0026334623', 'حسن', 0, 0, '1392/05/01', '09124144893', '', '', 0, '', 1, 1, 4, 6, 4, NULL, '', '0000-00-00 00:00:00', '0000-00-00 00:00:00'),
(193, NULL, 1, 'جلال', 'شریفی', '2909734447', 'محمد', 0, 0, '1392/05/01', '09149586844', '', '', 0, '', 1, 1, 4, 6, 4, NULL, '', '0000-00-00 00:00:00', '0000-00-00 00:00:00'),
(194, NULL, 1, 'مهدی', 'رستگاری', '0010648224', 'اصغر', 0, 0, '1392/05/13', '09127356884', '', '', 0, '', 1, 1, 4, 6, 4, NULL, '', '0000-00-00 00:00:00', '0000-00-00 00:00:00'),
(195, NULL, 1, 'حسین', 'چلنگر', '0010686142', 'رضا', 0, 0, '1392/05/13', '09124331493', '', '', 0, '', 1, 1, 4, 6, 4, NULL, '', '0000-00-00 00:00:00', '0000-00-00 00:00:00'),
(196, NULL, 1, 'بهنام', 'اسدیه', '1502662078', 'محمدعلی', 0, 0, '1392/05/16', '09147714821', '', '', 0, '', 1, 1, 4, 6, 4, NULL, '', '0000-00-00 00:00:00', '0000-00-00 00:00:00'),
(197, NULL, 1, 'محمدرضا', 'اسدی شهری', '0080036902', 'علی', 0, 0, '1392/05/17', '09122161301', '', '', 0, '', 1, 1, 4, 6, 4, NULL, '', '0000-00-00 00:00:00', '0000-00-00 00:00:00'),
(198, NULL, 1, 'آزاد', 'سرشار قهفرخی', '1293055247', 'حجت', 0, 0, '1392/05/17', '09360890608', '', '', 0, '', 1, 1, 4, 6, 4, NULL, '', '0000-00-00 00:00:00', '0000-00-00 00:00:00'),
(199, NULL, 1, 'احسان', 'مجدآبادی فراهانی', '0079414461', 'محمدرضا', 0, 0, '1392/05/17', '09124596673', '', '', 0, '', 1, 1, 4, 6, 4, NULL, '', '0000-00-00 00:00:00', '0000-00-00 00:00:00'),
(200, NULL, 1, 'احسان', 'کاظم زاده', '2803349353', 'کاظم', 0, 0, '1392/05/17', '09125397203', '', '', 0, '', 1, 1, 4, 6, 4, NULL, '', '0000-00-00 00:00:00', '0000-00-00 00:00:00'),
(201, NULL, 1, 'حمیدرضا', 'مقدم', '0323994504', 'قدرت', 0, 0, '1392/05/17', '09393749449', '', '', 0, '', 1, 1, 4, 6, 4, NULL, '', '0000-00-00 00:00:00', '0000-00-00 00:00:00'),
(202, NULL, 1, 'عباس', 'رییس زاده', '0920490794', 'غلامرضا', 0, 0, '1392/05/17', '09155009345', '', '', 0, '', 1, 1, 4, 6, 4, NULL, '', '0000-00-00 00:00:00', '0000-00-00 00:00:00'),
(203, NULL, 1, 'آرش', 'دکامیی', '3950070443', 'عابدین', 0, 0, '1392/05/17', '09122957902', '', '', 0, '', 1, 1, 4, 6, 4, NULL, '', '0000-00-00 00:00:00', '0000-00-00 00:00:00'),
(204, NULL, 1, 'عماد', 'رحمتی', '0079847730', 'عباس', 0, 0, '1392/05/17', '09125108808', '', '', 0, '', 1, 1, 4, 6, 4, NULL, '', '0000-00-00 00:00:00', '0000-00-00 00:00:00'),
(205, NULL, 1, 'سجاد', 'جنت بابایی', '2279967537', 'محمد', 0, 0, '1392/05/22', '09365045631', '', '', 0, '', 1, 1, 4, 6, 4, NULL, '', '0000-00-00 00:00:00', '0000-00-00 00:00:00'),
(206, NULL, 1, 'ایوب', 'شاهرودی', '3762305420', 'طاهر', 0, 0, '1392/05/22', '09360352561', '', '', 0, '', 1, 1, 4, 6, 4, NULL, '', '0000-00-00 00:00:00', '0000-00-00 00:00:00'),
(207, NULL, 1, 'مهدی', 'هوشی علوی', '0902455011', 'جمشید', 0, 0, '1392/05/22', '09152056481', '', '', 0, '', 1, 1, 4, 6, 4, NULL, '', '0000-00-00 00:00:00', '0000-00-00 00:00:00'),
(208, NULL, 1, 'کامبیز', 'ایرجی', '4433456535', 'رستم', 0, 0, '1392/05/26', '09173080217', '', '', 0, '', 1, 1, 4, 6, 4, NULL, '', '0000-00-00 00:00:00', '0000-00-00 00:00:00'),
(209, NULL, 1, 'بهنام', 'قلی پور خلیلی', '1360022716', 'ابوالفضل', 0, 0, '1392/05/26', '09144020889', '', '', 0, '', 1, 1, 4, 6, 4, NULL, '', '0000-00-00 00:00:00', '0000-00-00 00:00:00'),
(210, NULL, 1, 'محمدرضا', 'خراطی', '4563342792', 'محمد', 0, 0, '1392/05/29', '09358733700', '', '', 0, '', 1, 1, 4, 6, 4, NULL, '', '0000-00-00 00:00:00', '0000-00-00 00:00:00'),
(211, NULL, 1, 'علیرضا', 'یعقوبی‌زاده', '0060973137', 'عباس', 0, 0, '1392/05/29', '09384270077', '', '', 0, '', 1, 1, 4, 6, 4, NULL, '', '0000-00-00 00:00:00', '0000-00-00 00:00:00'),
(212, NULL, 1, 'رامین', 'پارساراد', '3258675988', 'محمد حسین', 0, 0, '1392/05/29', '09126722565', '', '', 0, '', 1, 1, 4, 6, 4, NULL, '', '0000-00-00 00:00:00', '0000-00-00 00:00:00'),
(213, NULL, 1, 'وحید', 'نصیری', '3934790534', 'محمدرضا', 0, 0, '1392/05/29', '09198082075', '', '', 0, '', 1, 1, 4, 6, 4, NULL, '', '0000-00-00 00:00:00', '0000-00-00 00:00:00'),
(214, NULL, 1, 'محمود', 'خاکساری', '4609447940', 'حسین', 0, 0, '1392/05/29', '09122314104', '', '', 0, '', 1, 1, 4, 6, 4, NULL, '', '0000-00-00 00:00:00', '0000-00-00 00:00:00'),
(215, NULL, 1, 'محمد', 'رافعی بروجنی', '4650714788', 'سعادت الله', 0, 0, '1392/05/29', '09357824920', '', '', 0, '', 1, 1, 4, 6, 4, NULL, '', '0000-00-00 00:00:00', '0000-00-00 00:00:00'),
(216, NULL, 1, 'فرزاد', 'میر', '0944974791', 'فریدون', 0, 0, '1392/06/02', '09369953839', '', '', 0, '', 1, 1, 4, 6, 4, NULL, '', '0000-00-00 00:00:00', '0000-00-00 00:00:00'),
(217, NULL, 1, 'دانیال', 'حسنی', '-', 'مسعود', 0, 0, '1392/06/02', '09122434763', '', '', 0, '', 1, 1, 4, 6, 4, NULL, '', '0000-00-00 00:00:00', '0000-00-00 00:00:00'),
(218, NULL, 1, 'وحید', 'رجبی', '0082419256', 'غلامعلی', 0, 0, '1392/06/02', '09194783855', '', '', 0, '', 1, 1, 4, 6, 4, NULL, '', '0000-00-00 00:00:00', '0000-00-00 00:00:00'),
(219, NULL, 1, 'یاسر', 'کولیوند', '6179856680', 'یوسف', 0, 0, '1392/06/02', '09376599668', '', '', 0, '', 1, 1, 4, 6, 4, NULL, '', '0000-00-00 00:00:00', '0000-00-00 00:00:00'),
(220, NULL, 1, 'حسن', 'کنعانی‌پور', '0082668264', 'احمد', 0, 0, '1392/06/02', '09125378048', '', '', 0, '', 1, 1, 4, 6, 4, NULL, '', '0000-00-00 00:00:00', '0000-00-00 00:00:00'),
(221, NULL, 1, 'محمد کاظم', 'صدوقی', '2150039354', 'عبدالعظیم', 0, 0, '1392/06/02', '09113240831', '', '', 0, '', 1, 1, 4, 6, 4, NULL, '', '0000-00-00 00:00:00', '0000-00-00 00:00:00'),
(222, NULL, 1, 'حسام', 'ملک لو', '0323444938', 'احمد علی', 0, 0, '1392/06/02', '09378363239', '', '', 0, '', 1, 1, 4, 6, 4, NULL, '', '0000-00-00 00:00:00', '0000-00-00 00:00:00'),
(223, NULL, 1, 'محمد مهدی', 'عابسی', '2064818987', 'حسین', 0, 0, '1392/06/02', '09119093408', '', '', 0, '', 1, 1, 4, 6, 4, NULL, '', '0000-00-00 00:00:00', '0000-00-00 00:00:00'),
(224, NULL, 1, 'سید میلاد', 'سعدآبادی', '-', 'سید عباس', 0, 0, '1392/06/02', '09376015189', '', '', 0, '', 1, 1, 4, 6, 4, NULL, '', '0000-00-00 00:00:00', '0000-00-00 00:00:00'),
(225, NULL, 1, 'مهدی', 'معتمدی', '1288452748', 'حسین', 0, 0, '1392/06/02', '09132002399', '', '', 0, '', 1, 1, 4, 6, 4, NULL, '', '0000-00-00 00:00:00', '0000-00-00 00:00:00'),
(226, NULL, 1, 'محمد', 'تفقدی', '4420184469', 'علی', 0, 0, '1392/06/05', '09131567510', '', '', 0, '', 1, 1, 4, 6, 4, NULL, '', '0000-00-00 00:00:00', '0000-00-00 00:00:00'),
(227, NULL, 1, 'امیر', 'اسماعیلی', '2889849368', 'محمد', 0, 0, '1392/06/05', '09361872996', '', '', 0, '', 1, 1, 4, 6, 4, NULL, '', '0000-00-00 00:00:00', '0000-00-00 00:00:00'),
(228, NULL, 1, 'علی', 'حاجی کرم', '0011153385', 'مصطفی', 0, 0, '1392/06/05', '09193385477', '', '', 0, '', 1, 1, 4, 6, 4, NULL, '', '0000-00-00 00:00:00', '0000-00-00 00:00:00'),
(229, NULL, 1, 'محمد', 'مجتبی علیمردان ذکریا', '0081497512', 'رحیم', 0, 0, '1392/06/05', '09191100552', '', '', 0, '', 1, 1, 4, 6, 4, NULL, '', '0000-00-00 00:00:00', '0000-00-00 00:00:00'),
(230, NULL, 1, 'سید مهرداد', 'حسینی', '2143220219', 'سید علی اکبر', 0, 0, '1392/06/05', '09113206083', '', '', 0, '', 1, 1, 4, 6, 4, NULL, '', '0000-00-00 00:00:00', '0000-00-00 00:00:00'),
(231, NULL, 1, 'احسان', 'سالاری بردسیری', '3179911999', 'فیض الله', 0, 0, '1392/06/05', '09363257158', '', '', 0, '', 1, 1, 4, 6, 4, NULL, '', '0000-00-00 00:00:00', '0000-00-00 00:00:00'),
(232, NULL, 1, 'توحید', 'ناصری', '2122709545', 'خلیل', 0, 0, '1392/06/05', '09381585883', '', '', 0, '', 1, 1, 4, 6, 4, NULL, '', '0000-00-00 00:00:00', '0000-00-00 00:00:00'),
(233, NULL, 1, 'محمود', 'منوچهری آملی', '2143092113', 'احمد', 0, 0, '1392/06/05', '09372156595', '', '', 0, '', 1, 1, 4, 6, 4, NULL, '', '0000-00-00 00:00:00', '0000-00-00 00:00:00'),
(234, NULL, 1, 'مهدی', 'نور نژاد ونوش', '2200742525', 'قدرت الله', 0, 0, '1392/06/13', '09119216151', '', '', 0, '', 1, 1, 4, 6, 4, NULL, '', '0000-00-00 00:00:00', '0000-00-00 00:00:00'),
(235, NULL, 1, 'مهدی', 'سلیمانی طادی', '1292745819', 'حبیب الله ', 0, 0, '1392/06/16', '09385371799', '', '', 0, '', 1, 1, 4, 6, 4, NULL, '', '0000-00-00 00:00:00', '0000-00-00 00:00:00'),
(236, NULL, 1, 'مهدی', 'بی غم', '1199852201', 'احمد', 0, 0, '1392/06/16', '09138257780', '', '', 0, '', 1, 1, 4, 6, 4, NULL, '', '0000-00-00 00:00:00', '0000-00-00 00:00:00'),
(237, NULL, 1, 'بیژن', 'دهقانی', '2372523759', 'کریم', 0, 0, '1392/06/16', '09173241184', '', '', 0, '', 1, 1, 4, 6, 4, NULL, '', '0000-00-00 00:00:00', '0000-00-00 00:00:00'),
(238, NULL, 1, 'برهان', 'رهنمای مقدم', '0653109865', 'بهزاد', 0, 0, '1392/06/16', '09358591389', '', '', 0, '', 1, 1, 4, 6, 4, NULL, '', '0000-00-00 00:00:00', '0000-00-00 00:00:00'),
(239, NULL, 1, 'حمید', 'اکبریه', '0078072719', 'نقی', 0, 0, '1392/06/16', '09123507550', '', '', 0, '', 1, 1, 4, 6, 4, NULL, '', '0000-00-00 00:00:00', '0000-00-00 00:00:00'),
(240, NULL, 1, 'علی', 'ناصری', '1270257463', 'رضا', 0, 0, '1392/06/16', '09384958330', '', '', 0, '', 1, 1, 4, 6, 4, NULL, '', '0000-00-00 00:00:00', '0000-00-00 00:00:00'),
(241, NULL, 1, 'علی', 'قربان نژادشانی', '2064816038', 'علی اکبر', 0, 0, '1392/06/16', '09388376657', '', '', 0, '', 1, 1, 4, 6, 4, NULL, '', '0000-00-00 00:00:00', '0000-00-00 00:00:00'),
(242, NULL, 1, 'سید علیرضا', 'مهدوی تالارپشتی', '2162573288', 'مهدی', 0, 0, '1392/06/16', '09119250032', '', '', 0, '', 1, 1, 4, 6, 4, NULL, '', '0000-00-00 00:00:00', '0000-00-00 00:00:00'),
(243, NULL, 1, 'آکو', 'یاری', '3732212394', 'حسن', 0, 0, '1392/06/16', '09183808007', '', '', 0, '', 1, 1, 4, 6, 4, NULL, '', '0000-00-00 00:00:00', '0000-00-00 00:00:00'),
(244, NULL, 1, 'احسان', 'قباخلو', '4609828251', 'جعفر', 0, 0, '1392/06/16', '09361401854', '', '', 0, '', 1, 1, 4, 6, 4, NULL, '', '0000-00-00 00:00:00', '0000-00-00 00:00:00'),
(245, NULL, 1, 'مسعود', 'مصلحی', '0083006801', 'حسن', 0, 0, '1392/06/16', '09397412246', '', '', 0, '', 1, 1, 4, 6, 4, NULL, '', '0000-00-00 00:00:00', '0000-00-00 00:00:00'),
(246, NULL, 1, 'احمد', 'بازیار', '2032148404', 'آتجان', 0, 0, '1392/07/08', '09388606342', '', '', 0, '', 1, 1, 4, 6, 4, NULL, '', '0000-00-00 00:00:00', '0000-00-00 00:00:00'),
(247, NULL, 1, 'مصطفی', 'رمضان پور', '1263506070', 'اسماعیل', 0, 0, '1392/06/21', '09353903313', '', '', 0, '', 1, 1, 4, 6, 4, NULL, '', '0000-00-00 00:00:00', '0000-00-00 00:00:00'),
(248, NULL, 1, 'علی', 'مظفری', '0370313585', 'محمدحسین', 0, 0, '1392/06/21', '09363909155', '', '', 0, '', 1, 1, 4, 6, 4, NULL, '', '0000-00-00 00:00:00', '0000-00-00 00:00:00'),
(249, NULL, 1, 'فایق', 'فتاحی', '2872292705', 'محمدامین', 0, 0, '1392/06/21', '09144420881', '', '', 0, '', 1, 1, 4, 6, 4, NULL, '', '0000-00-00 00:00:00', '0000-00-00 00:00:00'),
(250, NULL, 1, 'صادق', 'قهرمانی مجد', '3875805437', 'علی میرزا', 0, 0, '1392/06/21', '09365521121', '', '', 0, '', 1, 1, 4, 6, 4, NULL, '', '0000-00-00 00:00:00', '0000-00-00 00:00:00'),
(251, NULL, 1, 'مهدی', 'اسدزاده حاجی علیلو', '1689843055', 'جواد', 0, 0, '1392/06/21', '09338069773', '', '', 0, '', 1, 1, 4, 6, 4, NULL, '', '0000-00-00 00:00:00', '0000-00-00 00:00:00'),
(252, NULL, 1, 'علیرضا', 'اصغرپور', '2003155163', 'محمدرضا', 0, 0, '1392/06/21', '09163447995', '', '', 0, '', 1, 1, 4, 6, 4, NULL, '', '0000-00-00 00:00:00', '0000-00-00 00:00:00'),
(253, NULL, 1, 'فرهاد', 'سپهر الدین', '2872327592', 'ابراهیم', 0, 0, '1392/06/21', '09144428246', '', '', 0, '', 1, 1, 4, 6, 4, NULL, '', '0000-00-00 00:00:00', '0000-00-00 00:00:00'),
(254, NULL, 1, 'حامد', 'کیانی سوادکوهی', '2150126321', 'محمد علی', 0, 0, '1392/06/24', '09101021483', '', '', 0, '', 1, 1, 4, 6, 4, NULL, '', '0000-00-00 00:00:00', '0000-00-00 00:00:00'),
(255, NULL, 1, 'حامد', 'الیاسی', '4880076171', 'اسکندر', 0, 0, '1392/06/25', '09112728573', '', '', 0, '', 1, 1, 4, 6, 4, NULL, '', '0000-00-00 00:00:00', '0000-00-00 00:00:00'),
(256, NULL, 1, 'سید مصطفی', 'اجاقی', '0493324429', 'پرویز', 0, 0, '1392/06/25', '09127167190', '', '', 0, '', 1, 1, 4, 6, 4, NULL, '', '0000-00-00 00:00:00', '0000-00-00 00:00:00'),
(257, NULL, 1, 'میلاد', 'احمدی', '1292746939', 'نصرالله', 0, 0, '1392/07/07', '09131294952', '', '', 0, '', 1, 1, 4, 6, 4, NULL, '', '0000-00-00 00:00:00', '0000-00-00 00:00:00'),
(258, NULL, 1, 'فرزاد', 'وصالی', '3801780678', 'علی', 0, 0, '1392/06/31', '09183706774', '', '', 0, '', 1, 1, 4, 6, 4, NULL, '', '0000-00-00 00:00:00', '0000-00-00 00:00:00'),
(259, NULL, 1, 'امیر', 'اسحاقی مقدم', '0370016599', 'رضا', 0, 0, '1392/06/31', '09196270095', '', '', 0, '', 1, 1, 4, 6, 4, NULL, '', '0000-00-00 00:00:00', '0000-00-00 00:00:00'),
(260, NULL, 1, 'حامد', 'آدینه لو', '0083449590', 'حمید', 0, 0, '1392/07/07', '09376818045', '', '', 0, '', 1, 1, 4, 6, 4, NULL, '', '0000-00-00 00:00:00', '0000-00-00 00:00:00'),
(261, NULL, 1, 'بهمن', 'گارد', '1288447760', 'بهنام', 0, 0, '1392/07/07', '09133017935', '', '', 0, '', 1, 1, 4, 6, 4, NULL, '', '0000-00-00 00:00:00', '0000-00-00 00:00:00'),
(262, NULL, 1, 'محمد مهدی', 'فیاض بخش', '0081832613', 'اصغر', 0, 0, '1392/07/07', '09126059254', '', '', 0, '', 1, 1, 4, 6, 4, NULL, '', '0000-00-00 00:00:00', '0000-00-00 00:00:00'),
(263, NULL, 1, 'میلاد', 'عصاری', '1292247010', 'منصور', 0, 0, '1392/07/07', '09396735528', '', '', 0, '', 1, 1, 4, 6, 4, NULL, '', '0000-00-00 00:00:00', '0000-00-00 00:00:00'),
(264, NULL, 1, 'علی', 'دوستمرادی', '4850072216', 'جافر', 0, 0, '1392/07/07', '09104756880', '', '', 0, '', 1, 1, 4, 6, 4, NULL, '', '0000-00-00 00:00:00', '0000-00-00 00:00:00'),
(265, NULL, 1, 'پوریا', 'نعیمی امینی', '0941601072', 'حسین', 0, 0, '1392/07/07', '09155580992', '', '', 0, '', 1, 1, 4, 6, 4, NULL, '', '0000-00-00 00:00:00', '0000-00-00 00:00:00'),
(266, NULL, 1, 'حسین', 'گردونپر', '4285031949', 'حسنعلی', 0, 0, '1392/07/07', '09104756880', '', '', 0, '', 1, 1, 4, 6, 4, NULL, '', '0000-00-00 00:00:00', '0000-00-00 00:00:00'),
(267, NULL, 1, 'مصطفی', 'آقا میرزایی', '0386057931', 'محمد', 0, 0, '1392/07/07', '09375258269', '', '', 0, '', 1, 1, 4, 6, 4, NULL, '', '0000-00-00 00:00:00', '0000-00-00 00:00:00'),
(268, NULL, 1, 'علیرضا', 'جندقیان', '1270055917', 'مصطفی', 0, 0, '1392/07/07', '09132044364', '', '', 0, '', 1, 1, 4, 6, 4, NULL, '', '0000-00-00 00:00:00', '0000-00-00 00:00:00'),
(269, NULL, 1, 'بهروز', 'ساعی مارشک', '0920611990', 'علی', 0, 0, '1392/07/07', '09382237778', '', '', 0, '', 1, 1, 4, 6, 4, NULL, '', '0000-00-00 00:00:00', '0000-00-00 00:00:00'),
(270, NULL, 1, 'حسن', 'صابری', '0075586541', 'علی', 0, 0, '1392/07/07', '09127600269', '', '', 0, '', 1, 1, 4, 6, 4, NULL, '', '0000-00-00 00:00:00', '0000-00-00 00:00:00'),
(271, NULL, 1, 'امین', 'بابا خانی', '3875499001', 'علیرضا', 0, 0, '1392/07/07', '09187002527', '', '', 0, '', 1, 1, 4, 6, 4, NULL, '', '0000-00-00 00:00:00', '0000-00-00 00:00:00'),
(272, NULL, 1, 'عامر', 'دهقان نجم آبادی', '4459953870', 'نعمت الله', 0, 0, '1392/07/07', '09132587731', '', '', 0, '', 1, 1, 4, 6, 4, NULL, '', '0000-00-00 00:00:00', '0000-00-00 00:00:00'),
(273, NULL, 1, 'مهدی', 'هاشمی پور', '3380053015', 'غلام', 0, 0, '1392/07/29', '09398032384', '', '', 0, '', 1, 1, 4, 6, 4, NULL, '', '0000-00-00 00:00:00', '0000-00-00 00:00:00'),
(274, NULL, 1, 'آرتین', 'اسدی', '0067425674', 'بهرام', 0, 0, '1392/07/29', '', '', '', 0, '', 1, 1, 4, 6, 4, NULL, '', '0000-00-00 00:00:00', '0000-00-00 00:00:00'),
(275, NULL, 1, 'معروف', 'امام قلی', '3733221966', 'محمدعزیز', 0, 0, '1392/07/29', '09183799638', '', '', 0, '', 1, 1, 4, 6, 4, NULL, '', '0000-00-00 00:00:00', '0000-00-00 00:00:00'),
(276, NULL, 1, 'مهدی', 'دانش یار', '2500005763', 'محمد حسن', 0, 0, '1392/07/29', '09177817397', '', '', 0, '', 1, 1, 4, 6, 4, NULL, '', '0000-00-00 00:00:00', '0000-00-00 00:00:00'),
(277, NULL, 1, 'حمیدرضا', 'بزرگ عصاره', '2003223045', 'محمود', 0, 0, '1392/07/29', '09163425919', '', '', 0, '', 1, 1, 4, 6, 4, NULL, '', '0000-00-00 00:00:00', '0000-00-00 00:00:00'),
(278, NULL, 1, 'سیدحسین', 'شجاعی ارانی', '6199935632', 'ناصر', 0, 0, '1392/07/29', '09358187185', '', '', 0, '', 1, 1, 4, 6, 4, NULL, '', '0000-00-00 00:00:00', '0000-00-00 00:00:00'),
(279, NULL, 1, 'علیرضا', 'ناصری', '0651986001', 'احمد', 0, 0, '1392/07/29', '09383351060', '', '', 0, '', 1, 1, 4, 6, 4, NULL, '', '0000-00-00 00:00:00', '0000-00-00 00:00:00');
INSERT INTO `people` (`id`, `role_id`, `is_active`, `fname`, `lname`, `nationalcode`, `fathername`, `photo_id`, `cardnumber`, `birthdate`, `cellphone`, `telephone`, `address`, `postalcode`, `email`, `degree_id`, `service_id`, `field_id`, `major_id`, `university_id`, `deleted_at`, `password`, `created_at`, `updated_at`) VALUES
(280, NULL, 1, 'مصطفی', 'صداقت رستمی', '2181790213', 'مهدی', 0, 0, '1392/07/29', '09367782596', '', '', 0, '', 1, 1, 4, 6, 4, NULL, '', '0000-00-00 00:00:00', '0000-00-00 00:00:00'),
(281, NULL, 1, 'عرفان', 'مخصوص', '4133113454', 'محمد', 0, 0, '1392/07/29', '09163623099', '', '', 0, '', 1, 1, 4, 6, 4, NULL, '', '0000-00-00 00:00:00', '0000-00-00 00:00:00'),
(282, NULL, 1, 'سعید', 'موسوی', '0081149794', 'جمال الدین', 0, 0, '1392/07/29', '09126160124', '', '', 0, '', 1, 1, 4, 6, 4, NULL, '', '0000-00-00 00:00:00', '0000-00-00 00:00:00'),
(283, NULL, 1, 'آرش', 'راستیان طهرانی', '0079905481', 'علی اکبر', 0, 0, '1392/07/29', '09123798503', '', '', 0, '', 1, 1, 4, 6, 4, NULL, '', '0000-00-00 00:00:00', '0000-00-00 00:00:00'),
(284, NULL, 1, 'نیما', 'نوری', '0079317723', 'جعفر', 0, 0, '1392/07/29', '09122570575', '', '', 0, '', 1, 1, 4, 6, 4, NULL, '', '0000-00-00 00:00:00', '0000-00-00 00:00:00'),
(285, NULL, 1, 'وحید', 'یازرلو', '6249927190', 'مجید', 0, 0, '1392/07/29', '09112722980', '', '', 0, '', 1, 1, 4, 6, 4, NULL, '', '0000-00-00 00:00:00', '0000-00-00 00:00:00'),
(286, NULL, 1, 'فرشاد', 'باغشمالی', '0010668225', 'مهدی', 0, 0, '1392/07/29', '09127034723', '', '', 0, '', 1, 1, 4, 6, 4, NULL, '', '0000-00-00 00:00:00', '0000-00-00 00:00:00'),
(287, NULL, 1, 'سید مرتضی', 'حسینی', '4723276981', 'میرعماد', 0, 0, '1392/07/29', '09122116228', '', '', 0, '', 1, 1, 4, 6, 4, NULL, '', '0000-00-00 00:00:00', '0000-00-00 00:00:00'),
(288, NULL, 1, 'سید امیر حسین', 'علوی فر', '0082949840', 'سید ناصر', 0, 0, '1392/07/29', '09125194872', '', '', 0, '', 1, 1, 4, 6, 4, NULL, '', '0000-00-00 00:00:00', '0000-00-00 00:00:00'),
(289, NULL, 1, 'محمد', 'مولاپور', '2032074974', 'محمد حسن', 0, 0, '1392/07/29', '09113763712', '', '', 0, '', 1, 1, 4, 6, 4, NULL, '', '0000-00-00 00:00:00', '0000-00-00 00:00:00'),
(290, NULL, 1, 'مسلم', 'مظفری', '2559885832', 'ماشاالله', 0, 0, '1392/07/29', '09360339479', '', '', 0, '', 1, 1, 4, 6, 4, NULL, '', '0000-00-00 00:00:00', '0000-00-00 00:00:00'),
(291, NULL, 1, 'سید مصطفی', 'مهدوی', '1219914010', 'حسین', 0, 0, '1392/07/29', '09122130113', '', '', 0, '', 1, 1, 4, 6, 4, NULL, '', '0000-00-00 00:00:00', '0000-00-00 00:00:00'),
(292, NULL, 1, 'حمید', 'برادران', '2003512853', 'حبیب', 0, 0, '1392/07/29', '09358153204', '', '', 0, '', 1, 1, 4, 6, 4, NULL, '', '0000-00-00 00:00:00', '0000-00-00 00:00:00'),
(293, NULL, 1, 'محمد علی', 'نژادی', '2739883099', 'حسین', 0, 0, '1392/08/02', '09363805812', '', '', 0, '', 1, 1, 4, 6, 4, NULL, '', '0000-00-00 00:00:00', '0000-00-00 00:00:00'),
(294, NULL, 1, 'حسین', 'بانگی پور فرد', '0081535600', 'محمد', 0, 0, '1392/08/04', '09125358190', '', '', 0, '', 1, 1, 4, 6, 4, NULL, '', '0000-00-00 00:00:00', '0000-00-00 00:00:00'),
(295, NULL, 1, 'احسان', 'واثقی', '4324398496', 'رجبعلی', 0, 0, '1392/08/11', '09169212241', '', '', 0, '', 1, 1, 4, 6, 4, NULL, '', '0000-00-00 00:00:00', '0000-00-00 00:00:00'),
(296, NULL, 1, 'آرمان', 'رحمانی ذاکر', '0077561945', 'فریدون', 0, 0, '1392/08/11', '09125353933', '', '', 0, '', 1, 1, 4, 6, 4, NULL, '', '0000-00-00 00:00:00', '0000-00-00 00:00:00'),
(297, NULL, 1, 'علیرضا', 'فتوحی', '0080548822', 'عزت الله', 0, 0, '1392/08/11', '09365153197', '', '', 0, '', 1, 1, 4, 6, 4, NULL, '', '0000-00-00 00:00:00', '0000-00-00 00:00:00'),
(298, NULL, 1, 'امیرحسین', 'صالح', '4073455461', 'محمدعلی', 0, 0, '1392/08/11', '09360909549', '', '', 0, '', 1, 1, 4, 6, 4, NULL, '', '0000-00-00 00:00:00', '0000-00-00 00:00:00'),
(299, NULL, 1, 'مازیار', 'بیات', '0451732170', 'حسنعلی', 0, 0, '1392/08/11', '09128177048', '', '', 0, '', 1, 1, 4, 6, 4, NULL, '', '0000-00-00 00:00:00', '0000-00-00 00:00:00'),
(300, NULL, 1, 'سروش', 'رحمتی شهرضا', '1199909769', 'داریوش', 0, 0, '1392/08/11', '09131699965', '', '', 0, '', 1, 1, 4, 6, 4, NULL, '', '0000-00-00 00:00:00', '0000-00-00 00:00:00'),
(301, NULL, 1, 'وحید', 'جلالوند', '3962592903', 'سیف الله', 0, 0, '1392/08/11', '09381980564', '', '', 0, '', 1, 1, 4, 6, 4, NULL, '', '0000-00-00 00:00:00', '0000-00-00 00:00:00'),
(302, NULL, 1, 'سید جواد', 'خطایی پور', '0534902758', 'حسین', 0, 0, '1392/08/12', '09189555421', '', '', 0, '', 1, 1, 4, 6, 4, NULL, '', '0000-00-00 00:00:00', '0000-00-00 00:00:00'),
(303, NULL, 1, 'سجاد', 'سیفی', '2143199112', 'فضل الله', 0, 0, '1392/08/14', '09353476101', '', '', 0, '', 1, 1, 4, 6, 4, NULL, '', '0000-00-00 00:00:00', '0000-00-00 00:00:00'),
(304, NULL, 1, 'حسن', 'کرم پور', '0519971086', 'علی', 0, 0, '1392/08/14', '09127503197', '', '', 0, '', 1, 1, 4, 6, 4, NULL, '', '0000-00-00 00:00:00', '0000-00-00 00:00:00'),
(305, NULL, 1, 'امین', 'دری رمضانی', '0945310803', 'علی', 0, 0, '1392/08/14', '09159186195', '', '', 0, '', 1, 1, 4, 6, 4, NULL, '', '0000-00-00 00:00:00', '0000-00-00 00:00:00'),
(306, NULL, 1, 'مهدی', 'صفر خانلو', '5059957551', 'عبادالله', 0, 0, '1392/08/14', '09144042321', '', '', 0, '', 1, 1, 4, 6, 4, NULL, '', '0000-00-00 00:00:00', '0000-00-00 00:00:00'),
(307, NULL, 1, 'علیرضا', 'پور سلیمی', '0386541426', 'تقی', 0, 0, '1392/08/15', '09370278940', '', '', 0, '', 1, 1, 4, 6, 4, NULL, '', '0000-00-00 00:00:00', '0000-00-00 00:00:00'),
(308, NULL, 1, 'سید کمال الدین', 'طباطبایی', '0920009204', 'محمد', 0, 0, '1392/08/15', '09155592786', '', '', 0, '', 1, 1, 4, 6, 4, NULL, '', '0000-00-00 00:00:00', '0000-00-00 00:00:00'),
(309, NULL, 1, 'پویا', 'حسین زاده دهکردی', '4621840983', 'رحمت الله', 0, 0, '1392/08/15', '09131840611', '', '', 0, '', 1, 1, 4, 6, 4, NULL, '', '0000-00-00 00:00:00', '0000-00-00 00:00:00'),
(310, NULL, 1, 'هادی', 'دادآفرید', '2511895250', 'علی', 0, 0, '1392/08/15', '09173818275', '', '', 0, '', 1, 1, 4, 6, 4, NULL, '', '0000-00-00 00:00:00', '0000-00-00 00:00:00'),
(311, NULL, 1, 'مهدی', 'وسیلی', '1292253193', 'حسین', 0, 0, '1392/08/15', '09133079019', '', '', 0, '', 1, 1, 4, 6, 4, NULL, '', '0000-00-00 00:00:00', '0000-00-00 00:00:00'),
(312, NULL, 1, 'امیر', 'دادار', '0080129080', 'ابوالقاسم', 0, 0, '1392/08/26', '09123244058', '', '', 0, '', 1, 1, 4, 6, 4, NULL, '', '0000-00-00 00:00:00', '0000-00-00 00:00:00'),
(313, NULL, 1, 'وحید', 'قاسمی', '0603259340', 'احمد', 0, 0, '1392/08/26', '09122561866', '', '', 0, '', 1, 1, 4, 6, 4, NULL, '', '0000-00-00 00:00:00', '0000-00-00 00:00:00'),
(314, NULL, 1, 'امید', 'نجاتی', '5413870691', 'نور الله', 0, 0, '1392/08/26', '09132377564', '', '', 0, '', 1, 1, 4, 6, 4, NULL, '', '0000-00-00 00:00:00', '0000-00-00 00:00:00'),
(315, NULL, 1, 'ماهیار', 'قوتی', '0063278723', 'محبوب', 0, 0, '1392/08/26', '09384681920', '', '', 0, '', 1, 1, 4, 6, 4, NULL, '', '0000-00-00 00:00:00', '0000-00-00 00:00:00'),
(316, NULL, 1, 'حسام', 'الدین شریفی', '0082758220', 'عباس', 0, 0, '1392/08/26', '09374023710', '', '', 0, '', 1, 1, 4, 6, 4, NULL, '', '0000-00-00 00:00:00', '0000-00-00 00:00:00'),
(317, NULL, 1, 'محمدرضا', 'سلطانی', '1293359173', 'علی اکبر', 0, 0, '1392/08/26', '09132661600', '', '', 0, '', 1, 1, 4, 6, 4, NULL, '', '0000-00-00 00:00:00', '0000-00-00 00:00:00'),
(318, NULL, 1, 'عباس', 'رجبی خوانقاهی', '2259964877', 'اکبر', 0, 0, '1392/08/26', '09358050411', '', '', 0, '', 1, 1, 4, 6, 4, NULL, '', '0000-00-00 00:00:00', '0000-00-00 00:00:00'),
(319, NULL, 1, 'رضا', 'عبدالهی شهر بابکی', '0084433771', 'محمد', 0, 0, '1392/08/26', '09361473631', '', '', 0, '', 1, 1, 4, 6, 4, NULL, '', '0000-00-00 00:00:00', '0000-00-00 00:00:00'),
(320, NULL, 1, 'احسان', 'حیطه', '0794987192', 'علی اضغر', 0, 0, '1392/09/11', '09151742065', '', '', 0, '', 1, 1, 4, 6, 4, NULL, '', '0000-00-00 00:00:00', '0000-00-00 00:00:00'),
(321, NULL, 1, 'امین', 'حیطه', '0794955118', 'غلامرضا', 0, 0, '1392/09/11', '09370217007', '', '', 0, '', 1, 1, 4, 6, 4, NULL, '', '0000-00-00 00:00:00', '0000-00-00 00:00:00'),
(322, NULL, 1, 'حسین', 'نایب', '3309884341', 'عباس', 0, 0, '1392/09/11', '09337429922', '', '', 0, '', 1, 1, 4, 6, 4, NULL, '', '0000-00-00 00:00:00', '0000-00-00 00:00:00'),
(323, NULL, 1, 'مهدی', 'نیکفروز', '1293093548', 'مصطفی', 0, 0, '1392/09/11', '09131080420', '', '', 0, '', 1, 1, 4, 6, 4, NULL, '', '0000-00-00 00:00:00', '0000-00-00 00:00:00'),
(324, NULL, 1, 'محمد', 'داستانیان', '1861630514', 'غلام عباس', 0, 0, '1392/09/11', '09166729976', '', '', 0, '', 1, 1, 4, 6, 4, NULL, '', '0000-00-00 00:00:00', '0000-00-00 00:00:00'),
(325, NULL, 1, 'امید', 'کاظمی', '5509961511', 'علی', 0, 0, '1392/09/11', '09173425384', '', '', 0, '', 1, 1, 4, 6, 4, NULL, '', '0000-00-00 00:00:00', '0000-00-00 00:00:00'),
(326, NULL, 1, 'محمد امین', 'ریگی', '3621470700', 'محمد انور', 0, 0, '1392/09/11', '09367531266', '', '', 0, '', 1, 1, 4, 6, 4, NULL, '', '0000-00-00 00:00:00', '0000-00-00 00:00:00'),
(327, NULL, 1, 'مهدی', 'نجف آبادی پور', '3071874553', 'علی', 0, 0, '1392/09/11', '09132477432', '', '', 0, '', 1, 1, 4, 6, 4, NULL, '', '0000-00-00 00:00:00', '0000-00-00 00:00:00'),
(328, NULL, 1, 'حسین', 'آبرومند', '5279927502', 'علی', 0, 0, '1392/09/11', '09372578833', '', '', 0, '', 1, 1, 4, 6, 4, NULL, '', '0000-00-00 00:00:00', '0000-00-00 00:00:00'),
(329, NULL, 1, 'صادق', 'آبرومند', '1861279272', 'علی', 0, 0, '1392/09/12', '09369478999', '', '', 0, '', 1, 1, 4, 6, 4, NULL, '', '0000-00-00 00:00:00', '0000-00-00 00:00:00'),
(330, NULL, 1, 'احمد', 'مهدویان پررانی', '3052177397', 'امیر', 0, 0, '1392/09/12', '09132931534', '', '', 0, '', 1, 1, 4, 6, 4, NULL, '', '0000-00-00 00:00:00', '0000-00-00 00:00:00'),
(331, NULL, 1, 'صابر', 'یوز باشی', '-', 'امیر علی', 0, 0, '1392/09/12', '09381255482', '', '', 0, '', 1, 1, 4, 6, 4, NULL, '', '0000-00-00 00:00:00', '0000-00-00 00:00:00'),
(332, NULL, 1, 'کاظم', 'حیدری منش', '2872228276', 'رشید', 0, 0, '1392/09/12', '09356479140', '', '', 0, '', 1, 1, 4, 6, 4, NULL, '', '0000-00-00 00:00:00', '0000-00-00 00:00:00'),
(333, NULL, 1, 'عمید', 'راشدی', '0064744582', 'مجید', 0, 0, '1392/09/12', '09197307970', '', '', 0, '', 1, 1, 4, 6, 4, NULL, '', '0000-00-00 00:00:00', '0000-00-00 00:00:00'),
(334, NULL, 1, 'مسلم', 'ملکی حسنوند', '4189944394', 'عزت الله', 0, 0, '1392/09/12', '09350604715', '', '', 0, '', 1, 1, 4, 6, 4, NULL, '', '0000-00-00 00:00:00', '0000-00-00 00:00:00'),
(335, NULL, 1, 'علیرضا', 'حسنی', '0370022718', 'محمد', 0, 0, '1392/09/12', '09127004945', '', '', 0, '', 1, 1, 4, 6, 4, NULL, '', '0000-00-00 00:00:00', '0000-00-00 00:00:00'),
(336, NULL, 1, 'سعید', 'محمدی', '1129900894', 'محمد علی', 0, 0, '1392/09/16', '09136823317', '', '', 0, '', 1, 1, 4, 6, 4, NULL, '', '0000-00-00 00:00:00', '0000-00-00 00:00:00'),
(337, NULL, 1, 'مصطفی', 'رحیمی', '1080100482', 'محمد رضا', 0, 0, '1392/09/21', '09133335807', '', '', 0, '', 1, 1, 4, 6, 4, NULL, '', '0000-00-00 00:00:00', '0000-00-00 00:00:00'),
(338, NULL, 1, 'محمد', 'رنجبری کوهی', '0074346921', 'اصغر', 0, 0, '1392/09/21', '09194960562', '', '', 0, '', 1, 1, 4, 6, 4, NULL, '', '0000-00-00 00:00:00', '0000-00-00 00:00:00'),
(339, NULL, 1, 'میثم', 'ساریخانی', '0063672774', 'محمد', 0, 0, '1392/09/21', '09123479671', '', '', 0, '', 1, 1, 4, 6, 4, NULL, '', '0000-00-00 00:00:00', '0000-00-00 00:00:00'),
(340, NULL, 1, 'عرفان', 'حامی دیندار', '0077569245', 'عیسی', 0, 0, '1392/09/21', '09124546398', '', '', 0, '', 1, 1, 4, 6, 4, NULL, '', '0000-00-00 00:00:00', '0000-00-00 00:00:00'),
(341, NULL, 1, 'فریبرز', 'محمدی', '3801797600', 'مولود', 0, 0, '1392/09/21', '09377738454', '', '', 0, '', 1, 1, 4, 6, 4, NULL, '', '0000-00-00 00:00:00', '0000-00-00 00:00:00'),
(342, NULL, 1, 'حمیدرضا', 'گلپایگانی', '4609941791', 'عزت الله', 0, 0, '1392/09/21', '09378692696', '', '', 0, '', 1, 1, 4, 6, 4, NULL, '', '0000-00-00 00:00:00', '0000-00-00 00:00:00'),
(343, NULL, 1, 'محمدرضا', 'جوادی', '1376872498', 'علی اکبر', 0, 0, '1392/09/21', '09148679085', '', '', 0, '', 1, 1, 4, 6, 4, NULL, '', '0000-00-00 00:00:00', '0000-00-00 00:00:00'),
(344, NULL, 1, 'علی', 'موحدی تبار', '0946524912', 'محمد ابراهیم', 0, 0, '1392/09/21', '09159015066', '', '', 0, '', 1, 1, 4, 6, 4, NULL, '', '0000-00-00 00:00:00', '0000-00-00 00:00:00'),
(345, NULL, 1, 'فؤاد', 'صالح نیا', '3720000109', 'محمد سعید', 0, 0, '1392/09/30', '09357704890', '', '', 0, '', 1, 1, 4, 6, 4, NULL, '', '0000-00-00 00:00:00', '0000-00-00 00:00:00'),
(346, NULL, 1, 'سارو', 'سعیدی', '3762331146', 'محمد', 0, 0, '1392/09/30', '09189752035', '', '', 0, '', 1, 1, 4, 6, 4, NULL, '', '0000-00-00 00:00:00', '0000-00-00 00:00:00'),
(347, NULL, 1, 'حمید', 'آناهید', '0078994810', 'عادل', 0, 0, '1392/09/30', '09126644853', '', '', 0, '', 1, 1, 4, 6, 4, NULL, '', '0000-00-00 00:00:00', '0000-00-00 00:00:00'),
(348, NULL, 1, 'سید حسام الدین', 'فریزنی فرسنگی', '0083005773', 'کمال', 0, 0, '1392/09/30', '09122444534', '', '', 0, '', 1, 1, 4, 6, 4, NULL, '', '0000-00-00 00:00:00', '0000-00-00 00:00:00'),
(349, NULL, 1, 'محسن', 'اقبال احمدی', '3934443869', 'کامبیز', 0, 0, '1392/09/30', '09199666725', '', '', 0, '', 1, 1, 4, 6, 4, NULL, '', '0000-00-00 00:00:00', '0000-00-00 00:00:00'),
(350, NULL, 1, 'محمد صادق', 'جهان', '4569895719', 'محمدرضا', 0, 0, '1392/09/30', '09137311712', '', '', 0, '', 1, 1, 4, 6, 4, NULL, '', '0000-00-00 00:00:00', '0000-00-00 00:00:00'),
(351, NULL, 1, 'محمد', 'زبیده', '1951174811', 'مهدی', 0, 0, '1392/09/30', '09166510153', '', '', 0, '', 1, 1, 4, 6, 4, NULL, '', '0000-00-00 00:00:00', '0000-00-00 00:00:00'),
(352, NULL, 1, 'محمد', 'حسین صابری', '1209887738', 'قربانعلی', 0, 0, '1392/09/30', '09132210831', '', '', 0, '', 1, 1, 4, 6, 4, NULL, '', '0000-00-00 00:00:00', '0000-00-00 00:00:00'),
(353, NULL, 1, 'مسعود', 'نداف', '4324150370', 'علی', 0, 0, '1392/09/30', '09127100364', '', '', 0, '', 1, 1, 4, 6, 4, NULL, '', '0000-00-00 00:00:00', '0000-00-00 00:00:00'),
(354, NULL, 1, 'محمد', 'گودرزی', '4133327421', 'علی', 0, 0, '1392/09/30', '09166686878', '', '', 0, '', 1, 1, 4, 6, 4, NULL, '', '0000-00-00 00:00:00', '0000-00-00 00:00:00'),
(355, NULL, 1, 'سعید', 'سلمانی آهنگر کلایی', '2150002388', 'کاظم', 0, 0, '1392/09/30', '09378568372', '', '', 0, '', 1, 1, 4, 6, 4, NULL, '', '0000-00-00 00:00:00', '0000-00-00 00:00:00'),
(356, NULL, 1, 'مجید', 'خلوزینی شراهی', '0082808899', 'علی', 0, 0, '1392/10/01', '09371513554', '', '', 0, '', 1, 1, 4, 6, 4, NULL, '', '0000-00-00 00:00:00', '0000-00-00 00:00:00'),
(357, NULL, 1, 'کورش', 'امامی', '2411522088', 'محمد تقی', 0, 0, '1392/10/01', '09375444635', '', '', 0, '', 1, 1, 4, 6, 4, NULL, '', '0000-00-00 00:00:00', '0000-00-00 00:00:00'),
(358, NULL, 1, 'بهمن', 'پناهی', '1672652936', 'بهرام', 0, 0, '1392/10/01', '09147029760', '', '', 0, '', 1, 1, 4, 6, 4, NULL, '', '0000-00-00 00:00:00', '0000-00-00 00:00:00'),
(359, NULL, 1, 'سید محمد', 'خمسه ای', '0010781102', 'علی', 0, 0, '1392/10/09', '09375005340', '', '', 0, '', 1, 1, 4, 6, 4, NULL, '', '0000-00-00 00:00:00', '0000-00-00 00:00:00'),
(360, NULL, 1, 'لهون', 'احمدی', '3810194697', 'عطا', 0, 0, '1392/10/09', '09350823340', '', '', 0, '', 1, 1, 4, 6, 4, NULL, '', '0000-00-00 00:00:00', '0000-00-00 00:00:00'),
(361, NULL, 1, 'عباس', 'ماهی', '0082556407', 'احمد', 0, 0, '1392/10/09', '09125959771', '', '', 0, '', 1, 1, 4, 6, 4, NULL, '', '0000-00-00 00:00:00', '0000-00-00 00:00:00'),
(362, NULL, 1, 'هانی', 'پوروزیری', '4324334862', 'هادی', 0, 0, '1392/10/09', '09191816177', '', '', 0, '', 1, 1, 4, 6, 4, NULL, '', '0000-00-00 00:00:00', '0000-00-00 00:00:00'),
(363, NULL, 1, 'محمدعلی', 'رضایی راوری', '3219952186', 'جواد', 0, 0, '1392/10/14', '09131416520', '', '', 0, '', 1, 1, 4, 6, 4, NULL, '', '0000-00-00 00:00:00', '0000-00-00 00:00:00'),
(364, NULL, 1, 'احسان', 'عسکری محولاتی', '0945197500', 'محسن', 0, 0, '1392/10/14', '09155238865', '', '', 0, '', 1, 1, 4, 6, 4, NULL, '', '0000-00-00 00:00:00', '0000-00-00 00:00:00'),
(365, NULL, 1, 'امیر', 'مؤیدی', '6681614766', 'رضا', 0, 0, '1392/10/14', '09356342189', '', '', 0, '', 1, 1, 4, 6, 4, NULL, '', '0000-00-00 00:00:00', '0000-00-00 00:00:00'),
(366, NULL, 1, 'شاهین', 'فریدنی', '0068490161', 'کریم', 0, 0, '1392/10/14', '09397577145', '', '', 0, '', 1, 1, 4, 6, 4, NULL, '', '0000-00-00 00:00:00', '0000-00-00 00:00:00'),
(367, NULL, 1, 'سینا', 'کریمی', '2150139022', 'حسین', 0, 0, '1392/10/19', '09377606025', '', '', 0, '', 1, 1, 4, 6, 4, NULL, '', '0000-00-00 00:00:00', '0000-00-00 00:00:00'),
(368, NULL, 1, 'حمید رضا', 'نیک مرام', '0068544502', 'یوسف', 0, 0, '1392/10/19', '', '', '', 0, '', 1, 1, 4, 6, 4, NULL, '', '0000-00-00 00:00:00', '0000-00-00 00:00:00'),
(369, NULL, 1, 'محسن', 'قاضی', '4569964230', 'حسن', 0, 0, '1392/10/19', '09196128676', '', '', 0, '', 1, 1, 4, 6, 4, NULL, '', '0000-00-00 00:00:00', '0000-00-00 00:00:00'),
(370, NULL, 1, 'مهرداد', 'خدایاری', '1360152164', 'مصطفی', 0, 0, '1392/10/23', '09362076834', '', '', 0, '', 1, 1, 4, 6, 4, NULL, '', '0000-00-00 00:00:00', '0000-00-00 00:00:00'),
(371, NULL, 1, 'حسین', 'قراچرلو', '0073643981', 'بهروز ', 0, 0, '1392/10/23', '09123721044', '', '', 0, '', 1, 1, 4, 6, 4, NULL, '', '0000-00-00 00:00:00', '0000-00-00 00:00:00'),
(372, NULL, 1, 'سید محمود', 'انوری', '2064733329', 'ابراهیم', 0, 0, '1392/10/23', '09111185358', '', '', 0, '', 1, 1, 4, 6, 4, NULL, '', '0000-00-00 00:00:00', '0000-00-00 00:00:00'),
(373, NULL, 1, 'یاشار', 'توانگر', '2064740953', 'حسین', 0, 0, '1392/10/23', '', '', '', 0, '', 1, 1, 4, 6, 4, NULL, '', '0000-00-00 00:00:00', '0000-00-00 00:00:00'),
(374, NULL, 1, 'محمود رضا', 'نژاد کشتلی', '0012232801', 'حسین', 0, 0, '1392/10/23', '09124587616', '', '', 0, '', 1, 1, 4, 6, 4, NULL, '', '0000-00-00 00:00:00', '0000-00-00 00:00:00'),
(375, NULL, 1, 'امین', 'ناظری', '0010790144', 'خلیل', 0, 0, '1392/10/23', '09357471299', '', '', 0, '', 1, 1, 4, 6, 4, NULL, '', '0000-00-00 00:00:00', '0000-00-00 00:00:00'),
(376, NULL, 1, 'حمد', 'منافی', '0083226036', 'ابراهیم علی', 0, 0, '1392/10/23', '09352696800', '', '', 0, '', 1, 1, 4, 6, 4, NULL, '', '0000-00-00 00:00:00', '0000-00-00 00:00:00'),
(377, NULL, 1, 'امیر', 'پیش رویان ورکی', '4324455589', 'ایوب', 0, 0, '1392/10/23', '09123606047', '', '', 0, '', 1, 1, 4, 6, 4, NULL, '', '0000-00-00 00:00:00', '0000-00-00 00:00:00'),
(378, NULL, 1, 'علیرضا', 'مرادی', '4650753686', 'حیدر علی', 0, 0, '1392/10/24', '09139770595', '', '', 0, '', 1, 1, 4, 6, 4, NULL, '', '0000-00-00 00:00:00', '0000-00-00 00:00:00'),
(379, NULL, 1, 'مسعود', 'قربانی', '0439937205', 'مصطفی', 0, 0, '1392/10/24', '09196802184', '', '', 0, '', 1, 1, 4, 6, 4, NULL, '', '0000-00-00 00:00:00', '0000-00-00 00:00:00'),
(380, NULL, 1, 'علیرضا', 'دیده خانی', '0321815580', 'محرم علی', 0, 0, '1392/11/02', '09354141430', '', '', 0, '', 1, 1, 4, 6, 4, NULL, '', '0000-00-00 00:00:00', '0000-00-00 00:00:00'),
(381, NULL, 1, 'مهرداد', 'نصیری سوادکوهی', '-', 'شهرام', 0, 0, '1392/11/02', '09355745627', '', '', 0, '', 1, 1, 4, 6, 4, NULL, '', '0000-00-00 00:00:00', '0000-00-00 00:00:00'),
(382, NULL, 1, 'ایمان', 'گلپور', '2143278411', 'نعمت', 0, 0, '1392/11/02', '09353060118', '', '', 0, '', 1, 1, 4, 6, 4, NULL, '', '0000-00-00 00:00:00', '0000-00-00 00:00:00'),
(383, NULL, 1, 'بابک', 'وکیلی', '3762228590', 'محمود', 0, 0, '1392/11/02', '09381086870', '', '', 0, '', 1, 1, 4, 6, 4, NULL, '', '0000-00-00 00:00:00', '0000-00-00 00:00:00'),
(384, NULL, 1, 'علی', 'کریم پور', '0083838805', 'مسلم', 0, 0, '1392/11/02', '09363421021', '', '', 0, '', 1, 1, 4, 6, 4, NULL, '', '0000-00-00 00:00:00', '0000-00-00 00:00:00'),
(385, NULL, 1, 'محمد', 'سمندی پور', '0078182018', 'داریوش', 0, 0, '1392/11/02', '09125241829', '', '', 0, '', 1, 1, 4, 6, 4, NULL, '', '0000-00-00 00:00:00', '0000-00-00 00:00:00'),
(386, NULL, 1, 'میلاد', 'فرزدی', '0323429629', 'محمد هادی', 0, 0, '1392/11/02', '09122616388', '', '', 0, '', 1, 1, 4, 6, 4, NULL, '', '0000-00-00 00:00:00', '0000-00-00 00:00:00'),
(387, NULL, 1, 'محمدضا', 'آهنگری', '0082868646', 'محمد جعفر', 0, 0, '1392/11/02', '09126451768', '', '', 0, '', 1, 1, 4, 6, 4, NULL, '', '0000-00-00 00:00:00', '0000-00-00 00:00:00'),
(388, NULL, 1, 'علی', 'جودکی', '4160053361', 'احمد رضا', 0, 0, '1392/11/02', '09368205048', '', '', 0, '', 1, 1, 4, 6, 4, NULL, '', '0000-00-00 00:00:00', '0000-00-00 00:00:00'),
(389, NULL, 1, 'محمد رضا', 'آزاد', '5010934108', 'ابوالقاسم', 0, 0, '1392/11/02', '09370238737', '', '', 0, '', 1, 1, 4, 6, 4, NULL, '', '0000-00-00 00:00:00', '0000-00-00 00:00:00'),
(390, NULL, 1, 'رضا', 'فطرتی', '0921038062', 'محمود', 0, 0, '1392/11/02', '09158405244', '', '', 0, '', 1, 1, 4, 6, 4, NULL, '', '0000-00-00 00:00:00', '0000-00-00 00:00:00'),
(391, NULL, 1, 'احسان', 'صبور', '1292996706', 'منصور', 0, 0, '1392/11/02', '09133032100', '', '', 0, '', 1, 1, 4, 6, 4, NULL, '', '0000-00-00 00:00:00', '0000-00-00 00:00:00'),
(392, NULL, 1, 'علی', 'آقاجانی', '4270169508', 'حسن', 0, 0, '1392/11/02', '09355005455', '', '', 0, '', 1, 1, 4, 6, 4, NULL, '', '0000-00-00 00:00:00', '0000-00-00 00:00:00'),
(393, NULL, 1, 'مسعود', 'اسدی', '3875539487', 'محمد رضا', 0, 0, '1392/11/02', '09183073226', '', '', 0, '', 1, 1, 4, 6, 4, NULL, '', '0000-00-00 00:00:00', '0000-00-00 00:00:00'),
(394, NULL, 1, 'محمد', 'مصلحی مهر', '0493292675', 'ابراهیم', 0, 0, '1392/11/02', '09331344563', '', '', 0, '', 1, 1, 4, 6, 4, NULL, '', '0000-00-00 00:00:00', '0000-00-00 00:00:00'),
(395, NULL, 1, 'فیاض', 'ریاضی', '2162723395', 'الهیار', 0, 0, '1392/11/03', '09361393996', '', '', 0, '', 1, 1, 4, 6, 4, NULL, '', '0000-00-00 00:00:00', '0000-00-00 00:00:00'),
(396, NULL, 1, 'محمد علی', 'خانبان', '4324492840', 'ابوالفضل', 0, 0, '1392/11/07', '09121815937', '', '', 0, '', 1, 1, 4, 6, 4, NULL, '', '0000-00-00 00:00:00', '0000-00-00 00:00:00'),
(397, NULL, 1, 'پیمان', 'عبدی زاده کری بزرک', '0083545425', 'داود', 0, 0, '1392/11/20', '09122330250', '', '', 0, '', 1, 1, 4, 6, 4, NULL, '', '0000-00-00 00:00:00', '0000-00-00 00:00:00'),
(398, NULL, 1, 'سجاد', 'منعم در آباد', '0081779968', 'حشمت اله', 0, 0, '1392/11/20', '09335506270', '', '', 0, '', 1, 1, 4, 6, 4, NULL, '', '0000-00-00 00:00:00', '0000-00-00 00:00:00'),
(399, NULL, 1, 'مجتبی', 'اسدیان نوذری', '2181819531', 'برزو', 0, 0, '1392/11/20', '09367814628', '', '', 0, '', 1, 1, 4, 6, 4, NULL, '', '0000-00-00 00:00:00', '0000-00-00 00:00:00'),
(400, NULL, 1, 'پرویز', 'سعیدی', '1292964979', 'سلیمان', 0, 0, '1392/11/20', '09132019218', '', '', 0, '', 1, 1, 4, 6, 4, NULL, '', '0000-00-00 00:00:00', '0000-00-00 00:00:00'),
(401, NULL, 1, 'علی', 'رنجبر', '6259981015', 'قنبر علی', 0, 0, '1392/11/20', '09384895898', '', '', 0, '', 1, 1, 4, 6, 4, NULL, '', '0000-00-00 00:00:00', '0000-00-00 00:00:00'),
(402, NULL, 1, 'سروش', 'بی آزار', '2162546051', 'محمد', 0, 0, '1392/11/20', '09384441292', '', '', 0, '', 1, 1, 4, 6, 4, NULL, '', '0000-00-00 00:00:00', '0000-00-00 00:00:00'),
(403, NULL, 1, 'حسن', 'برزگر', '2143160658', 'خلیل', 0, 0, '1392/11/20', '09116315726', '', '', 0, '', 1, 1, 4, 6, 4, NULL, '', '0000-00-00 00:00:00', '0000-00-00 00:00:00'),
(404, NULL, 1, 'هادی', 'فنی ممتاز', '0082753164', 'عدنان', 0, 0, '1392/11/20', '09365127014', '', '', 0, '', 1, 1, 4, 6, 4, NULL, '', '0000-00-00 00:00:00', '0000-00-00 00:00:00'),
(405, NULL, 1, 'حمید رضا', 'ارباب', '0946119295', 'خلیل', 0, 0, '1392/11/20', '09379773396', '', '', 0, '', 1, 1, 4, 6, 4, NULL, '', '0000-00-00 00:00:00', '0000-00-00 00:00:00'),
(406, NULL, 1, 'مجتبی', 'نارنجی ثانی', '0795054998', 'ابراهیم', 0, 0, '1392/11/21', '05712224147', '', '', 0, '', 1, 1, 4, 6, 4, NULL, '', '0000-00-00 00:00:00', '0000-00-00 00:00:00'),
(407, NULL, 1, 'محمد باقر', 'حسن زاده', '0386112231', 'صالح', 0, 0, '1392/11/21', '09127135296', '', '', 0, '', 1, 1, 4, 6, 4, NULL, '', '0000-00-00 00:00:00', '0000-00-00 00:00:00'),
(408, NULL, 1, 'مهدی', 'کامرانی', '0080122353', 'حسین', 0, 0, '1392/11/21', '09194837513', '', '', 0, '', 1, 1, 4, 6, 4, NULL, '', '0000-00-00 00:00:00', '0000-00-00 00:00:00'),
(409, NULL, 1, 'امیر نصر', 'فولاد خواه', '0453463517', 'مظفر', 0, 0, '1392/11/21', '09122472540', '', '', 0, '', 1, 1, 4, 6, 4, NULL, '', '0000-00-00 00:00:00', '0000-00-00 00:00:00'),
(410, NULL, 1, 'حمیدرضا', 'گل آرا', '0077994574', 'رضا', 0, 0, '1392/11/21', '09125034366', '', '', 0, '', 1, 1, 4, 6, 4, NULL, '', '0000-00-00 00:00:00', '0000-00-00 00:00:00'),
(411, NULL, 1, 'صادق', 'جلیلی', '0890023514', 'حسن', 0, 0, '1392/11/21', '09159332388', '', '', 0, '', 1, 1, 4, 6, 4, NULL, '', '0000-00-00 00:00:00', '0000-00-00 00:00:00'),
(412, NULL, 1, 'هادی', 'عباسی زاده پیوستی', '1360116842', 'حسین', 0, 0, '1392/11/21', '09364396243', '', '', 0, '', 1, 1, 4, 6, 4, NULL, '', '0000-00-00 00:00:00', '0000-00-00 00:00:00'),
(413, NULL, 1, 'حمید', 'عرب', '6249776109', 'حیدر', 0, 0, '1392/11/21', '09395734906', '', '', 0, '', 1, 1, 4, 6, 4, NULL, '', '0000-00-00 00:00:00', '0000-00-00 00:00:00'),
(414, NULL, 1, 'سید عمادالدین', 'ناجی', '0081956142', 'سید جواد', 0, 0, '1392/12/01', '09123443730', '', '', 0, '', 1, 1, 4, 6, 4, NULL, '', '0000-00-00 00:00:00', '0000-00-00 00:00:00'),
(415, NULL, 1, 'مهدی', 'سعیدیان', '3801904687', 'پرویز', 0, 0, '1392/12/03', '09193045082', '', '', 0, '', 1, 1, 4, 6, 4, NULL, '', '0000-00-00 00:00:00', '0000-00-00 00:00:00'),
(416, NULL, 1, 'علیرضا', 'صفری', '1239928017', 'مسلم', 0, 0, '1392/12/03', '09362526948', '', '', 0, '', 1, 1, 4, 6, 4, NULL, '', '0000-00-00 00:00:00', '0000-00-00 00:00:00'),
(417, NULL, 1, 'سهیل', 'سعادتی', '0077601726', 'محمود', 0, 0, '1392/12/03', '09124049734', '', '', 0, '', 1, 1, 4, 6, 4, NULL, '', '0000-00-00 00:00:00', '0000-00-00 00:00:00'),
(418, NULL, 1, 'صالح', 'محمدی', '4723830154', 'مسعود', 0, 0, '1392/12/03', '09124642807', '', '', 0, '', 1, 1, 4, 6, 4, NULL, '', '0000-00-00 00:00:00', '0000-00-00 00:00:00'),
(419, NULL, 1, 'احمد', 'شیرازی', '6249954554', 'عزیزالله', 0, 0, '1392/12/03', '09376278450', '', '', 0, '', 1, 1, 4, 6, 4, NULL, '', '0000-00-00 00:00:00', '0000-00-00 00:00:00'),
(420, NULL, 1, 'سعید', 'پیوند کرمانی', '0080308503', 'حمیدرضا', 0, 0, '1392/12/03', '09124603638', '', '', 0, '', 1, 1, 4, 6, 4, NULL, '', '0000-00-00 00:00:00', '0000-00-00 00:00:00'),
(421, NULL, 1, 'سعید', 'کوپائی', '0083130284', 'محمد علی', 0, 0, '1392/12/20', '09192610399', '', '', 0, '', 1, 1, 4, 6, 4, NULL, '', '0000-00-00 00:00:00', '0000-00-00 00:00:00'),
(422, NULL, 1, 'ایمان', 'قاسمی بیشه', '2065092378', 'محمود', 0, 0, '1392/12/20', '09373237373', '', '', 0, '', 1, 1, 4, 6, 4, NULL, '', '0000-00-00 00:00:00', '0000-00-00 00:00:00'),
(423, NULL, 1, 'امید', 'حقیقت', '0084120800', 'نعمت', 0, 0, '1392/12/20', '09102114228', '', '', 0, '', 1, 1, 4, 6, 4, NULL, '', '0000-00-00 00:00:00', '0000-00-00 00:00:00'),
(424, NULL, 1, 'محمد', 'حسین دوست', '0945625383', 'محمدرضا', 0, 0, '1392/12/20', '09358372088', '', '', 0, '', 1, 1, 4, 6, 4, NULL, '', '0000-00-00 00:00:00', '0000-00-00 00:00:00'),
(425, NULL, 1, 'رضا', 'پور علی گنجی', '2050194307', 'صمد', 0, 0, '1393/01/26', '09111182797', '', '', 0, '', 1, 1, 4, 6, 4, NULL, '', '0000-00-00 00:00:00', '0000-00-00 00:00:00'),
(426, NULL, 1, 'مهدی', 'خسروی', '4072507581', 'مریدعلی', 0, 0, '1392/12/20', '', '', '', 0, '', 1, 1, 4, 6, 4, NULL, '', '0000-00-00 00:00:00', '0000-00-00 00:00:00'),
(427, NULL, 1, 'محمد رضا', 'کلایی', '0063841101', 'داود', 0, 0, '1392/12/20', '09124805641', '', '', 0, '', 1, 1, 4, 6, 4, NULL, '', '0000-00-00 00:00:00', '0000-00-00 00:00:00'),
(428, NULL, 1, 'محمد', 'ترکمن', '0073643653', 'ولی الله', 0, 0, '1392/12/20', '09124049620', '', '', 0, '', 1, 1, 4, 6, 4, NULL, '', '0000-00-00 00:00:00', '0000-00-00 00:00:00'),
(429, NULL, 1, 'امین', 'اکبری', '4609941694', 'حمیدرضا', 0, 0, '1392/12/20', '09123325957', '', '', 0, '', 1, 1, 4, 6, 4, NULL, '', '0000-00-00 00:00:00', '0000-00-00 00:00:00'),
(430, NULL, 1, 'محسن', 'رهبر', '1293334006', 'بهرام', 0, 0, '1392/12/20', '09136490355', '', '', 0, '', 1, 1, 4, 6, 4, NULL, '', '0000-00-00 00:00:00', '0000-00-00 00:00:00'),
(431, NULL, 1, 'علیرضا', 'قانع', '2280419114', 'علی محمد', 0, 0, '1392/12/20', '09178380190', '', '', 0, '', 1, 1, 4, 6, 4, NULL, '', '0000-00-00 00:00:00', '0000-00-00 00:00:00'),
(432, NULL, 1, 'سید وحید', 'حسینی مدرس', '0920142354', 'سیدحسین', 0, 0, '1392/12/20', '09155245794', '', '', 0, '', 1, 1, 4, 6, 4, NULL, '', '0000-00-00 00:00:00', '0000-00-00 00:00:00'),
(433, NULL, 1, 'سیدپیمان', 'کفایی کاشفی', '0080214320', 'سیدعباس', 0, 0, '1392/12/21', '09126222688', '', '', 0, '', 1, 1, 4, 6, 4, NULL, '', '0000-00-00 00:00:00', '0000-00-00 00:00:00'),
(434, NULL, 1, 'امیر', 'علییان', '0082148351', 'جواد', 0, 0, '1392/12/21', '09124433389', '', '', 0, '', 1, 1, 4, 6, 4, NULL, '', '0000-00-00 00:00:00', '0000-00-00 00:00:00'),
(435, NULL, 1, 'جواد', 'پیری', '4490002904', 'الوان', 0, 0, '1392/12/21', '09378381293', '', '', 0, '', 1, 1, 4, 6, 4, NULL, '', '0000-00-00 00:00:00', '0000-00-00 00:00:00'),
(436, NULL, 1, 'رضا', 'فریدونی', '1841854514', 'غفور', 0, 0, '1392/12/21', '09360471653', '', '', 0, '', 1, 1, 4, 6, 4, NULL, '', '0000-00-00 00:00:00', '0000-00-00 00:00:00'),
(437, NULL, 1, 'شهریار', 'عزیزی', '3762354300', 'ابوبکر', 0, 0, '1392/12/21', '09183764620', '', '', 0, '', 1, 1, 4, 6, 4, NULL, '', '0000-00-00 00:00:00', '0000-00-00 00:00:00'),
(438, NULL, 1, 'امین', 'یوردخانی', '4608149195', 'علی اکبر', 0, 0, '1393/01/18', '09127045643', '', '', 0, '', 1, 1, 4, 6, 4, NULL, '', '0000-00-00 00:00:00', '0000-00-00 00:00:00'),
(439, NULL, 1, 'سید یعقوب', 'شیرنگی', '2122635991', 'سید مهدی', 0, 0, '1393/01/19', '09112755835', '', '', 0, '', 1, 1, 4, 6, 4, NULL, '', '0000-00-00 00:00:00', '0000-00-00 00:00:00'),
(440, NULL, 1, 'علیرضا', 'عزیزی', '0323532489', 'نعمت اله', 0, 0, '1393/01/19', '09308427846', '', '', 0, '', 1, 1, 4, 6, 4, NULL, '', '0000-00-00 00:00:00', '0000-00-00 00:00:00'),
(441, NULL, 1, 'میثم', 'علی نقیان', '0075610965', 'سید رضا', 0, 0, '1393/01/20', '09126015259', '', '', 0, '', 1, 1, 4, 6, 4, NULL, '', '0000-00-00 00:00:00', '0000-00-00 00:00:00'),
(442, NULL, 1, 'وحید', 'مقیمی فر', '0079527711', 'روح اله', 0, 0, '1393/02/02', '09335116382', '', '', 0, '', 1, 1, 4, 6, 4, NULL, '', '0000-00-00 00:00:00', '0000-00-00 00:00:00'),
(443, NULL, 1, 'سعید', 'باوفا آقبلاغ', '1467591106', 'محمد', 0, 0, '1393/02/02', '09144541127', '', '', 0, '', 1, 1, 4, 6, 4, NULL, '', '0000-00-00 00:00:00', '0000-00-00 00:00:00'),
(444, NULL, 1, 'فرامرز', 'صادقی', '0860020213', 'محمد', 0, 0, '1393/02/02', '09158515788', '', '', 0, '', 1, 1, 4, 6, 4, NULL, '', '0000-00-00 00:00:00', '0000-00-00 00:00:00'),
(445, NULL, 1, 'محسن', 'شجاعی فرد', '1130007863', 'منصور', 0, 0, '1393/02/02', '09139093121', '', '', 0, '', 1, 1, 4, 6, 4, NULL, '', '0000-00-00 00:00:00', '0000-00-00 00:00:00'),
(446, NULL, 1, 'فرزان', 'اکرام نصیریان', '2580056114', 'فیض الله', 0, 0, '1393/02/02', '09397639193', '', '', 0, '', 1, 1, 4, 6, 4, NULL, '', '0000-00-00 00:00:00', '0000-00-00 00:00:00'),
(447, NULL, 1, 'رحیم', 'قلی زاده یالفوز آغاج', '1570054940', 'قربانعلی', 0, 0, '1393/02/02', '09360237331', '', '', 0, '', 1, 1, 4, 6, 4, NULL, '', '0000-00-00 00:00:00', '0000-00-00 00:00:00'),
(448, NULL, 1, 'مجتبی', 'نصیری قوشه بلاغ', '2949872840', 'محرم علی', 0, 0, '1393/02/02', '09127286392', '', '', 0, '', 1, 1, 4, 6, 4, NULL, '', '0000-00-00 00:00:00', '0000-00-00 00:00:00'),
(449, NULL, 1, 'موسی', 'آل صادق', '0386213291', 'محمدرضا', 0, 0, '1393/02/02', '09365329976', '', '', 0, '', 1, 1, 4, 6, 4, NULL, '', '0000-00-00 00:00:00', '0000-00-00 00:00:00'),
(450, NULL, 1, 'سعید', 'شریعتی', '6549960770', 'عبدالعلی', 0, 0, '1393/02/02', '09332165411', '', '', 0, '', 1, 1, 4, 6, 4, NULL, '', '0000-00-00 00:00:00', '0000-00-00 00:00:00'),
(451, NULL, 1, 'محمد', 'علیخانی', '0011928662', 'حسین', 0, 0, '1393/02/02', '09354035593', '', '', 0, '', 1, 1, 4, 6, 4, NULL, '', '0000-00-00 00:00:00', '0000-00-00 00:00:00'),
(452, NULL, 1, 'بهزاد', 'حقیقی', '1757113959', 'محمد', 0, 0, '1393/02/02', '09125048135', '', '', 0, '', 1, 1, 4, 6, 4, NULL, '', '0000-00-00 00:00:00', '0000-00-00 00:00:00'),
(453, NULL, 1, 'امید', 'عزیزی', '-', 'یوسف', 0, 0, '1393/02/02', '', '', '', 0, '', 1, 1, 4, 6, 4, NULL, '', '0000-00-00 00:00:00', '0000-00-00 00:00:00'),
(454, NULL, 1, 'محمدصادق', 'رجبی خانقاهی', '-', 'اکبر', 0, 0, '1393/07/30', '09354252367', '', '', 0, '', 1, 1, 4, 6, 4, NULL, '', '0000-00-00 00:00:00', '0000-00-00 00:00:00'),
(455, NULL, 1, 'سیدرضا', 'رمضانی مهریان', '4232050477', 'سیدمرتضی', 0, 0, '1393/02/10', '09177416908', '', '', 0, '', 1, 1, 4, 6, 4, NULL, '', '0000-00-00 00:00:00', '0000-00-00 00:00:00'),
(456, NULL, 1, 'محمدرضا', 'بهارانی', '0703713671', 'محمد', 0, 0, '1393/02/15', '09155103974', '', '', 0, '', 1, 1, 4, 6, 4, NULL, '', '0000-00-00 00:00:00', '0000-00-00 00:00:00'),
(457, NULL, 1, 'سید امیر حامد', 'حسین زاده امیری', '2162590328', 'سید حسین', 0, 0, '1393/02/15', '09124586976', '', '', 0, '', 1, 1, 4, 6, 4, NULL, '', '0000-00-00 00:00:00', '0000-00-00 00:00:00'),
(458, NULL, 1, 'علی', 'روجانی', '2122581301', 'اصغر', 0, 0, '1393/02/15', '09355716035', '', '', 0, '', 1, 1, 4, 6, 4, NULL, '', '0000-00-00 00:00:00', '0000-00-00 00:00:00'),
(459, NULL, 1, 'بهزاد', 'امیری نژاد', '6309934775', 'محمد مهدی', 0, 0, '1393/02/15', '09113418124', '', '', 0, '', 1, 1, 4, 6, 4, NULL, '', '0000-00-00 00:00:00', '0000-00-00 00:00:00'),
(460, NULL, 1, 'هومن', 'انگورانی', '0079919847', 'محمدرضا', 0, 0, '1393/02/15', '09123170445', '', '', 0, '', 1, 1, 4, 6, 4, NULL, '', '0000-00-00 00:00:00', '0000-00-00 00:00:00'),
(461, NULL, 1, 'بهنام', 'رجایی', '2300234637', 'محمد علی', 0, 0, '1393/02/15', '09174881008', '', '', 0, '', 1, 1, 4, 6, 4, NULL, '', '0000-00-00 00:00:00', '0000-00-00 00:00:00'),
(462, NULL, 1, 'احمدرضا', 'میرزا', '0073629472', 'داوود', 0, 0, '1393/02/15', '02188561426', '', '', 0, '', 1, 1, 4, 6, 4, NULL, '', '0000-00-00 00:00:00', '0000-00-00 00:00:00'),
(463, NULL, 1, 'حسین', 'مشایخی', '0083108416', 'محمود', 0, 0, '1393/02/15', '09358581307', '', '', 0, '', 1, 1, 4, 6, 4, NULL, '', '0000-00-00 00:00:00', '0000-00-00 00:00:00'),
(464, NULL, 1, 'سید رضا', 'حسینی حامد', '0780083814', 'سید اصغر', 0, 0, '1393/02/15', '09367192974', '', '', 0, '', 1, 1, 4, 6, 4, NULL, '', '0000-00-00 00:00:00', '0000-00-00 00:00:00'),
(465, NULL, 1, 'محمد', 'رضایی', '5240038287', 'نورالله', 0, 0, '1393/02/15', '09376632295', '', '', 0, '', 1, 1, 4, 6, 4, NULL, '', '0000-00-00 00:00:00', '0000-00-00 00:00:00'),
(466, NULL, 1, 'محمد امین', 'غنی مقدم', '0386169365', 'ابوالفضل', 0, 0, '1393/02/15', '09193512004', '', '', 0, '', 1, 1, 4, 6, 4, NULL, '', '0000-00-00 00:00:00', '0000-00-00 00:00:00'),
(467, NULL, 1, 'سهیل', 'محمدپور دوستکوهی', '2691694496', 'حجت', 0, 0, '1393/02/15', '09111445129', '', '', 0, '', 1, 1, 4, 6, 4, NULL, '', '0000-00-00 00:00:00', '0000-00-00 00:00:00'),
(468, NULL, 1, 'حسین', 'اقبالی', '0946648141', 'غلام احمد', 0, 0, '1393/02/15', '09353505887', '', '', 0, '', 1, 1, 4, 6, 4, NULL, '', '0000-00-00 00:00:00', '0000-00-00 00:00:00'),
(469, NULL, 1, 'کیوان', 'کاویانی', '3243355230', 'پرویز', 0, 0, '1393/02/16', '09367149068', '', '', 0, '', 1, 1, 4, 6, 4, NULL, '', '0000-00-00 00:00:00', '0000-00-00 00:00:00'),
(470, NULL, 1, 'حسین', 'حدادی نیا', '1249956900', 'عبدالمجید', 0, 0, '1393/02/16', '09133537480', '', '', 0, '', 1, 1, 4, 6, 4, NULL, '', '0000-00-00 00:00:00', '0000-00-00 00:00:00'),
(471, NULL, 1, 'پیمان', 'معصومی نصفچی', '3071880839', 'نیکو', 0, 0, '1393/02/16', '09122776369', '', '', 0, '', 1, 1, 4, 6, 4, NULL, '', '0000-00-00 00:00:00', '0000-00-00 00:00:00'),
(472, NULL, 1, 'عباس', 'حاجی پور', '4324175144', 'قربانعلی', 0, 0, '1393/02/16', '09127858571', '', '', 0, '', 1, 1, 4, 6, 4, NULL, '', '0000-00-00 00:00:00', '0000-00-00 00:00:00'),
(473, NULL, 1, 'بابک', 'طور سنگسرکی', '2093469448', 'رضاعلی', 0, 0, '1393/02/16', '09112514490', '', '', 0, '', 1, 1, 4, 6, 4, NULL, '', '0000-00-00 00:00:00', '0000-00-00 00:00:00'),
(474, NULL, 1, 'مهدی', 'مردانی رازلیقی', '0078981247', 'داور', 0, 0, '1393/02/16', '09357464105', '', '', 0, '', 1, 1, 4, 6, 4, NULL, '', '0000-00-00 00:00:00', '0000-00-00 00:00:00'),
(475, NULL, 1, 'محمدرضا', 'باقری میمند', '0323546676', 'حسین', 0, 0, '1393/02/16', '09126634135', '', '', 0, '', 1, 1, 4, 6, 4, NULL, '', '0000-00-00 00:00:00', '0000-00-00 00:00:00'),
(476, NULL, 1, 'محمد', 'شیرکش', '1360592210', 'جعفر', 0, 0, '1393/02/16', '09357850448', '', '', 0, '', 1, 1, 4, 6, 4, NULL, '', '0000-00-00 00:00:00', '0000-00-00 00:00:00'),
(477, NULL, 1, 'سالار', 'حق شناس', '3258333661', 'جعفر', 0, 0, '1393/02/16', '09122880169', '', '', 0, '', 1, 1, 4, 6, 4, NULL, '', '0000-00-00 00:00:00', '0000-00-00 00:00:00'),
(478, NULL, 1, 'حسین', 'اردشیر گروی', '2064798005', 'فرج ا...', 0, 0, '1393/02/16', '09115066683', '', '', 0, '', 1, 1, 4, 6, 4, NULL, '', '0000-00-00 00:00:00', '0000-00-00 00:00:00'),
(479, NULL, 1, 'محمدحسن', 'حسین زاده', '0850051886', 'عباس', 0, 0, '1393/02/16', '09159619717', '', '', 0, '', 1, 1, 4, 6, 4, NULL, '', '0000-00-00 00:00:00', '0000-00-00 00:00:00'),
(480, NULL, 1, 'سعید', 'انصاری', '0370001273', 'عباس رضا', 0, 0, '1393/02/16', '09374047081', '', '', 0, '', 1, 1, 4, 6, 4, NULL, '', '0000-00-00 00:00:00', '0000-00-00 00:00:00'),
(481, NULL, 1, 'حسین', 'قاسم پوری', '4209946281', 'علی جمشید', 0, 0, '1393/02/17', '09166981471', '', '', 0, '', 1, 1, 4, 6, 4, NULL, '', '0000-00-00 00:00:00', '0000-00-00 00:00:00'),
(482, NULL, 1, 'سیامک', 'بدر', '0081685114', 'عبدا..', 0, 0, '1393/02/21', '09125391982', '', '', 0, '', 1, 1, 4, 6, 4, NULL, '', '0000-00-00 00:00:00', '0000-00-00 00:00:00'),
(483, NULL, 1, 'محسن', 'جعفری', '0383946875', 'حمید ', 0, 0, '1393/02/28', '09123518942', '', '', 0, '', 1, 1, 4, 6, 4, NULL, '', '0000-00-00 00:00:00', '0000-00-00 00:00:00'),
(484, NULL, 1, 'فرزاد', 'طالبی', '1360296190', 'عین اله', 0, 0, '1393/02/28', '09144040922', '', '', 0, '', 1, 1, 4, 6, 4, NULL, '', '0000-00-00 00:00:00', '0000-00-00 00:00:00'),
(485, NULL, 1, 'محسن', 'زمانپور', '1288460473', 'مهدی', 0, 0, '1393/03/26', '09132117038', '', '', 0, '', 1, 1, 4, 6, 4, NULL, '', '0000-00-00 00:00:00', '0000-00-00 00:00:00'),
(486, NULL, 1, 'محسن', 'زمانی', '3920039513', 'جواد', 0, 0, '1393/03/26', '09183531179', '', '', 0, '', 1, 1, 4, 6, 4, NULL, '', '0000-00-00 00:00:00', '0000-00-00 00:00:00'),
(487, NULL, 1, 'حمزه', 'علی گلی', '2065104821', 'سعد الله', 0, 0, '1393/03/26', '09364738713', '', '', 0, '', 1, 1, 4, 6, 4, NULL, '', '0000-00-00 00:00:00', '0000-00-00 00:00:00'),
(488, NULL, 1, 'بهروز', 'نصیری', '4310249019', 'کرم علی', 0, 0, '1393/03/27', '09193816765', '', '', 0, '', 1, 1, 4, 6, 4, NULL, '', '0000-00-00 00:00:00', '0000-00-00 00:00:00'),
(489, NULL, 1, 'سعید', 'بهنام عبدالهی برائی', '3111607097', 'سید عبدالله', 0, 0, '1393/03/27', '09128984352', '', '', 0, '', 1, 1, 4, 6, 4, NULL, '', '0000-00-00 00:00:00', '0000-00-00 00:00:00'),
(490, NULL, 1, 'مصطفی', 'جور سرائی تالاری', '0323939627', 'مفید', 0, 0, '1393/03/27', '09354171510', '', '', 0, '', 1, 1, 4, 6, 4, NULL, '', '0000-00-00 00:00:00', '0000-00-00 00:00:00'),
(491, NULL, 1, 'سید جلال', 'موسوی', '3480019331', 'سید محمد', 0, 0, '1393/03/27', '09173641377', '', '', 0, '', 1, 1, 4, 6, 4, NULL, '', '0000-00-00 00:00:00', '0000-00-00 00:00:00'),
(492, NULL, 1, 'سیف الله', 'سقر', '2110003111', 'عبد الحمید', 0, 0, '1393/04/19', '09374166877', '', '', 0, '', 1, 1, 4, 6, 4, NULL, '', '0000-00-00 00:00:00', '0000-00-00 00:00:00'),
(493, NULL, 1, 'محمد مهدی', 'نباتی', '0480386765', 'محمدتقی', 0, 0, '1393/04/03', '09126352768', '', '', 0, '', 1, 1, 4, 6, 4, NULL, '', '0000-00-00 00:00:00', '0000-00-00 00:00:00'),
(494, NULL, 1, 'سید عباس', 'سیادتی', '1570034591', 'میر حجت', 0, 0, '1393/05/02', '09360515713', '', '', 0, '', 1, 1, 4, 6, 4, NULL, '', '0000-00-00 00:00:00', '0000-00-00 00:00:00'),
(495, NULL, 1, 'احسان', 'اسلامی', '2080045245', 'محمود', 0, 0, '1393/05/02', '09358477432', '', '', 0, '', 1, 1, 4, 6, 4, NULL, '', '0000-00-00 00:00:00', '0000-00-00 00:00:00'),
(496, NULL, 1, 'مهرداد', 'بیگوند', '3359865261', 'محمد رضا', 0, 0, '1393/05/12', '09187200062', '', '', 0, '', 1, 1, 4, 6, 4, NULL, '', '0000-00-00 00:00:00', '0000-00-00 00:00:00'),
(497, NULL, 1, 'محمد تقی', 'رمضانی', '0589968793', 'علی اکبر', 0, 0, '1393/05/12', '09124040596', '', '', 0, '', 1, 1, 4, 6, 4, NULL, '', '0000-00-00 00:00:00', '0000-00-00 00:00:00'),
(498, NULL, 1, 'نیما', 'صمدی', '2722526093', 'احمد رضا', 0, 0, '1393/05/12', '', '', '', 0, '', 1, 1, 4, 6, 4, NULL, '', '0000-00-00 00:00:00', '0000-00-00 00:00:00'),
(499, NULL, 1, 'بهزاد', 'مقیمی شهری', '0910037711', 'حسین', 0, 0, '1393/05/16', '09158361150', '', '', 0, '', 1, 1, 4, 6, 4, NULL, '', '0000-00-00 00:00:00', '0000-00-00 00:00:00'),
(500, NULL, 1, 'محمود رضا', 'ساجی', '1220002402', 'اکبر', 0, 0, '1393/05/16', '09124835316', '', '', 0, '', 1, 1, 4, 6, 4, NULL, '', '0000-00-00 00:00:00', '0000-00-00 00:00:00'),
(501, NULL, 1, 'هادی', 'فرخی', '0704021366', 'علیرضا', 0, 0, '1393/05/16', '09352935006', '', '', 0, '', 1, 1, 4, 6, 4, NULL, '', '0000-00-00 00:00:00', '0000-00-00 00:00:00'),
(502, NULL, 1, 'بابک', 'کاملی', '1360302905', 'محمدرضا', 0, 0, '1393/05/16', '09149125381', '', '', 0, '', 1, 1, 4, 6, 4, NULL, '', '0000-00-00 00:00:00', '0000-00-00 00:00:00'),
(503, NULL, 1, 'امیر', 'اشرفی مسافری', '0795024290', 'محمد', 0, 0, '1393/05/16', '09354493869', '', '', 0, '', 1, 1, 4, 6, 4, NULL, '', '0000-00-00 00:00:00', '0000-00-00 00:00:00'),
(504, NULL, 1, 'بابک', 'ثمرقندی', '2161863103', 'محمد باقر', 0, 0, '1393/05/16', '09399946481', '', '', 0, '', 1, 1, 4, 6, 4, NULL, '', '0000-00-00 00:00:00', '0000-00-00 00:00:00'),
(505, NULL, 1, 'بهزاد', 'دالوند', '4073218654', 'حاتم', 0, 0, '1393/05/16', '09169593692', '', '', 0, '', 1, 1, 4, 6, 4, NULL, '', '0000-00-00 00:00:00', '0000-00-00 00:00:00'),
(506, NULL, 1, 'رضا', 'ملک ارایی', '-', 'داریوش', 0, 0, '1393/05/22', '09128380508', '', '', 0, '', 1, 1, 4, 6, 4, NULL, '', '0000-00-00 00:00:00', '0000-00-00 00:00:00'),
(507, NULL, 1, 'مصطفی', 'ربیعی', '1159896364', 'اسدالله', 0, 0, '1393/05/22', '09137977969', '', '', 0, '', 1, 1, 4, 6, 4, NULL, '', '0000-00-00 00:00:00', '0000-00-00 00:00:00'),
(508, NULL, 1, 'امیر', 'سیمافر', '-', '-', 0, 0, '1393/05/22', '09149618059', '', '', 0, '', 1, 1, 4, 6, 4, NULL, '', '0000-00-00 00:00:00', '0000-00-00 00:00:00'),
(509, NULL, 1, 'سعید', 'آذربرا', '1639914498', 'علی', 0, 0, '1393/05/22', '09143533707', '', '', 0, '', 1, 1, 4, 6, 4, NULL, '', '0000-00-00 00:00:00', '0000-00-00 00:00:00'),
(510, NULL, 1, 'محسن', 'ایزدی یزدان ابادی', '3080069110', 'محمد', 0, 0, '1393/05/22', '09131971917', '', '', 0, '', 1, 1, 4, 6, 4, NULL, '', '0000-00-00 00:00:00', '0000-00-00 00:00:00'),
(511, NULL, 1, 'پوریا', 'خدابخش', '0014353008', 'غلامرضا', 0, 0, '1393/04/11', '09355356707', '', '', 0, '', 1, 1, 4, 6, 4, NULL, '', '0000-00-00 00:00:00', '0000-00-00 00:00:00'),
(512, NULL, 1, 'دانیال', 'پاکیزه مقدم', '0780000307', 'محمد علی', 0, 0, '1393/04/11', '09151708970', '', '', 0, '', 1, 1, 4, 6, 4, NULL, '', '0000-00-00 00:00:00', '0000-00-00 00:00:00'),
(513, NULL, 1, 'محمود', 'حاجی زاده', '1900104751', 'افشین', 0, 0, '1393/05/28', '09367594012', '', '', 0, '', 1, 1, 4, 6, 4, NULL, '', '0000-00-00 00:00:00', '0000-00-00 00:00:00'),
(514, NULL, 1, 'احمدرضا', 'رضایی', '-', 'عباس', 0, 0, '1393/06/03', '09360331632', '', '', 0, '', 1, 1, 4, 6, 4, NULL, '', '0000-00-00 00:00:00', '0000-00-00 00:00:00'),
(515, NULL, 1, 'سید محمد صادق', 'حبیبی', '-', 'مهدی', 0, 0, '1393/06/18', '09364300523', '', '', 0, '', 1, 1, 4, 6, 4, NULL, '', '0000-00-00 00:00:00', '0000-00-00 00:00:00'),
(516, NULL, 1, 'مهدی', 'بنایی', '4133080661', 'حمید', 0, 0, '1393/06/18', '09166625659', '', '', 0, '', 1, 1, 4, 6, 4, NULL, '', '0000-00-00 00:00:00', '0000-00-00 00:00:00'),
(517, NULL, 1, 'مسعود', 'شایانیان', '3860128337', 'رضا', 0, 0, '1393/06/18', '09183123691', '', '', 0, '', 1, 1, 4, 6, 4, NULL, '', '0000-00-00 00:00:00', '0000-00-00 00:00:00'),
(518, NULL, 1, 'افشین', 'رسولی', '-', 'حسین علی', 0, 0, '1393/06/18', '09383977011', '', '', 0, '', 1, 1, 4, 6, 4, NULL, '', '0000-00-00 00:00:00', '0000-00-00 00:00:00'),
(519, NULL, 1, 'امیر', 'پور قاسم', '2064717511', 'غلامرضا', 0, 0, '1393/06/18', '09111141683', '', '', 0, '', 1, 1, 4, 6, 4, NULL, '', '0000-00-00 00:00:00', '0000-00-00 00:00:00'),
(520, NULL, 1, 'حمیدرضا', 'امین افشاری', '0080272088', 'صابر', 0, 0, '1393/06/18', '09353303615', '', '', 0, '', 1, 1, 4, 6, 4, NULL, '', '0000-00-00 00:00:00', '0000-00-00 00:00:00'),
(521, NULL, 1, 'رضا', 'عبداللهی', '1292686634', 'رسول', 0, 0, '1393/06/18', '09132001958', '', '', 0, '', 1, 1, 4, 6, 4, NULL, '', '0000-00-00 00:00:00', '0000-00-00 00:00:00'),
(522, NULL, 1, 'میلاد', 'نصرتی چایچی', '0072370531', 'نوراله', 0, 0, '1393/06/18', '09127690048', '', '', 0, '', 1, 1, 4, 6, 4, NULL, '', '0000-00-00 00:00:00', '0000-00-00 00:00:00'),
(523, NULL, 1, 'حمید', 'فرهمندی', '1209960893', 'اسدالله', 0, 0, '1393/06/18', '09132220842', '', '', 0, '', 1, 1, 4, 6, 4, NULL, '', '0000-00-00 00:00:00', '0000-00-00 00:00:00'),
(524, NULL, 1, 'احسان', 'قربانی واسکسی', '-', 'نادعلی', 0, 0, '1393/06/18', '09379015430', '', '', 0, '', 1, 1, 4, 6, 4, NULL, '', '0000-00-00 00:00:00', '0000-00-00 00:00:00'),
(525, NULL, 1, 'نیما', 'طالب زاده', '1382268084', 'علی', 0, 0, '1393/06/18', '09143008195', '', '', 0, '', 1, 1, 4, 6, 4, NULL, '', '0000-00-00 00:00:00', '0000-00-00 00:00:00'),
(526, NULL, 1, 'آزاد', 'محمدی', '3732896943', 'وفا', 0, 0, '1393/06/18', '09187721056', '', '', 0, '', 1, 1, 4, 6, 4, NULL, '', '0000-00-00 00:00:00', '0000-00-00 00:00:00'),
(527, NULL, 1, 'مهدی', 'زرنگ', '0012705519', 'محمدرضا', 0, 0, '1393/06/18', '09196203832', '', '', 0, '', 1, 1, 4, 6, 4, NULL, '', '0000-00-00 00:00:00', '0000-00-00 00:00:00'),
(528, NULL, 1, 'حمید', 'حسینی یارندی', '0082482993', 'حسن', 0, 0, '1393/06/18', '09125041698', '', '', 0, '', 1, 1, 4, 6, 4, NULL, '', '0000-00-00 00:00:00', '0000-00-00 00:00:00'),
(529, NULL, 1, 'نیما', 'اسماعیل زاده', '0945971370', 'محمدمهدی', 0, 0, '1393/06/18', '09155136332', '', '', 0, '', 1, 1, 4, 6, 4, NULL, '', '0000-00-00 00:00:00', '0000-00-00 00:00:00'),
(530, NULL, 1, 'محمد مهدی', 'مهدوی', '0945308248', 'ناصر', 0, 0, '1393/06/18', '09155072600', '', '', 0, '', 1, 1, 4, 6, 4, NULL, '', '0000-00-00 00:00:00', '0000-00-00 00:00:00'),
(531, NULL, 1, 'عرفان', 'یاسری', '0453714846', 'مسعود', 0, 0, '1393/06/23', '09191046177', '', '', 0, '', 1, 1, 4, 6, 4, NULL, '', '0000-00-00 00:00:00', '0000-00-00 00:00:00'),
(532, NULL, 1, 'فرید', 'برجی صومعه', '0080757537', 'فرج', 0, 0, '1393/06/23', '09371266022', '', '', 0, '', 1, 1, 4, 6, 4, NULL, '', '0000-00-00 00:00:00', '0000-00-00 00:00:00'),
(533, NULL, 1, 'ابراهیم', 'باغ آستانی', '1250033535', 'علی', 0, 0, '1393/06/23', '09191987717', '', '', 0, '', 1, 1, 4, 6, 4, NULL, '', '0000-00-00 00:00:00', '0000-00-00 00:00:00'),
(534, NULL, 1, 'نوید', 'هنرور جوکندان', '2631685741', 'صنعان', 0, 0, '1393/06/24', '09306051862', '', '', 0, '', 1, 1, 4, 6, 4, NULL, '', '0000-00-00 00:00:00', '0000-00-00 00:00:00'),
(535, NULL, 1, 'محمد', 'زینعلی', '0079689981', 'حسن', 0, 0, '1393/06/24', '09122950481', '', '', 0, '', 1, 1, 4, 6, 4, NULL, '', '0000-00-00 00:00:00', '0000-00-00 00:00:00'),
(536, NULL, 1, 'فرهاد', 'محمدمقیمی اهویی', '0081178603', 'محمد', 0, 0, '1393/06/26', '09125955925', '', '', 0, '', 1, 1, 4, 6, 4, NULL, '', '0000-00-00 00:00:00', '0000-00-00 00:00:00'),
(537, NULL, 1, 'آرمان', 'عاشورا اردلان', '2259941362', 'نصرت الله', 0, 0, '1393/07/20', '09355407317', '', '', 0, '', 1, 1, 4, 6, 4, NULL, '', '0000-00-00 00:00:00', '0000-00-00 00:00:00'),
(538, NULL, 1, 'علیرضا', 'قاسمی', '0084087099', 'مسعود', 0, 0, '1393/07/20', '09121024223', '', '', 0, '', 1, 1, 4, 6, 4, NULL, '', '0000-00-00 00:00:00', '0000-00-00 00:00:00'),
(539, NULL, 1, 'کسری', 'پهلوان', '0078539447', 'شهرام', 0, 0, '1393/07/20', '09123014879', '', '', 0, '', 1, 1, 4, 6, 4, NULL, '', '0000-00-00 00:00:00', '0000-00-00 00:00:00'),
(540, NULL, 1, 'محمدعلی', 'یاوری', '1219907588', 'حیدر', 0, 0, '1393/07/22', '09132728341', '', '', 0, '', 1, 1, 4, 6, 4, NULL, '', '0000-00-00 00:00:00', '0000-00-00 00:00:00'),
(541, NULL, 1, 'امیرحسین', 'دادگستر دارانی', '1159895120', 'بهرام', 0, 0, '1393/07/22', '09133709287', '', '', 0, '', 1, 1, 4, 6, 4, NULL, '', '0000-00-00 00:00:00', '0000-00-00 00:00:00'),
(542, NULL, 1, 'محمدرضا', 'دلجوان انوری', '1382678320', 'محمدتقی', 0, 0, '1393/07/22', '09144042893', '', '', 0, '', 1, 1, 4, 6, 4, NULL, '', '0000-00-00 00:00:00', '0000-00-00 00:00:00'),
(543, NULL, 1, 'شهرام', 'شریفی', '3750046832', 'سیف الله', 0, 0, '1393/07/23', '09183744408', '', '', 0, '', 1, 1, 4, 6, 4, NULL, '', '0000-00-00 00:00:00', '0000-00-00 00:00:00'),
(544, NULL, 1, 'نیما', 'پاداشی', '2162791056', 'داراب', 0, 0, '1393/07/23', '09121933739', '', '', 0, '', 1, 1, 4, 6, 4, NULL, '', '0000-00-00 00:00:00', '0000-00-00 00:00:00'),
(545, NULL, 1, 'محمد رضا', 'معمری', '0653178042', 'غلامرضا', 0, 0, '1393/07/30', '09375459592', '', '', 0, '', 1, 1, 4, 6, 4, NULL, '', '0000-00-00 00:00:00', '0000-00-00 00:00:00'),
(546, NULL, 1, 'رسول', 'نوران انباردان', '0081367678', 'اسماعیل', 0, 0, '1393/07/30', '09359462227', '', '', 0, '', 1, 1, 4, 6, 4, NULL, '', '0000-00-00 00:00:00', '0000-00-00 00:00:00'),
(547, NULL, 1, 'بهرام', 'چرچی مقانی', '0081450648', 'حسین', 0, 0, '1393/07/30', '09124014069', '', '', 0, '', 1, 1, 4, 6, 4, NULL, '', '0000-00-00 00:00:00', '0000-00-00 00:00:00'),
(548, NULL, 1, 'مرتضی', 'نظری سرنجه', '4073245244', 'حسین علی', 0, 0, '1393/08/19', '09379568259', '', '', 0, '', 1, 1, 4, 6, 4, NULL, '', '0000-00-00 00:00:00', '0000-00-00 00:00:00'),
(549, NULL, 1, 'مصطفی', 'مصطفی زاده', '6399943061', 'اسمعیل', 0, 0, '1393/08/19', '09141845046', '', '', 0, '', 1, 1, 4, 6, 4, NULL, '', '0000-00-00 00:00:00', '0000-00-00 00:00:00'),
(550, NULL, 1, 'اکبر', 'داودی جمالوئی', '1092174265', 'محمد علی ', 0, 0, '1393/08/19', '09139303196', '', '', 0, '', 1, 1, 4, 6, 4, NULL, '', '0000-00-00 00:00:00', '0000-00-00 00:00:00'),
(551, NULL, 1, 'سید الیاس', 'موسوی', '1940168783', 'سید جواد', 0, 0, '1393/08/19', '09354107244', '', '', 0, '', 1, 1, 4, 6, 4, NULL, '', '0000-00-00 00:00:00', '0000-00-00 00:00:00'),
(552, NULL, 1, 'سهند', 'برادران جعفری', '0079494595', 'ابوطالب', 0, 0, '1393/08/19', '09390288928', '', '', 0, '', 1, 1, 4, 6, 4, NULL, '', '0000-00-00 00:00:00', '0000-00-00 00:00:00'),
(553, NULL, 1, 'محسن', 'دستپاک', '0682514934', 'جعفر', 0, 0, '1393/08/19', '09303843628', '', '', 0, '', 1, 1, 4, 6, 4, NULL, '', '0000-00-00 00:00:00', '0000-00-00 00:00:00'),
(554, NULL, 1, 'علی', 'صالحی سده', '1160095681', 'محمد حسن', 0, 0, '1393/08/19', '09139756917', '', '', 0, '', 1, 1, 4, 6, 4, NULL, '', '0000-00-00 00:00:00', '0000-00-00 00:00:00'),
(555, NULL, 1, 'ساسان', 'ثاقب تهرانی', '0010363440', 'مجتبی', 0, 0, '1393/08/24', '09124435259', '', '', 0, '', 1, 1, 4, 6, 4, NULL, '', '0000-00-00 00:00:00', '0000-00-00 00:00:00'),
(556, NULL, 1, 'جعفر', 'روحانی', '0670026484', 'محمد ابراهیم', 0, 0, '1394/04/07', '', '', '', 0, '', 1, 1, 4, 6, 4, NULL, '', '0000-00-00 00:00:00', '0000-00-00 00:00:00');
INSERT INTO `people` (`id`, `role_id`, `is_active`, `fname`, `lname`, `nationalcode`, `fathername`, `photo_id`, `cardnumber`, `birthdate`, `cellphone`, `telephone`, `address`, `postalcode`, `email`, `degree_id`, `service_id`, `field_id`, `major_id`, `university_id`, `deleted_at`, `password`, `created_at`, `updated_at`) VALUES
(557, NULL, 1, 'سید مسعود', 'پوربخشی', '0082729711', 'سید رضا', 0, 0, '1394/04/09', '09354049768', '', '', 0, '', 1, 1, 4, 6, 4, NULL, '', '0000-00-00 00:00:00', '0000-00-00 00:00:00'),
(558, NULL, 1, 'محسن', 'حیدری', '1150023856', 'علیرضا', 0, 0, '1394/04/11', '09127289179', '', '', 0, '', 1, 1, 4, 6, 4, NULL, '', '0000-00-00 00:00:00', '0000-00-00 00:00:00'),
(559, NULL, 1, 'سپهر', 'محرری', '4073221541', 'صادق', 0, 0, '1394/04/11', '09166634303', '', '', 0, '', 1, 1, 4, 6, 4, NULL, '', '0000-00-00 00:00:00', '0000-00-00 00:00:00'),
(560, NULL, 1, 'مصطفی', 'رضایی زمان', '3875592840', 'اسدالله', 0, 0, '1394/04/11', '09188191891', '', '', 0, '', 1, 1, 4, 6, 4, NULL, '', '0000-00-00 00:00:00', '0000-00-00 00:00:00'),
(561, NULL, 1, 'مرتضی', 'نوراللهی', '0078233429', 'حسن', 0, 0, '1394/04/11', '09308459285', '', '', 0, '', 1, 1, 4, 6, 4, NULL, '', '0000-00-00 00:00:00', '0000-00-00 00:00:00'),
(562, NULL, 1, 'مجتبی', 'توکلی', '0370094557', 'هادی', 0, 0, '1394/04/11', '', '', '', 0, '', 1, 1, 4, 6, 4, NULL, '', '0000-00-00 00:00:00', '0000-00-00 00:00:00'),
(563, NULL, 1, 'علیرضا', 'سیاری', '0070500746', 'علی اکبر', 0, 0, '1394/04/13', '09123353199', '', '', 0, '', 1, 1, 4, 6, 4, NULL, '', '0000-00-00 00:00:00', '0000-00-00 00:00:00'),
(564, NULL, 1, 'احسان', 'مجدآبادی فراهانی', '0079414461', 'محمد رضا', 0, 0, '1394/04/13', '09124596673', '', '', 0, '', 1, 1, 4, 6, 4, NULL, '', '0000-00-00 00:00:00', '0000-00-00 00:00:00'),
(565, NULL, 1, 'علی', 'عرفان', '3258733120', 'عباسعلی', 0, 0, '1394/04/13', '09123096173', '', '', 0, '', 1, 1, 4, 6, 4, NULL, '', '0000-00-00 00:00:00', '0000-00-00 00:00:00'),
(566, NULL, 1, 'آرام', 'حسینی', '3762419681', 'حسین', 0, 0, '1394/04/13', '09363057421', '', '', 0, '', 1, 1, 4, 6, 4, NULL, '', '0000-00-00 00:00:00', '0000-00-00 00:00:00'),
(567, NULL, 1, 'مهدی', 'طاهری', '4579919920', 'محمود', 0, 0, '1394/04/13', '09125325982', '', '', 0, '', 1, 1, 4, 6, 4, NULL, '', '0000-00-00 00:00:00', '0000-00-00 00:00:00'),
(568, NULL, 1, 'یونس', 'فلاحی نژاد', '3250424218', 'علی', 0, 0, '1394/04/13', '09183592235', '', '', 0, '', 1, 1, 4, 6, 4, NULL, '', '0000-00-00 00:00:00', '0000-00-00 00:00:00'),
(569, NULL, 1, 'احسان', 'نادری', '0453627781', 'چنگیز', 0, 0, '1394/04/13', '09123035973', '', '', 0, '', 1, 1, 4, 6, 4, NULL, '', '0000-00-00 00:00:00', '0000-00-00 00:00:00'),
(570, NULL, 1, 'اسماعیل', 'عزتی بابی', '1467430188', 'عین الله', 0, 0, '1394/04/13', '09121327860', '', '', 0, '', 1, 1, 4, 6, 4, NULL, '', '0000-00-00 00:00:00', '0000-00-00 00:00:00'),
(571, NULL, 1, 'آرام', 'احمدی', '3732952037', 'محمد خالد', 0, 0, '1394/06/09', '09396399106', '', '', 0, '', 1, 1, 4, 6, 4, NULL, '', '0000-00-00 00:00:00', '0000-00-00 00:00:00'),
(572, NULL, 1, 'احسان', 'رودگر آملی', '2130003710', 'مهدی', 0, 0, '1394/06/09', '09387464868', '', '', 0, '', 1, 1, 4, 6, 4, NULL, '', '0000-00-00 00:00:00', '0000-00-00 00:00:00'),
(573, NULL, 1, 'سید پیمان', 'هاشمی', '0559844212', 'سید حسین', 0, 0, '1394/04/23', '09129454370', '', '', 0, '', 1, 1, 4, 6, 4, NULL, '', '0000-00-00 00:00:00', '0000-00-00 00:00:00'),
(574, NULL, 1, 'کریم', 'طاهر سیما', '2722568731', 'عباس', 0, 0, '1394/04/23', '09124572081', '', '', 0, '', 1, 1, 4, 6, 4, NULL, '', '0000-00-00 00:00:00', '0000-00-00 00:00:00'),
(575, NULL, 1, 'علی اکبر', 'میر آخورلی', '4609959593', 'علی نقی', 0, 0, '1394/04/23', '09128311747', '', '', 0, '', 1, 1, 4, 6, 4, NULL, '', '0000-00-00 00:00:00', '0000-00-00 00:00:00'),
(576, NULL, 1, 'امید', 'خوشدل برج', '0872501116', 'اسدالله', 0, 0, '1394/04/29', '09158526537', '', '', 0, '', 1, 1, 4, 6, 4, NULL, '', '0000-00-00 00:00:00', '0000-00-00 00:00:00'),
(577, NULL, 1, 'جواد', 'یوسفیان آرانی', '1263321127', 'محمد علی', 0, 0, '1394/04/29', '09357389181', '', '', 0, '', 1, 1, 4, 6, 4, NULL, '', '0000-00-00 00:00:00', '0000-00-00 00:00:00'),
(578, NULL, 1, 'امید', 'علیزاده', '2851793391', 'فرهاد', 0, 0, '1394/04/29', '09124577821', '', '', 0, '', 1, 1, 4, 6, 4, NULL, '', '0000-00-00 00:00:00', '0000-00-00 00:00:00'),
(579, NULL, 1, 'میثم', 'عباس تبار رنشلی', '2143029241', 'قربان', 0, 0, '1394/04/29', '09396322988', '', '', 0, '', 1, 1, 4, 6, 4, NULL, '', '0000-00-00 00:00:00', '0000-00-00 00:00:00'),
(580, NULL, 1, 'سید شهاب الدین', 'شمس آبادی', '0946673802', 'سید سعید', 0, 0, '1394/04/29', '09359825203', '', '', 0, '', 1, 1, 4, 6, 4, NULL, '', '0000-00-00 00:00:00', '0000-00-00 00:00:00'),
(581, NULL, 1, 'حسین', 'حسنی', '0323561713', 'عباس', 0, 0, '1394/05/05', '09359425658', '', '', 0, '', 1, 1, 4, 6, 4, NULL, '', '0000-00-00 00:00:00', '0000-00-00 00:00:00'),
(582, NULL, 1, 'امین', 'جراحی خامنه', '1720004633', 'حمید', 0, 0, '1394/05/06', '09143171976', '', '', 0, '', 1, 1, 4, 6, 4, NULL, '', '0000-00-00 00:00:00', '0000-00-00 00:00:00'),
(583, NULL, 1, 'امین', 'حسین زاده رندی', '2820008151', 'حسین', 0, 0, '1394/05/06', '09147146057', '', '', 0, '', 1, 1, 4, 6, 4, NULL, '', '0000-00-00 00:00:00', '0000-00-00 00:00:00'),
(584, NULL, 1, 'علی رضا', 'طوبایی زاده', '1972243853', 'علی اکبر', 0, 0, '1394/05/06', '09163106179', '', '', 0, '', 1, 1, 4, 6, 4, NULL, '', '0000-00-00 00:00:00', '0000-00-00 00:00:00'),
(585, NULL, 1, 'ولی اله', 'دادرسی', '3992491633', 'اروجعلی', 0, 0, '1394/05/06', '09369292964', '', '', 0, '', 1, 1, 4, 6, 4, NULL, '', '0000-00-00 00:00:00', '0000-00-00 00:00:00'),
(586, NULL, 1, 'بهروز', 'صادقی', '4569951236', 'حسن', 0, 0, '1394/05/06', '09122317795', '', '', 0, '', 1, 1, 4, 6, 4, NULL, '', '0000-00-00 00:00:00', '0000-00-00 00:00:00'),
(587, NULL, 1, 'مسعود', 'دولت آبادی', '0902438239', 'برات الله', 0, 0, '1394/05/06', '09366237384', '', '', 0, '', 1, 1, 4, 6, 4, NULL, '', '0000-00-00 00:00:00', '0000-00-00 00:00:00'),
(588, NULL, 1, 'حبیب', 'قلی پور رنجبر', '1690031123', 'محمد رسول', 0, 0, '1394/05/06', '09369308358', '', '', 0, '', 1, 1, 4, 6, 4, NULL, '', '0000-00-00 00:00:00', '0000-00-00 00:00:00'),
(589, NULL, 1, 'امیر', 'اکرمی خضرلو', '1360053484', 'اصغر', 0, 0, '1394/05/06', '09394950588', '', '', 0, '', 1, 1, 4, 6, 4, NULL, '', '0000-00-00 00:00:00', '0000-00-00 00:00:00'),
(590, NULL, 1, 'مرتضی', 'کمالوند', '4060167134', 'خداکرم', 0, 0, '1394/05/10', '09378354426', '', '', 0, '', 1, 1, 4, 6, 4, NULL, '', '0000-00-00 00:00:00', '0000-00-00 00:00:00'),
(591, NULL, 1, 'هومن', 'نیک مرام', '-', 'محمد بهروز', 0, 0, '1394/05/14', '09123089907', '', '', 0, '', 1, 1, 4, 6, 4, NULL, '', '0000-00-00 00:00:00', '0000-00-00 00:00:00'),
(592, NULL, 1, 'حسین', 'اکبری', '0012056626', 'محرم', 0, 0, '1394/05/14', '09193996136', '', '', 0, '', 1, 1, 4, 6, 4, NULL, '', '0000-00-00 00:00:00', '0000-00-00 00:00:00'),
(593, NULL, 1, 'محمد', 'برمر', '0083320024', 'سعد الله', 0, 0, '1394/05/14', '09127030557', '', '', 0, '', 1, 1, 4, 6, 4, NULL, '', '0000-00-00 00:00:00', '0000-00-00 00:00:00'),
(594, NULL, 1, 'محمد ابراهیم', 'ترکمانی', '0083103971', 'حسینعلی', 0, 0, '1394/05/14', '09126346272', '', '', 0, '', 1, 1, 4, 6, 4, NULL, '', '0000-00-00 00:00:00', '0000-00-00 00:00:00'),
(595, NULL, 1, 'علیرضا', 'ابراهیمی', '2420283309', 'علی', 0, 0, '1394/05/14', '09389150884', '', '', 0, '', 1, 1, 4, 6, 4, NULL, '', '0000-00-00 00:00:00', '0000-00-00 00:00:00'),
(596, NULL, 1, 'رضا', 'کریمی', '-', 'محمدرضا', 0, 0, '1394/05/14', '09366363288', '', '', 0, '', 1, 1, 4, 6, 4, NULL, '', '0000-00-00 00:00:00', '0000-00-00 00:00:00'),
(597, NULL, 1, 'راهب', 'حافظ زاده', '1490162410', 'اسفندیار', 0, 0, '1394/05/14', '09370569683', '', '', 0, '', 1, 1, 4, 6, 4, NULL, '', '0000-00-00 00:00:00', '0000-00-00 00:00:00'),
(598, NULL, 1, 'حسن', 'اکبری', '-', 'محرم', 0, 0, '1394/05/14', '09196010933', '', '', 0, '', 1, 1, 4, 6, 4, NULL, '', '0000-00-00 00:00:00', '0000-00-00 00:00:00'),
(599, NULL, 1, 'احسان', 'محمدی', '-', 'محمد ابراهیم', 0, 0, '1394/05/14', '09126870156', '', '', 0, '', 1, 1, 4, 6, 4, NULL, '', '0000-00-00 00:00:00', '0000-00-00 00:00:00'),
(600, NULL, 1, 'سعید', 'انجمی', '4324251908', 'علی اکبر', 0, 0, '1394/05/14', '09196603439', '', '', 0, '', 1, 1, 4, 6, 4, NULL, '', '0000-00-00 00:00:00', '0000-00-00 00:00:00'),
(601, NULL, 1, 'حجت', 'بازی دهنو', '4220038353', 'سرافراز', 0, 0, '1394/05/21', '09177769071', '', '', 0, '', 1, 1, 4, 6, 4, NULL, '', '0000-00-00 00:00:00', '0000-00-00 00:00:00'),
(602, NULL, 1, 'محمدرضا', 'هفتانی', '0370674979', 'محمود', 0, 0, '1394/05/21', '', '', '', 0, '', 1, 1, 4, 6, 4, NULL, '', '0000-00-00 00:00:00', '0000-00-00 00:00:00'),
(603, NULL, 1, 'مهدی', 'بازمانده', '2994127911', 'علی', 0, 0, '1394/05/21', '09132469430', '', '', 0, '', 1, 1, 4, 6, 4, NULL, '', '0000-00-00 00:00:00', '0000-00-00 00:00:00'),
(604, NULL, 1, 'سعید', 'نجف زاده', '4920030495', 'اکبر ', 0, 0, '1394/05/21', '09372905934', '', '', 0, '', 1, 1, 4, 6, 4, NULL, '', '0000-00-00 00:00:00', '0000-00-00 00:00:00'),
(605, NULL, 1, 'علی', 'غیبی', '0079548970', 'حسن', 0, 0, '1394/05/21', '09127034939', '', '', 0, '', 1, 1, 4, 6, 4, NULL, '', '0000-00-00 00:00:00', '0000-00-00 00:00:00'),
(606, NULL, 1, 'داود', 'همتی', '1199960047', 'حیدر علی', 0, 0, '1394/05/21', '09376883673', '', '', 0, '', 1, 1, 4, 6, 4, NULL, '', '0000-00-00 00:00:00', '0000-00-00 00:00:00'),
(607, NULL, 1, 'عباس', 'مرادی', '2929922761', 'ابوبکر', 0, 0, '1394/05/21', '09141854251', '', '', 0, '', 1, 1, 4, 6, 4, NULL, '', '0000-00-00 00:00:00', '0000-00-00 00:00:00'),
(608, NULL, 1, 'علی', 'سر چاهی', '1050227182', 'صفدر', 0, 0, '1394/05/21', '09159794052', '', '', 0, '', 1, 1, 4, 6, 4, NULL, '', '0000-00-00 00:00:00', '0000-00-00 00:00:00'),
(609, NULL, 1, 'مسعود', 'قربانی', '4880056138', 'حسن', 0, 0, '1394/06/09', '09118791575', '', '', 0, '', 1, 1, 4, 6, 4, NULL, '', '0000-00-00 00:00:00', '0000-00-00 00:00:00'),
(610, NULL, 1, 'احمدرضا', 'سعیدی طرئی', '2280685396', 'حسین', 0, 0, '1394/05/21', '09125585799', '', '', 0, '', 1, 1, 4, 6, 4, NULL, '', '0000-00-00 00:00:00', '0000-00-00 00:00:00'),
(611, NULL, 1, 'دانیال', 'خسروی', '-', '-', 0, 0, '1394/05/21', '09353310547', '', '', 0, '', 1, 1, 4, 6, 4, NULL, '', '0000-00-00 00:00:00', '0000-00-00 00:00:00'),
(612, NULL, 1, 'محمد', 'حیدری فر', '4190018351', 'فرج الله', 0, 0, '1394/05/21', '09166639240', '', '', 0, '', 1, 1, 4, 6, 4, NULL, '', '0000-00-00 00:00:00', '0000-00-00 00:00:00'),
(613, NULL, 1, 'بهرام', 'احمدی', '-', '-', 0, 0, '1394/05/21', '', '', '', 0, '', 1, 1, 4, 6, 4, NULL, '', '0000-00-00 00:00:00', '0000-00-00 00:00:00'),
(614, NULL, 1, 'محمد رضا', 'قاسمی منفرد', '1250021324', 'محمود', 0, 0, '1394/05/21', '09373670515', '', '', 0, '', 1, 1, 4, 6, 4, NULL, '', '0000-00-00 00:00:00', '0000-00-00 00:00:00'),
(615, NULL, 1, 'اللهیار', 'کوچکعلی', '0079768857', 'جمشید', 0, 0, '1394/05/22', '09122834079', '', '', 0, '', 1, 1, 4, 6, 4, NULL, '', '0000-00-00 00:00:00', '0000-00-00 00:00:00'),
(616, NULL, 1, 'امین', 'فیاضی', '3934554180', 'مهدی', 0, 0, '1394/05/22', '09183505920', '', '', 0, '', 1, 1, 4, 6, 4, NULL, '', '0000-00-00 00:00:00', '0000-00-00 00:00:00'),
(617, NULL, 1, 'امید', 'ظریفی', '6402099040', 'مسعود', 0, 0, '1394/05/22', '09301910020', '', '', 0, '', 1, 1, 4, 6, 4, NULL, '', '0000-00-00 00:00:00', '0000-00-00 00:00:00'),
(618, NULL, 1, 'کیوان', 'جبارزاده', '5578148855', 'جبار', 0, 0, '1394/05/22', '09375456416', '', '', 0, '', 1, 1, 4, 6, 4, NULL, '', '0000-00-00 00:00:00', '0000-00-00 00:00:00'),
(619, NULL, 1, 'ایمان', 'ورزدار', '0080150721', 'علی محمد', 0, 0, '1394/05/22', '', '', '', 0, '', 1, 1, 4, 6, 4, NULL, '', '0000-00-00 00:00:00', '0000-00-00 00:00:00'),
(620, NULL, 1, 'بهرام', 'احمدی', '0630065111', 'محمد کریم', 0, 0, '1394/05/22', '', '', '', 0, '', 1, 1, 4, 6, 4, NULL, '', '0000-00-00 00:00:00', '0000-00-00 00:00:00'),
(621, NULL, 1, 'سید امیرحسین', 'عراقچی', '0440168376', 'سید احمد حسین', 0, 0, '1394/05/22', '09122453321', '', '', 0, '', 1, 1, 4, 6, 4, NULL, '', '0000-00-00 00:00:00', '0000-00-00 00:00:00'),
(622, NULL, 1, 'سید محسن', 'میر ابوالحسنی', '0078227674', 'سید یعقوب', 0, 0, '1394/05/25', '09123113145', '', '', 0, '', 1, 1, 4, 6, 4, NULL, '', '0000-00-00 00:00:00', '0000-00-00 00:00:00'),
(623, NULL, 1, 'علی', 'ملک زاده', '0493308970', 'داود', 0, 0, '1394/05/27', '09337091580', '', '', 0, '', 1, 1, 4, 6, 4, NULL, '', '0000-00-00 00:00:00', '0000-00-00 00:00:00'),
(624, NULL, 1, 'مسعود', 'میرابوالحسنی', '-', '-', 0, 0, '1394/05/27', '09353661204', '', '', 0, '', 1, 1, 4, 6, 4, NULL, '', '0000-00-00 00:00:00', '0000-00-00 00:00:00'),
(625, NULL, 1, 'سید احمد', 'پسران سید بنکدار', '1292077141', 'غلامرضا', 0, 0, '1394/05/29', '09131172065', '', '', 0, '', 1, 1, 4, 6, 4, NULL, '', '0000-00-00 00:00:00', '0000-00-00 00:00:00'),
(626, NULL, 1, 'امید', 'رحمانی', '1630103462', 'مهراب', 0, 0, '1394/05/29', '09194952957', '', '', 0, '', 1, 1, 4, 6, 4, NULL, '', '0000-00-00 00:00:00', '0000-00-00 00:00:00'),
(627, NULL, 1, 'سمیر', 'گرزالدین', '4710063362', 'باقر', 0, 0, '1394/05/29', '09124971073', '', '', 0, '', 1, 1, 4, 6, 4, NULL, '', '0000-00-00 00:00:00', '0000-00-00 00:00:00'),
(628, NULL, 1, 'میثم', 'زارع زاده', '0014509288', 'حسن', 0, 0, '1394/05/29', '09191991479', '', '', 0, '', 1, 1, 4, 6, 4, NULL, '', '0000-00-00 00:00:00', '0000-00-00 00:00:00'),
(629, NULL, 1, 'سید محمدرضا', 'مدنی', '0013095609', 'سید محمد حسن', 0, 0, '1394/05/29', '09124078110', '', '', 0, '', 1, 1, 4, 6, 4, NULL, '', '0000-00-00 00:00:00', '0000-00-00 00:00:00'),
(630, NULL, 1, 'میعاد', 'مس کار', '2080058347', 'حسین', 0, 0, '1394/05/29', '09111589844', '', '', 0, '', 1, 1, 4, 6, 4, NULL, '', '0000-00-00 00:00:00', '0000-00-00 00:00:00'),
(631, NULL, 1, 'مازیار', 'مشجری', '0079948316', 'محمود', 0, 0, '1394/05/29', '09355070209', '', '', 0, '', 1, 1, 4, 6, 4, NULL, '', '0000-00-00 00:00:00', '0000-00-00 00:00:00'),
(632, NULL, 1, 'بهزاد', 'جانی زاده', '2050131364', 'کاظم', 0, 0, '1394/05/29', '09124175003', '', '', 0, '', 1, 1, 4, 6, 4, NULL, '', '0000-00-00 00:00:00', '0000-00-00 00:00:00'),
(633, NULL, 1, 'محمدرضا', 'کریمی', '1150037393', 'مسعود', 0, 0, '1394/05/29', '09357918969', '', '', 0, '', 1, 1, 4, 6, 4, NULL, '', '0000-00-00 00:00:00', '0000-00-00 00:00:00'),
(634, NULL, 1, 'آرش', 'ربیعی', '0453526276', 'حسین', 0, 0, '1394/06/02', '09371267997', '', '', 0, '', 1, 1, 4, 6, 4, NULL, '', '0000-00-00 00:00:00', '0000-00-00 00:00:00'),
(635, NULL, 1, 'جلیل', 'دردکشان', '1271043785', 'رسول', 0, 0, '1394/06/02', '09138006911', '', '', 0, '', 1, 1, 4, 6, 4, NULL, '', '0000-00-00 00:00:00', '0000-00-00 00:00:00'),
(636, NULL, 1, 'حسین', 'ربیعی', '1292193662', 'علی', 0, 0, '1394/06/02', '09132881250', '', '', 0, '', 1, 1, 4, 6, 4, NULL, '', '0000-00-00 00:00:00', '0000-00-00 00:00:00'),
(637, NULL, 1, 'هادی', 'کریمی', '1292779365', 'خلیل', 0, 0, '1394/06/02', '09370139007', '', '', 0, '', 1, 1, 4, 6, 4, NULL, '', '0000-00-00 00:00:00', '0000-00-00 00:00:00'),
(638, NULL, 1, 'فرهاد', 'همت یار', '0010586881', 'ابراهیم', 0, 0, '1394/06/02', '09353880344', '', '', 0, '', 1, 1, 4, 6, 4, NULL, '', '0000-00-00 00:00:00', '0000-00-00 00:00:00'),
(639, NULL, 1, 'امیرحسین', 'دانشفرد', '0011424818', 'غلامرضا', 0, 0, '1394/06/02', '09127254926', '', '', 0, '', 1, 1, 4, 6, 4, NULL, '', '0000-00-00 00:00:00', '0000-00-00 00:00:00'),
(640, NULL, 1, 'پدرام', 'پرتو', '0012669342', 'مجید', 0, 0, '1394/06/02', '09125578368', '', '', 0, '', 1, 1, 4, 6, 4, NULL, '', '0000-00-00 00:00:00', '0000-00-00 00:00:00'),
(641, NULL, 1, 'میثم', 'مولائی', '1159909601', 'احمد', 0, 0, '1394/06/09', '09136033256', '', '', 0, '', 1, 1, 4, 6, 4, NULL, '', '0000-00-00 00:00:00', '0000-00-00 00:00:00'),
(642, NULL, 1, 'احسان', 'جعفری هفشجانی', '4610253399', 'تیمور', 0, 0, '1394/06/09', '09339749837', '', '', 0, '', 1, 1, 4, 6, 4, NULL, '', '0000-00-00 00:00:00', '0000-00-00 00:00:00'),
(643, NULL, 1, 'میلاد', 'شفیعی', '0012711853', 'عباس', 0, 0, '1394/06/09', '09127212294', '', '', 0, '', 1, 1, 4, 6, 4, NULL, '', '0000-00-00 00:00:00', '0000-00-00 00:00:00'),
(644, NULL, 1, 'مهدی', 'زارع زاده مهریزی', '4433435260', 'محمد', 0, 0, '1394/06/09', '09133506525', '', '', 0, '', 1, 1, 4, 6, 4, NULL, '', '0000-00-00 00:00:00', '0000-00-00 00:00:00'),
(645, NULL, 1, 'سینا', 'سلمانی پور', '1741177502', 'شهریار', 0, 0, '1394/06/16', '09139498949', '', '', 0, '', 1, 1, 4, 6, 4, NULL, '', '0000-00-00 00:00:00', '0000-00-00 00:00:00'),
(646, NULL, 1, 'مهداد', 'چاووشی', '4723811011', 'مهدی', 0, 0, '1394/06/16', '09013296436', '', '', 0, '', 1, 1, 4, 6, 4, NULL, '', '0000-00-00 00:00:00', '0000-00-00 00:00:00'),
(647, NULL, 1, 'سید سجاد', 'سید صالحی', '4240159581', 'سید سالم', 0, 0, '1394/06/16', '09333718357', '', '', 0, '', 1, 1, 4, 6, 4, NULL, '', '0000-00-00 00:00:00', '0000-00-00 00:00:00'),
(648, NULL, 1, 'محسن', 'ترابی صامنی', '3934844901', 'علی حسین', 0, 0, '1394/06/16', '09189518269', '', '', 0, '', 1, 1, 4, 6, 4, NULL, '', '0000-00-00 00:00:00', '0000-00-00 00:00:00'),
(649, NULL, 1, 'سعید', 'مسلمی', '-', '-', 0, 0, '1394/06/20', '', '', '', 0, '', 1, 1, 4, 6, 4, NULL, '', '0000-00-00 00:00:00', '0000-00-00 00:00:00'),
(650, NULL, 1, 'مصطفی', 'کریمی', '4324363730', 'محمد اسمعیل', 0, 0, '1394/06/30', '09127858520', '', '', 0, '', 1, 1, 4, 6, 4, NULL, '', '0000-00-00 00:00:00', '0000-00-00 00:00:00'),
(651, NULL, 1, 'سید مازیار', 'ولی', '3790034347', 'سید حسام الدین', 0, 0, '1394/06/31', '', '', '', 0, '', 1, 1, 4, 6, 4, NULL, '', '0000-00-00 00:00:00', '0000-00-00 00:00:00'),
(652, NULL, 1, 'مسعود', 'قدسی', '5089927545', 'محمد', 0, 0, '1394/06//31', '', '', '', 0, '', 1, 1, 4, 6, 4, NULL, '', '0000-00-00 00:00:00', '0000-00-00 00:00:00'),
(653, NULL, 1, 'سروش', 'رستم قادری', '2162659484', 'محمد', 0, 0, '1394/06/31', '09112230761', '', '', 0, '', 1, 1, 4, 6, 4, NULL, '', '0000-00-00 00:00:00', '0000-00-00 00:00:00'),
(654, NULL, 1, 'دادمهر', 'نیکخو', '4989745221', 'خسرو', 0, 0, '1394/7/12', '09371399250', '', '', 0, '', 1, 1, 4, 6, 4, NULL, '', '0000-00-00 00:00:00', '0000-00-00 00:00:00'),
(655, NULL, 1, 'حسین', 'افشاری', '3979914119', 'هوشنگ', 0, 0, '1394/07/01', '', '', '', 0, '', 1, 1, 4, 6, 4, NULL, '', '0000-00-00 00:00:00', '0000-00-00 00:00:00'),
(656, NULL, 1, 'سید لقمان', 'حیدری', '3750132658', 'سید عمر', 0, 0, '1394/07/01', '09355767721', '', '', 0, '', 1, 1, 4, 6, 4, NULL, '', '0000-00-00 00:00:00', '0000-00-00 00:00:00'),
(657, NULL, 1, 'سجاد', 'شیخان', '0520385373', 'محمدرضا', 0, 0, '1394/07/01', '09365903042', '', '', 0, '', 1, 1, 4, 6, 4, NULL, '', '0000-00-00 00:00:00', '0000-00-00 00:00:00'),
(658, NULL, 1, 'سبحان', 'موسوی', '1850010935', 'خدامراد', 0, 0, '1394/07/01', '09359125698', '', '', 0, '', 1, 1, 4, 6, 4, NULL, '', '0000-00-00 00:00:00', '0000-00-00 00:00:00'),
(659, NULL, 1, 'بنیامین', 'فرهادی', '1270128744', 'احمد', 0, 0, '1392/04/27', '09301599478', '', '', 0, '', 1, 1, 4, 6, 4, NULL, '', '0000-00-00 00:00:00', '0000-00-00 00:00:00'),
(660, NULL, 1, 'سعید', 'خاتمی', '2219955699', 'اژدر', 0, 0, '1394/12/16', '09115960059', '', '', 0, '', 1, 1, 4, 6, 4, NULL, '', '0000-00-00 00:00:00', '0000-00-00 00:00:00'),
(661, NULL, 1, 'جاوید', 'عبادتی شهرستانی', '2219954544', 'حسن', 0, 0, '1394/12/16', '09359511572', '', '', 0, '', 1, 1, 4, 6, 4, NULL, '', '0000-00-00 00:00:00', '0000-00-00 00:00:00'),
(662, NULL, 1, 'حامد', 'چاهه', '0780248562', 'محمد', 0, 0, '1394/12/16', '09374628920', '', '', 0, '', 1, 1, 4, 6, 4, NULL, '', '0000-00-00 00:00:00', '0000-00-00 00:00:00'),
(663, NULL, 1, 'سعید', 'گودرزی طائمه', '0450421676', 'احمد', 0, 0, '1394/12/16', '09122190763', '', '', 0, '', 1, 1, 4, 6, 4, NULL, '', '0000-00-00 00:00:00', '0000-00-00 00:00:00'),
(664, NULL, 1, 'بهنام', 'قمی', '0011417161', 'اصغر', 0, 0, '1395/01/16', '', '', '', 0, '', 1, 1, 4, 6, 4, NULL, '', '0000-00-00 00:00:00', '0000-00-00 00:00:00'),
(665, NULL, 1, 'پوریا', 'جهانشاد', '0440252301', 'فریدون', 0, 0, '1395/01/16', '09128142607', '', '', 0, '', 1, 1, 4, 6, 4, NULL, '', '0000-00-00 00:00:00', '0000-00-00 00:00:00'),
(666, NULL, 1, 'احسان', 'خداداددیان', '4120248526', 'عبدالعزیز', 0, 0, '1395/01/16', '09120399217', '', '', 0, '', 1, 1, 4, 6, 4, NULL, '', '0000-00-00 00:00:00', '0000-00-00 00:00:00'),
(667, NULL, 1, 'علی', 'کلانتری', '2122635940', 'وحید', 0, 0, '1395/01/19', '09366635549', '', '', 0, '', 1, 1, 4, 6, 4, NULL, '', '0000-00-00 00:00:00', '0000-00-00 00:00:00'),
(668, NULL, 1, 'وحید', 'داودی', '4400012174', 'علی', 0, 0, '1395/01/19', '09365468316', '', '', 0, '', 1, 1, 4, 6, 4, NULL, '', '0000-00-00 00:00:00', '0000-00-00 00:00:00'),
(669, NULL, 1, 'آرمان', 'رستمی', '3240410214', 'خلیل', 0, 0, '1395/03/31', '09186112807', '', '', 0, '', 1, 1, 4, 6, 4, NULL, '', '0000-00-00 00:00:00', '0000-00-00 00:00:00'),
(670, NULL, 1, 'علی', 'طریقی', '0084139838', 'راهب', 0, 0, '1395/05/27', '09128984270', '', '', 0, '', 1, 1, 4, 6, 4, NULL, '', '0000-00-00 00:00:00', '0000-00-00 00:00:00'),
(671, NULL, 1, 'محسن', 'منصوری', '0453282407', 'اسفندیار', 0, 0, '1395/06/09', '09352401124', '', '', 0, '', 1, 1, 4, 6, 4, NULL, '', '0000-00-00 00:00:00', '0000-00-00 00:00:00'),
(672, NULL, 1, 'حسن', 'محمد زاده', '0084655811', 'طیب اله', 0, 0, '1395/06/09', '09123499470', '', '', 0, '', 1, 1, 4, 6, 4, NULL, '', '0000-00-00 00:00:00', '0000-00-00 00:00:00'),
(673, NULL, 1, 'اصغر', 'مختاری', '1583246177', 'قاسم', 0, 0, '1395/06/09', '', '', '', 0, '', 1, 1, 4, 6, 4, NULL, '', '0000-00-00 00:00:00', '0000-00-00 00:00:00'),
(674, NULL, 1, 'محمدرضا', 'میقانی', '0013753339', 'حسین', 0, 0, '1395/06/24', '', '', '', 0, '', 1, 1, 4, 6, 4, NULL, '', '0000-00-00 00:00:00', '0000-00-00 00:00:00'),
(675, NULL, 1, 'علی', 'زبرجدی کوزه کنان', '-', '-', 0, 0, '1395/07/05', '', '', '', 0, '', 1, 1, 4, 6, 4, NULL, '', '0000-00-00 00:00:00', '0000-00-00 00:00:00'),
(676, NULL, 1, 'سجاد', 'راستگو', '2500053768', 'علی حسین', 0, 0, '1395/07/05', '', '', '', 0, '', 1, 1, 4, 6, 4, NULL, '', '0000-00-00 00:00:00', '0000-00-00 00:00:00'),
(677, NULL, 1, 'جعفر', 'محمدی', '0690116252', 'محمد رضا', 0, 0, '1395/07/06', '09398395338', '', '', 0, '', 1, 1, 4, 6, 4, NULL, '', '0000-00-00 00:00:00', '0000-00-00 00:00:00'),
(678, NULL, 1, 'وحید', 'محمدی سرخ بوزی', '0920422462', 'نعمت الله', 0, 0, '1395/07/07', '09151573472', '', '', 0, '', 1, 1, 4, 6, 4, NULL, '', '0000-00-00 00:00:00', '0000-00-00 00:00:00'),
(679, NULL, 1, 'محمد', 'نعیمی', '4420103213', 'علی رضا', 0, 0, '1395/07/13', '09100611298', '', '', 0, '', 1, 1, 4, 6, 4, NULL, '', '0000-00-00 00:00:00', '0000-00-00 00:00:00'),
(680, NULL, 1, 'امیرحسین', 'مازندرانیان', '1263444687', 'محمود', 0, 0, '1395/07/15', '', '', '', 0, '', 1, 1, 4, 6, 4, NULL, '', '0000-00-00 00:00:00', '0000-00-00 00:00:00'),
(681, NULL, 1, 'محمد', 'صالح اولیا', '4420233966', 'علی اکبر', 0, 0, '1395/07/25', '09132596752', '', '', 0, '', 1, 1, 4, 6, 4, NULL, '', '0000-00-00 00:00:00', '0000-00-00 00:00:00'),
(682, NULL, 1, 'سعید', 'امیر زاده', '0076505634', 'نجف', 0, 0, '1395/07/25', '09125541743', '', '', 0, '', 1, 1, 4, 6, 4, NULL, '', '0000-00-00 00:00:00', '0000-00-00 00:00:00'),
(683, NULL, 1, 'احمد', 'ابراهیمی', '4580042506', 'محمد اسماعیل', 0, 0, '1395/07/26', '09127739001', '', '', 0, '', 1, 1, 4, 6, 4, NULL, '', '0000-00-00 00:00:00', '0000-00-00 00:00:00'),
(684, NULL, 1, 'میعاد', 'بادپا', '2130200291', 'غلام رضا', 0, 0, '1395/07/26', '09119151135', '', '', 0, '', 1, 1, 4, 6, 4, NULL, '', '0000-00-00 00:00:00', '0000-00-00 00:00:00'),
(685, NULL, 1, 'سید رضا', 'هاشمی', '0011288159', 'محمد', 0, 0, '1395/07/26', '09128236689', '', '', 0, '', 1, 1, 4, 6, 4, NULL, '', '0000-00-00 00:00:00', '0000-00-00 00:00:00'),
(686, NULL, 1, 'سید سروش', 'حسینی', '-', '-', 0, 0, '1395/07/26', '', '', '', 0, '', 1, 1, 4, 6, 4, NULL, '', '0000-00-00 00:00:00', '0000-00-00 00:00:00'),
(687, NULL, 1, 'سید شهاب', 'سید علیخانی', '0014084201', 'سیدحسین', 0, 0, '1395/07/27', '09196182216', '', '', 0, '', 1, 1, 4, 6, 4, NULL, '', '0000-00-00 00:00:00', '0000-00-00 00:00:00'),
(688, NULL, 1, 'محسن', 'ناظمی', '-', '-', 0, 0, '1395/07/28', '', '', '', 0, '', 1, 1, 4, 6, 4, NULL, '', '0000-00-00 00:00:00', '0000-00-00 00:00:00'),
(689, NULL, 1, 'حامد', 'رسول آبادی', '4870077116', 'محمدعلی', 0, 0, '1395/07/28', '', '', '', 0, '', 1, 1, 4, 6, 4, NULL, '', '0000-00-00 00:00:00', '0000-00-00 00:00:00'),
(690, NULL, 1, 'جواد', 'سمیعی', '2020060299', 'بیت اله', 0, 0, '1395/07/28', '09119789045', '', '', 0, '', 1, 1, 4, 6, 4, NULL, '', '0000-00-00 00:00:00', '0000-00-00 00:00:00'),
(691, NULL, 1, 'محمدرضا', 'مشایخی', '0012866784', 'فریدالدین', 0, 0, '1395/07/28', '09125882993', '', '', 0, '', 1, 1, 4, 6, 4, NULL, '', '0000-00-00 00:00:00', '0000-00-00 00:00:00'),
(692, NULL, 1, 'بهمن', 'تقی زاده', '0011682620', 'سلمان', 0, 0, '1395/08/01', '09193963462', '', '', 0, '', 1, 1, 4, 6, 4, NULL, '', '0000-00-00 00:00:00', '0000-00-00 00:00:00'),
(693, NULL, 1, 'فخرالدین', 'ایزدی طلب', '0386463743', 'عباس', 0, 0, '1395/08/05', '09151832191', '', '', 0, '', 1, 1, 4, 6, 4, NULL, '', '0000-00-00 00:00:00', '0000-00-00 00:00:00'),
(694, NULL, 1, 'میر طاها', 'هاشمی', '0010024395', 'میر حیدر', 0, 0, '1395/08/05', '09126591966', '', '', 0, '', 1, 1, 4, 6, 4, NULL, '', '0000-00-00 00:00:00', '0000-00-00 00:00:00'),
(695, NULL, 1, 'رامین', 'یزدی زاده', '0014016672', 'هادی', 0, 0, '1395/08/05', '09373957585', '', '', 0, '', 1, 1, 4, 6, 4, NULL, '', '0000-00-00 00:00:00', '0000-00-00 00:00:00'),
(696, NULL, 1, 'علی', 'زمندی', '0780999419', 'محمد رضا', 0, 0, '1395/08/05', '09158628864', '', '', 0, '', 1, 1, 4, 6, 4, NULL, '', '0000-00-00 00:00:00', '0000-00-00 00:00:00'),
(697, NULL, 1, 'کاوه', 'رعدی', '3732925021', 'پرویز', 0, 0, '1394/08/27', '09122881099', '', '', 0, '', 1, 1, 4, 6, 4, NULL, '', '0000-00-00 00:00:00', '0000-00-00 00:00:00'),
(698, NULL, 1, 'مهدی', 'دریایی', '0087956123', 'بهرام', 0, 0, '1394/08/27', '09356185341', '', '', 0, '', 1, 1, 4, 6, 4, NULL, '', '0000-00-00 00:00:00', '0000-00-00 00:00:00'),
(699, NULL, 1, 'حامد', 'مهدی پور برسمنانی', '2050105185', 'حسن', 0, 0, '1394/08/27', '09356357364', '', '', 0, '', 1, 1, 4, 6, 4, NULL, '', '0000-00-00 00:00:00', '0000-00-00 00:00:00'),
(700, NULL, 1, 'حسن', 'کشی زاده', '0079245765', 'علی اصغر', 0, 0, '1394/09/02', '09019042564', '', '', 0, '', 1, 1, 4, 6, 4, NULL, '', '0000-00-00 00:00:00', '0000-00-00 00:00:00'),
(701, NULL, 1, 'سید محمدعلی', 'کرمانی', '0081541279', 'سید فرشاد', 0, 0, '1394/09/02', '09126154332', '', '', 0, '', 1, 1, 4, 6, 4, NULL, '', '0000-00-00 00:00:00', '0000-00-00 00:00:00'),
(702, NULL, 1, 'مجید', 'حیدری', '3240110091', 'علی', 0, 0, '1394/09/03', '09363914531', '', '', 0, '', 1, 1, 4, 6, 4, NULL, '', '0000-00-00 00:00:00', '0000-00-00 00:00:00'),
(703, NULL, 1, 'حامد', 'ابراهیم زاده', '0078541281', 'هاشم', 0, 0, '1394/09/07', '09122980947', '', '', 0, '', 1, 1, 4, 6, 4, NULL, '', '0000-00-00 00:00:00', '0000-00-00 00:00:00'),
(704, NULL, 1, 'علیرضا', 'وکیلیان', '0370771826', 'محمدمهدی', 0, 0, '1394/09/10', '09128336221', '', '', 0, '', 1, 1, 4, 6, 4, NULL, '', '0000-00-00 00:00:00', '0000-00-00 00:00:00'),
(705, NULL, 1, 'سعید', 'نیری', '-', '-', 0, 0, '1394/09/10', '09124342152', '', '', 0, '', 1, 1, 4, 6, 4, NULL, '', '0000-00-00 00:00:00', '0000-00-00 00:00:00'),
(706, NULL, 1, 'سید مهرداد', 'موسوی زاهد', '1270386784', 'سید حسن', 0, 0, '1394/09/14', '09132016545', '', '', 0, '', 1, 1, 4, 6, 4, NULL, '', '0000-00-00 00:00:00', '0000-00-00 00:00:00'),
(707, NULL, 1, 'میلاد', 'بهرامی', '0310533864', 'هوشنگ', 0, 0, '1394/09/14', '09126087464', '', '', 0, '', 1, 1, 4, 6, 4, NULL, '', '0000-00-00 00:00:00', '0000-00-00 00:00:00'),
(708, NULL, 1, 'حسین', 'سلطانی', '0921399375', 'محمدعلی', 0, 0, '1394/09/15', '09155240314', '', '', 0, '', 1, 1, 4, 6, 4, NULL, '', '0000-00-00 00:00:00', '0000-00-00 00:00:00'),
(709, NULL, 1, 'فرهاد', 'نظری لفمجانی', '2710096978', 'فرامرز', 0, 0, '1394/09/17', '09358972729', '', '', 0, '', 1, 1, 4, 6, 4, NULL, '', '0000-00-00 00:00:00', '0000-00-00 00:00:00'),
(710, NULL, 1, 'کامل', 'قادر نژاد', '2899900811', 'خالد', 0, 0, '1394/09/17', '09149424101', '', '', 0, '', 1, 1, 4, 6, 4, NULL, '', '0000-00-00 00:00:00', '0000-00-00 00:00:00'),
(711, NULL, 1, 'کامبیز', 'رضایی', '2440087033', 'سبزعلی', 0, 0, '1394/09/18', '09178990425', '', '', 0, '', 1, 1, 4, 6, 4, NULL, '', '0000-00-00 00:00:00', '0000-00-00 00:00:00'),
(712, NULL, 1, 'محمد حسین', 'نقوی', '-', '-', 0, 0, '1394/09/18', '09195010955', '', '', 0, '', 1, 1, 4, 6, 4, NULL, '', '0000-00-00 00:00:00', '0000-00-00 00:00:00'),
(713, NULL, 1, 'حامد', 'کاظم الماسی', '0010568816', 'حمید', 0, 0, '1394/09/24', '09365992958', '', '', 0, '', 1, 1, 4, 6, 4, NULL, '', '0000-00-00 00:00:00', '0000-00-00 00:00:00'),
(714, NULL, 1, 'سید معین', 'میرعماد', '4570044018', 'یحیی', 0, 0, '1394/09/24', '09196677017', '', '', 0, '', 1, 1, 4, 6, 4, NULL, '', '0000-00-00 00:00:00', '0000-00-00 00:00:00'),
(715, NULL, 1, 'حمید', 'سلیمان زاده', '1570092400', 'قادر', 0, 0, 'ماقبل', '09141909146', '', '', 0, '', 1, 1, 4, 6, 4, NULL, '', '0000-00-00 00:00:00', '0000-00-00 00:00:00'),
(716, NULL, 1, 'وحید', 'شکوه صارمی', '0945439989', 'محمد', 0, 0, '1394/09/25', '09388561091', '', '', 0, '', 1, 1, 4, 6, 4, NULL, '', '0000-00-00 00:00:00', '0000-00-00 00:00:00'),
(717, NULL, 1, 'محسن', 'بایزیدی', '4590123621', 'حسین', 0, 0, '1394/09/25', '09364317068', '', '', 0, '', 1, 1, 4, 6, 4, NULL, '', '0000-00-00 00:00:00', '0000-00-00 00:00:00'),
(718, NULL, 1, 'امید', 'اردستانی', '0012742481', '-', 0, 0, '1394/10/01', '09195339285', '', '', 0, '', 1, 1, 4, 6, 4, NULL, '', '0000-00-00 00:00:00', '0000-00-00 00:00:00'),
(719, NULL, 1, 'سید امیر', 'اولیائیان', '0083918736', 'سیدعیسی', 0, 0, '1394/10/02', '09195186383', '', '', 0, '', 1, 1, 4, 6, 4, NULL, '', '0000-00-00 00:00:00', '0000-00-00 00:00:00'),
(720, NULL, 1, 'محمدعلی', 'افتخاری راد', '2279942518', 'احمد', 0, 0, '1394/10/12', '09359431387', '', '', 0, '', 1, 1, 4, 6, 4, NULL, '', '0000-00-00 00:00:00', '0000-00-00 00:00:00'),
(721, NULL, 1, 'رضا', 'اسدی', '0370344431', 'حسن', 0, 0, '1394/10/12', '09360647229', '', '', 0, '', 1, 1, 4, 6, 4, NULL, '', '0000-00-00 00:00:00', '0000-00-00 00:00:00'),
(722, NULL, 1, 'ابراهیم', 'نریمانی', '2572539926', 'محمدحسن', 0, 0, '1394/10/12', '09150603146', '', '', 0, '', 1, 1, 4, 6, 4, NULL, '', '0000-00-00 00:00:00', '0000-00-00 00:00:00'),
(723, NULL, 1, 'سیدعلیرضا', 'هاشمی', '2064707670', 'قدیر', 0, 0, '1394/10/12', '09112147322', '', '', 0, '', 1, 1, 4, 6, 4, NULL, '', '0000-00-00 00:00:00', '0000-00-00 00:00:00'),
(724, NULL, 1, 'سیدمرتضی', 'جوادی نظرآبادی', '4420003431', 'جواد', 0, 0, '1394/10/14', '09337998632', '', '', 0, '', 1, 1, 4, 6, 4, NULL, '', '0000-00-00 00:00:00', '0000-00-00 00:00:00'),
(725, NULL, 1, 'علیرضا', 'بهارلو', '0943118476', 'مهدی', 0, 0, '1394/10/14', '09155214553', '', '', 0, '', 1, 1, 4, 6, 4, NULL, '', '0000-00-00 00:00:00', '0000-00-00 00:00:00'),
(726, NULL, 1, 'آرمان', 'گرجیان', '0440049997', '-', 0, 0, '1394/10/22', '09370230767', '', '', 0, '', 1, 1, 4, 6, 4, NULL, '', '0000-00-00 00:00:00', '0000-00-00 00:00:00'),
(727, NULL, 1, 'سعید', 'شیریان', '3860356135', 'حسین', 0, 0, '1394/10/22', '09183185830', '', '', 0, '', 1, 1, 4, 6, 4, NULL, '', '0000-00-00 00:00:00', '0000-00-00 00:00:00'),
(728, NULL, 1, 'محمد', 'کرد', '4900053872', 'داوود', 0, 0, '1394/10/22', '09398738043', '', '', 0, '', 1, 1, 4, 6, 4, NULL, '', '0000-00-00 00:00:00', '0000-00-00 00:00:00'),
(729, NULL, 1, 'عماد', 'رضایی فر', '2595726129', 'حسین', 0, 0, '1394/10/22', '09362900646', '', '', 0, '', 1, 1, 4, 6, 4, NULL, '', '0000-00-00 00:00:00', '0000-00-00 00:00:00'),
(730, NULL, 1, 'احسان', 'سعیدی نژاد', '4180032661', 'غلام عباس', 0, 0, '1394/10/27', '09106809318', '', '', 0, '', 1, 1, 4, 6, 4, NULL, '', '0000-00-00 00:00:00', '0000-00-00 00:00:00'),
(731, NULL, 1, 'فرشید', 'نجاتی مازگر', '1382546157', 'عباس', 0, 0, '1394/11/05', '09144089128', '', '', 0, '', 1, 1, 4, 6, 4, NULL, '', '0000-00-00 00:00:00', '0000-00-00 00:00:00'),
(732, NULL, 1, 'شهاب', 'احمدی', '0011484799', 'داوود', 0, 0, '1394/11/05', '09128356808', '', '', 0, '', 1, 1, 4, 6, 4, NULL, '', '0000-00-00 00:00:00', '0000-00-00 00:00:00'),
(733, NULL, 1, 'محمد', 'پورموذن', '1850173079', 'عبدالنبی', 0, 0, '1394/11/15', '09361825571', '', '', 0, '', 1, 1, 4, 6, 4, NULL, '', '0000-00-00 00:00:00', '0000-00-00 00:00:00'),
(734, NULL, 1, 'مجتبی', 'خدابخش', '1360290370', 'حسن', 0, 0, '1394/11/15', '09149132213', '', '', 0, '', 1, 1, 4, 6, 4, NULL, '', '0000-00-00 00:00:00', '0000-00-00 00:00:00'),
(735, NULL, 1, 'معین', 'عرب', '2080056468', 'سلمان', 0, 0, '1394/11/20', '09126171600', '', '', 0, '', 1, 1, 4, 6, 4, NULL, '', '0000-00-00 00:00:00', '0000-00-00 00:00:00'),
(736, NULL, 1, 'مهیار', 'عظیمی', '2150022338', 'حسین', 0, 0, '1394/11/20', '09112286639', '', '', 0, '', 1, 1, 4, 6, 4, NULL, '', '0000-00-00 00:00:00', '0000-00-00 00:00:00'),
(737, NULL, 1, 'حسن', 'اصغرزاده', '2110064889', 'محمد علی', 0, 0, '1394/11/20', '09127316270', '', '', 0, '', 1, 1, 4, 6, 4, NULL, '', '0000-00-00 00:00:00', '0000-00-00 00:00:00'),
(738, NULL, 1, 'ابوالفضل', 'احمدی', '0520347110', 'محمدرضا', 0, 0, '1394/11/20', '09189604862', '', '', 0, '', 1, 1, 4, 6, 4, NULL, '', '0000-00-00 00:00:00', '0000-00-00 00:00:00'),
(739, NULL, 1, 'سالار', 'نوجوان', '2740523866', 'محمود', 0, 0, '1394/11/20', '09149381846', '', '', 0, '', 1, 1, 4, 6, 4, NULL, '', '0000-00-00 00:00:00', '0000-00-00 00:00:00'),
(740, NULL, 1, 'فرشاد', 'شعبانلویی', '2840200864', 'حسین', 0, 0, '1394/11/20', '09106709849', '', '', 0, '', 1, 1, 4, 6, 4, NULL, '', '0000-00-00 00:00:00', '0000-00-00 00:00:00'),
(741, NULL, 1, 'حامد', 'مرادی', '4360279868', 'سبقت الله', 0, 0, '1394/11/20', '09356077930', '', '', 0, '', 1, 1, 4, 6, 4, NULL, '', '0000-00-00 00:00:00', '0000-00-00 00:00:00'),
(742, NULL, 1, 'امیرحسین', 'شهبازی', '4270734175', 'حیدرعلی', 0, 0, '1394/11/20', '09194662755', '', '', 0, '', 1, 1, 4, 6, 4, NULL, '', '0000-00-00 00:00:00', '0000-00-00 00:00:00'),
(743, NULL, 1, 'وحید', 'فرزانه', '2130122965', 'مقصود', 0, 0, '1394/11/21', '09117363173', '', '', 0, '', 1, 1, 4, 6, 4, NULL, '', '0000-00-00 00:00:00', '0000-00-00 00:00:00'),
(744, NULL, 1, 'مهدی', 'عابدی نژاد', '3920141172', 'بهرام', 0, 0, '1392/04/27', '09356764819', '', '', 0, '', 1, 1, 4, 6, 4, NULL, '', '0000-00-00 00:00:00', '0000-00-00 00:00:00'),
(745, NULL, 1, 'محمد مهدی', 'سیدی نسب', '0945606834', 'محمود', 0, 0, '1394/12/16', '09156210025', '', '', 0, '', 1, 1, 4, 6, 4, NULL, '', '0000-00-00 00:00:00', '0000-00-00 00:00:00'),
(746, NULL, 1, 'جلال', 'علیزاده', '0011679158', 'هوشنگ', 0, 0, '1394/12/16', '09125570686', '', '', 0, '', 1, 1, 4, 6, 4, NULL, '', '0000-00-00 00:00:00', '0000-00-00 00:00:00'),
(747, NULL, 1, 'میثم', 'رفیعیان', '4560052808', 'حسین', 0, 0, '1394/12/16', '09196682448', '', '', 0, '', 1, 1, 4, 6, 4, NULL, '', '0000-00-00 00:00:00', '0000-00-00 00:00:00'),
(748, NULL, 1, 'میلاد', 'بهادری', '2740543409', 'جوانشیر', 0, 0, '1394/12/16', '09141888611', '', '', 0, '', 1, 1, 4, 6, 4, NULL, '', '0000-00-00 00:00:00', '0000-00-00 00:00:00'),
(749, NULL, 1, 'رامین', 'فخیمی محبوب', '1570210691', 'جعفر', 0, 0, '1395/01/16', '09141939304', '', '', 0, '', 1, 1, 4, 6, 4, NULL, '', '0000-00-00 00:00:00', '0000-00-00 00:00:00'),
(750, NULL, 1, 'مصطفی', 'پرنده', '1130022927', 'اکبر', 0, 0, '1395/01/16', '09132279887', '', '', 0, '', 1, 1, 4, 6, 4, NULL, '', '0000-00-00 00:00:00', '0000-00-00 00:00:00'),
(751, NULL, 1, 'محمدرضا', 'روح الهی', '1130115607', 'رحیم', 0, 0, '1395/01/16', '09103000857', '', '', 0, '', 1, 1, 4, 6, 4, NULL, '', '0000-00-00 00:00:00', '0000-00-00 00:00:00'),
(752, NULL, 1, 'علی', 'ابوترابی', '1142379957', 'محمد', 0, 0, '1395/01/19', '09133652840', '', '', 0, '', 1, 1, 4, 6, 4, NULL, '', '0000-00-00 00:00:00', '0000-00-00 00:00:00'),
(753, NULL, 1, 'حسام الدین', 'دانشورکار', '0011516951', 'اصغر', 0, 0, '1395/01/19', '09199079113', '', '', 0, '', 1, 1, 4, 6, 4, NULL, '', '0000-00-00 00:00:00', '0000-00-00 00:00:00'),
(754, NULL, 1, 'حامد', 'تهامی', '2064821181', 'محمود', 0, 0, '1395/01/23', '09111159231', '', '', 0, '', 1, 1, 4, 6, 4, NULL, '', '0000-00-00 00:00:00', '0000-00-00 00:00:00'),
(755, NULL, 1, 'بهزاد', 'عظیمی', '4285549468', 'التفاتعلی', 0, 0, '1395/01/23', '09122421653', '', '', 0, '', 1, 1, 4, 6, 4, NULL, '', '0000-00-00 00:00:00', '0000-00-00 00:00:00'),
(756, NULL, 1, 'محمد صادق', 'خلقی', '0795037627', 'حمید رضا', 0, 0, '1395/01/23', '09356000227', '', '', 0, '', 1, 1, 4, 6, 4, NULL, '', '0000-00-00 00:00:00', '0000-00-00 00:00:00'),
(757, NULL, 1, 'حسین', 'اورجلو', '5719911537', 'ابوالقاسم', 0, 0, '1395/01/24', '09370764255', '', '', 0, '', 1, 1, 4, 6, 4, NULL, '', '0000-00-00 00:00:00', '0000-00-00 00:00:00'),
(758, NULL, 1, 'مجید', 'جلالی منفرد', '0082558371', 'علی محمد', 0, 0, '1395/01/24', '09126896338', '', '', 0, '', 1, 1, 4, 6, 4, NULL, '', '0000-00-00 00:00:00', '0000-00-00 00:00:00'),
(759, NULL, 1, 'حمید رضا', 'نوری', '0010927115', 'بهروز', 0, 0, '1395/01/24', '09359182742', '', '', 0, '', 1, 1, 4, 6, 4, NULL, '', '0000-00-00 00:00:00', '0000-00-00 00:00:00'),
(760, NULL, 1, 'سید میلاد', 'حسینی', '1270597078', 'سید مرتضی', 0, 0, '1395/01/28', '09132086735', '', '', 0, '', 1, 1, 4, 6, 4, NULL, '', '0000-00-00 00:00:00', '0000-00-00 00:00:00'),
(761, NULL, 1, 'امیر', 'علیزاده تبریزی', '0079307582', 'شاپور', 0, 0, '1395/01/28', '09123091869', '', '', 0, '', 1, 1, 4, 6, 4, NULL, '', '0000-00-00 00:00:00', '0000-00-00 00:00:00'),
(762, NULL, 1, 'علیرضا', 'درفش', '2280821974', 'قاسم', 0, 0, '1395/01/28', '09173372336', '', '', 0, '', 1, 1, 4, 6, 4, NULL, '', '0000-00-00 00:00:00', '0000-00-00 00:00:00'),
(763, NULL, 1, 'مهیار', 'میرزاآقازاده', '2130192408', 'علی', 0, 0, '1395/01/30', '09118556193', '', '', 0, '', 1, 1, 4, 6, 4, NULL, '', '0000-00-00 00:00:00', '0000-00-00 00:00:00'),
(764, NULL, 1, 'احمد', 'بابایی میاردان', '1361019891', 'مهرعلی', 0, 0, '1395/01/30', '09376505758', '', '', 0, '', 1, 1, 4, 6, 4, NULL, '', '0000-00-00 00:00:00', '0000-00-00 00:00:00'),
(765, NULL, 1, 'محمد', 'جرایدی', '2110216964', 'محمدابراهیم', 0, 0, '1395/01/30', '09113802137', '', '', 0, '', 1, 1, 4, 6, 4, NULL, '', '0000-00-00 00:00:00', '0000-00-00 00:00:00'),
(766, NULL, 1, 'امیرحسن', 'تقوی', '0010211918', 'یوسف', 0, 0, '1395/01/30', '09124971450', '', '', 0, '', 1, 1, 4, 6, 4, NULL, '', '0000-00-00 00:00:00', '0000-00-00 00:00:00'),
(767, NULL, 1, 'امیر', 'افخمی اردکان', '0081727631', 'علی', 0, 0, '1395/01/30', '09125496309', '', '', 0, '', 1, 1, 4, 6, 4, NULL, '', '0000-00-00 00:00:00', '0000-00-00 00:00:00'),
(768, NULL, 1, 'امیر', 'اسلامی', '0550118896', 'عباسعلی', 0, 0, '1395/01/30', '09359409692', '', '', 0, '', 1, 1, 4, 6, 4, NULL, '', '0000-00-00 00:00:00', '0000-00-00 00:00:00'),
(769, NULL, 1, 'محمد', 'فرهمند دهقانپور', '1160214808', 'احمدرضا', 0, 0, '1395/02/07', '01160214808', '', '', 0, '', 1, 1, 4, 6, 4, NULL, '', '0000-00-00 00:00:00', '0000-00-00 00:00:00'),
(770, NULL, 1, 'سیدمحمدرضا', 'باقرزاده حسینی', '4310564488', 'سید فتح الله', 0, 0, '1395/02/07', '09375421811', '', '', 0, '', 1, 1, 4, 6, 4, NULL, '', '0000-00-00 00:00:00', '0000-00-00 00:00:00'),
(771, NULL, 1, 'مجتبی', 'قبادی قادیکلایی', '2150211874', 'داریوش', 0, 0, '1395/02/09', '09364625432', '', '', 0, '', 1, 1, 4, 6, 4, NULL, '', '0000-00-00 00:00:00', '0000-00-00 00:00:00'),
(772, NULL, 1, 'مسعود', 'تیموری', '0760011303', 'سیدمحمود', 0, 0, '1395/02/09', '09339891091', '', '', 0, '', 1, 1, 4, 6, 4, NULL, '', '0000-00-00 00:00:00', '0000-00-00 00:00:00'),
(773, NULL, 1, 'سید امیرحسین', 'سمیعی وفسی', '0520190432', 'سیدولی', 0, 0, '1395/02/09', '09125505737', '', '', 0, '', 1, 1, 4, 6, 4, NULL, '', '0000-00-00 00:00:00', '0000-00-00 00:00:00'),
(774, NULL, 1, 'محمدحسین', 'لاریجانی', '2270006781', 'حسن', 0, 0, '1395/02/09', '09113962108', '', '', 0, '', 1, 1, 4, 6, 4, NULL, '', '0000-00-00 00:00:00', '0000-00-00 00:00:00'),
(775, NULL, 1, 'رامین', 'قره بابائی', '5090053138', 'عباس', 0, 0, '1395/02/14', '09123613937', '', '', 0, '', 1, 1, 4, 6, 4, NULL, '', '0000-00-00 00:00:00', '0000-00-00 00:00:00'),
(776, NULL, 1, 'امیرحسین', 'احمدیان باغبادرانی', '4623646084', 'نادر', 0, 0, '1395/02/14', '09134812800', '', '', 0, '', 1, 1, 4, 6, 4, NULL, '', '0000-00-00 00:00:00', '0000-00-00 00:00:00'),
(777, NULL, 1, 'سینا', 'رحمنی', '4391846888', 'علی', 0, 0, '1395/02/18', '09191838705', '', '', 0, '', 1, 1, 4, 6, 4, NULL, '', '0000-00-00 00:00:00', '0000-00-00 00:00:00'),
(778, NULL, 1, 'قاسم', 'شمسایی', '0690177127', 'حمیدرضا', 0, 0, '1395/02/22', '09398743823', '', '', 0, '', 1, 1, 4, 6, 4, NULL, '', '0000-00-00 00:00:00', '0000-00-00 00:00:00'),
(779, NULL, 1, 'نوید', 'روفیگر حقیقت', '1270354612', 'مرتضی', 0, 0, '1395/02/22', '09132292075', '', '', 0, '', 1, 1, 4, 6, 4, NULL, '', '0000-00-00 00:00:00', '0000-00-00 00:00:00'),
(780, NULL, 1, 'سجاد', 'صبحی امجد', '4040135881', 'شمس الله', 0, 0, '1395/02/22', '09185061228', '', '', 0, '', 1, 1, 4, 6, 4, NULL, '', '0000-00-00 00:00:00', '0000-00-00 00:00:00'),
(781, NULL, 1, 'وحید', 'رضایی', '4270218096', 'مظفر', 0, 0, '1395/02/22', '09193452808', '', '', 0, '', 1, 1, 4, 6, 4, NULL, '', '0000-00-00 00:00:00', '0000-00-00 00:00:00'),
(782, NULL, 1, 'امیر', 'سلطانی', '4270415681', 'مسلم', 0, 0, '1395/02/22', '09356282291', '', '', 0, '', 1, 1, 4, 6, 4, NULL, '', '0000-00-00 00:00:00', '0000-00-00 00:00:00'),
(783, NULL, 1, 'محمد', 'موتابچی', '0440238791', 'علی اصغر', 0, 0, '1395/02/22', '09192153477', '', '', 0, '', 1, 1, 4, 6, 4, NULL, '', '0000-00-00 00:00:00', '0000-00-00 00:00:00'),
(784, NULL, 1, 'مهیار', 'کاویانی کوثرخیزی', '0078532558', 'منوچهر', 0, 0, '1395/02/22', '09362059699', '', '', 0, '', 1, 1, 4, 6, 4, NULL, '', '0000-00-00 00:00:00', '0000-00-00 00:00:00'),
(785, NULL, 1, 'محمد', 'دلقندی', '0780307585', 'مهدی', 0, 0, '1395/02/22', '09157149813', '', '', 0, '', 1, 1, 4, 6, 4, NULL, '', '0000-00-00 00:00:00', '0000-00-00 00:00:00'),
(786, NULL, 1, 'وحید', 'آرزومند', '2581494476', 'علی اصغر', 0, 0, '1395/02/22', '09118206090', '', '', 0, '', 1, 1, 4, 6, 4, NULL, '', '0000-00-00 00:00:00', '0000-00-00 00:00:00'),
(787, NULL, 1, 'امیرحسین', 'آقا شیخ محمد', '0013863207', 'محمد رضا', 0, 0, '1395/03/01', '09120851786', '', '', 0, '', 1, 1, 4, 6, 4, NULL, '', '0000-00-00 00:00:00', '0000-00-00 00:00:00'),
(788, NULL, 1, 'آرمان', 'تاتار', '0012841420', 'عبدالشکور', 0, 0, '1395/03/01', '09120399584', '', '', 0, '', 1, 1, 4, 6, 4, NULL, '', '0000-00-00 00:00:00', '0000-00-00 00:00:00'),
(789, NULL, 1, 'سید مجتبی', 'آیتی', '1740832991', 'سید کمال الدین', 0, 0, '1395/03/01', '09163233052', '', '', 0, '', 1, 1, 4, 6, 4, NULL, '', '0000-00-00 00:00:00', '0000-00-00 00:00:00'),
(790, NULL, 1, 'علی', 'حیدرپور بیگدلی', '0012781517', 'جواد', 0, 0, '1395/03/01', '09125868241', '', '', 0, '', 1, 1, 4, 6, 4, NULL, '', '0000-00-00 00:00:00', '0000-00-00 00:00:00'),
(791, NULL, 1, 'محمد رضا', 'سرداری', '0012817351', 'عباس', 0, 0, '1395/03/01', '09357608749', '', '', 0, '', 1, 1, 4, 6, 4, NULL, '', '0000-00-00 00:00:00', '0000-00-00 00:00:00'),
(792, NULL, 1, 'سید سینا', 'جلیلی شانی', '0013281984', 'سید یوسف', 0, 0, '1395/03/01', '09126403422', '', '', 0, '', 1, 1, 4, 6, 4, NULL, '', '0000-00-00 00:00:00', '0000-00-00 00:00:00'),
(793, NULL, 1, 'محسن', 'کاویانی', '0493270035', 'ناصر', 0, 0, '1395/03/03', '09195124648', '', '', 0, '', 1, 1, 4, 6, 4, NULL, '', '0000-00-00 00:00:00', '0000-00-00 00:00:00'),
(794, NULL, 1, 'سیدرضا', 'اشرف', '2620106842', 'میر مسعود', 0, 0, '1395/03/03', '09374887564', '', '', 0, '', 1, 1, 4, 6, 4, NULL, '', '0000-00-00 00:00:00', '0000-00-00 00:00:00'),
(795, NULL, 1, 'سجاد', 'رنجبر', '2240002697', 'قربان', 0, 0, '1395/03/03', '09365186913', '', '', 0, '', 1, 1, 4, 6, 4, NULL, '', '0000-00-00 00:00:00', '0000-00-00 00:00:00'),
(796, NULL, 1, 'حامد', 'اشرفی', '3300059232', 'امین', 0, 0, '1395/03/03', '09366363233', '', '', 0, '', 1, 1, 4, 6, 4, NULL, '', '0000-00-00 00:00:00', '0000-00-00 00:00:00'),
(797, NULL, 1, 'بهزاد', 'کوثری زاده', '-', 'رسول', 0, 0, '1395/03/03', '09121933651', '', '', 0, '', 1, 1, 4, 6, 4, NULL, '', '0000-00-00 00:00:00', '0000-00-00 00:00:00'),
(798, NULL, 1, 'مهیار', 'سید اسحقی', '0011510897', 'محمد تقی', 0, 0, '1395/03/04', '09124859691', '', '', 0, '', 1, 1, 4, 6, 4, NULL, '', '0000-00-00 00:00:00', '0000-00-00 00:00:00'),
(799, NULL, 1, 'بابک', 'اشتری', '0079505971', 'مجید', 0, 0, '1395/03/04', '09127621031', '', '', 0, '', 1, 1, 4, 6, 4, NULL, '', '0000-00-00 00:00:00', '0000-00-00 00:00:00'),
(800, NULL, 1, 'سعید', 'گیلانی قلعه بین', '2620108586', 'محراب', 0, 0, '1395/03/04', '09394902244', '', '', 0, '', 1, 1, 4, 6, 4, NULL, '', '0000-00-00 00:00:00', '0000-00-00 00:00:00'),
(801, NULL, 1, 'سید رضا', 'میر باقری', '0310037778', 'سید سعید', 0, 0, '1395/03/04', '09123653185', '', '', 0, '', 1, 1, 4, 6, 4, NULL, '', '0000-00-00 00:00:00', '0000-00-00 00:00:00'),
(802, NULL, 1, 'میثم', 'جوهری', '1210009560', 'علی اکبر', 0, 0, '1395/03/08', '', '', '', 0, '', 1, 1, 4, 6, 4, NULL, '', '0000-00-00 00:00:00', '0000-00-00 00:00:00'),
(803, NULL, 1, 'پوریا', 'طاهری', '2150181096', 'نظامعلی', 0, 0, '1395/03/08', '09124265140', '', '', 0, '', 1, 1, 4, 6, 4, NULL, '', '0000-00-00 00:00:00', '0000-00-00 00:00:00'),
(804, NULL, 1, 'سعید', 'عیسی زاده کمار علیا', '0010313206', 'اسماعیل', 0, 0, '1395/03/08', '09369572894', '', '', 0, '', 1, 1, 4, 6, 4, NULL, '', '0000-00-00 00:00:00', '0000-00-00 00:00:00'),
(805, NULL, 1, 'روزبه', 'حقیقی خواه', '2596043688', 'ربیع', 0, 0, '1395/03/08', '09396683694', '', '', 0, '', 1, 1, 4, 6, 4, NULL, '', '0000-00-00 00:00:00', '0000-00-00 00:00:00'),
(806, NULL, 1, 'محمد', 'طاهری', '4600021452', 'حسین', 0, 0, '1395/03/08', '', '', '', 0, '', 1, 1, 4, 6, 4, NULL, '', '0000-00-00 00:00:00', '0000-00-00 00:00:00'),
(807, NULL, 1, 'تورج', 'عزیززاده', '6019964957', 'عمران', 0, 0, '1395/03/08', '09141538293', '', '', 0, '', 1, 1, 4, 6, 4, NULL, '', '0000-00-00 00:00:00', '0000-00-00 00:00:00'),
(808, NULL, 1, 'حامد', 'احمدی', '0310385504', 'نجم الله', 0, 0, '1395/03/08', '09195531286', '', '', 0, '', 1, 1, 4, 6, 4, NULL, '', '0000-00-00 00:00:00', '0000-00-00 00:00:00'),
(809, NULL, 1, 'حامد', 'شکری', '0310514665', 'اصغر', 0, 0, '1395/03/08', '09124670223', '', '', 0, '', 1, 1, 4, 6, 4, NULL, '', '0000-00-00 00:00:00', '0000-00-00 00:00:00'),
(810, NULL, 1, 'احمد', 'حقانی بروجنی', '4670127071', 'حیات قلی', 0, 0, '1395/03/08', '09136768449', '', '', 0, '', 1, 1, 4, 6, 4, NULL, '', '0000-00-00 00:00:00', '0000-00-00 00:00:00'),
(811, NULL, 1, 'صادق', 'صابری', '0559846282', 'علیرضا', 0, 0, '1395/03/08', '09103140086', '', '', 0, '', 1, 1, 4, 6, 4, NULL, '', '0000-00-00 00:00:00', '0000-00-00 00:00:00'),
(812, NULL, 1, 'اشکان', 'خباز نوری', '0011097035', 'مصطفی', 0, 0, '1395/03/08', '09128873573', '', '', 0, '', 1, 1, 4, 6, 4, NULL, '', '0000-00-00 00:00:00', '0000-00-00 00:00:00'),
(813, NULL, 1, 'وحید', 'محرابیان', '0078122041', 'مرتضی', 0, 0, '1395/03/08', '09305999471', '', '', 0, '', 1, 1, 4, 6, 4, NULL, '', '0000-00-00 00:00:00', '0000-00-00 00:00:00'),
(814, NULL, 1, 'فرخ', 'شه شناس', '0079166377', 'حمید', 0, 0, '1395/03/10', '09124574869', '', '', 0, '', 1, 1, 4, 6, 4, NULL, '', '0000-00-00 00:00:00', '0000-00-00 00:00:00'),
(815, NULL, 1, 'محسن', 'صمدی قندهاری', '0011324651', 'محمد تقی', 0, 0, '1395/03/11', '09128094598', '', '', 0, '', 1, 1, 4, 6, 4, NULL, '', '0000-00-00 00:00:00', '0000-00-00 00:00:00'),
(816, NULL, 1, 'جواد', 'براتی', '0590007947', 'عباس', 0, 0, '1395/03/11', '09398945422', '', '', 0, '', 1, 1, 4, 6, 4, NULL, '', '0000-00-00 00:00:00', '0000-00-00 00:00:00'),
(817, NULL, 1, 'احمد', 'حسنی', '2680049349', 'مهدی', 0, 0, '1395/03/11', '09375088990', '', '', 0, '', 1, 1, 4, 6, 4, NULL, '', '0000-00-00 00:00:00', '0000-00-00 00:00:00'),
(818, NULL, 1, 'امیر', 'فرجیان', '4400136825', 'حسن', 0, 0, '1395/03/11', '09196108406', '', '', 0, '', 1, 1, 4, 6, 4, NULL, '', '0000-00-00 00:00:00', '0000-00-00 00:00:00'),
(819, NULL, 1, 'سروش', 'سلیمی پور', '2300898292', 'عبدالبنی', 0, 0, '1395/03/11', '09122615788', '', '', 0, '', 1, 1, 4, 6, 4, NULL, '', '0000-00-00 00:00:00', '0000-00-00 00:00:00'),
(820, NULL, 1, 'فریبرز', 'رنجبر', '2620147336', 'بهروز', 0, 0, '1395/03/11', '09119858691', '', '', 0, '', 1, 1, 4, 6, 4, NULL, '', '0000-00-00 00:00:00', '0000-00-00 00:00:00'),
(821, NULL, 1, 'علی', 'جلالی زمانی', '3100046171', 'محمد', 0, 0, '1395/03/11', '09213532163', '', '', 0, '', 1, 1, 4, 6, 4, NULL, '', '0000-00-00 00:00:00', '0000-00-00 00:00:00'),
(822, NULL, 1, 'محمد', 'حبیب زاده زندی', '3091472515', 'مهدی', 0, 0, '1395/03/13', '09133436493', '', '', 0, '', 1, 1, 4, 6, 4, NULL, '', '0000-00-00 00:00:00', '0000-00-00 00:00:00'),
(823, NULL, 1, 'عمید', 'خیراندیش', '5160038604', 'شجاع الدین', 0, 0, '1395/03/16', '09128119884', '', '', 0, '', 1, 1, 4, 6, 4, NULL, '', '0000-00-00 00:00:00', '0000-00-00 00:00:00'),
(824, NULL, 1, 'فرید', 'ادریسی', '1360760520', 'جلیل', 0, 0, '1395/03/16', '09144084378', '', '', 0, '', 1, 1, 4, 6, 4, NULL, '', '0000-00-00 00:00:00', '0000-00-00 00:00:00'),
(825, NULL, 1, 'مهدی', 'سامان آذری', '1360685634', 'تقی', 0, 0, '1395/03/16', '09143163803', '', '', 0, '', 1, 1, 4, 6, 4, NULL, '', '0000-00-00 00:00:00', '0000-00-00 00:00:00'),
(826, NULL, 1, 'سیاوش', 'اسفندیاری فرد', '0015389979', 'علی', 0, 0, '1395/03/16', '09360912215', '', '', 0, '', 1, 1, 4, 6, 4, NULL, '', '0000-00-00 00:00:00', '0000-00-00 00:00:00'),
(827, NULL, 1, 'پویان', 'محمدی', '3360032527', 'مظفر', 0, 0, '1395/03/16', '09182625948', '', '', 0, '', 1, 1, 4, 6, 4, NULL, '', '0000-00-00 00:00:00', '0000-00-00 00:00:00'),
(828, NULL, 1, '-', 'متقی', '2080033557', 'سعید', 0, 0, '1395/03/17', '', '', '', 0, '', 1, 1, 4, 6, 4, NULL, '', '0000-00-00 00:00:00', '0000-00-00 00:00:00'),
(829, NULL, 1, 'سیاوش', 'برخوردار', '3875526783', 'محمد حسن', 0, 0, '1395/03/17', '09124580076', '', '', 0, '', 1, 1, 4, 6, 4, NULL, '', '0000-00-00 00:00:00', '0000-00-00 00:00:00'),
(830, NULL, 1, 'بهنام', 'روح الامینی', '3060041202', 'حجت الله', 0, 0, '1395/03/17', '09131784662', '', '', 0, '', 1, 1, 4, 6, 4, NULL, '', '0000-00-00 00:00:00', '0000-00-00 00:00:00'),
(831, NULL, 1, 'آرشام', 'جمیل آذری', '0011445955', 'سعید', 0, 0, '1395/03/26', '09371254636', '', '', 0, '', 1, 1, 4, 6, 4, NULL, '', '0000-00-00 00:00:00', '0000-00-00 00:00:00'),
(832, NULL, 1, 'کامران', 'ایمانی شمس آباد', '0012697591', 'محد', 0, 0, '1395/03/26', '09124892389', '', '', 0, '', 1, 1, 4, 6, 4, NULL, '', '0000-00-00 00:00:00', '0000-00-00 00:00:00'),
(833, NULL, 1, 'مصطفی', 'خوانین زاده', '0310662141', 'غلامرضا', 0, 0, '1395/03/26', '09126707525', '', '', 0, '', 1, 1, 4, 6, 4, NULL, '', '0000-00-00 00:00:00', '0000-00-00 00:00:00'),
(834, NULL, 1, 'محمد', 'حمیدی نکو', '-', 'اسد اله', 0, 0, '1395/03/26', '09183127816', '', '', 0, '', 1, 1, 4, 6, 4, NULL, '', '0000-00-00 00:00:00', '0000-00-00 00:00:00');
INSERT INTO `people` (`id`, `role_id`, `is_active`, `fname`, `lname`, `nationalcode`, `fathername`, `photo_id`, `cardnumber`, `birthdate`, `cellphone`, `telephone`, `address`, `postalcode`, `email`, `degree_id`, `service_id`, `field_id`, `major_id`, `university_id`, `deleted_at`, `password`, `created_at`, `updated_at`) VALUES
(835, NULL, 1, 'نیما', 'خلیل پور', '0080499430', 'تارویردی', 0, 0, '1395/03/26', '09124158130', '', '', 0, '', 1, 1, 4, 6, 4, NULL, '', '0000-00-00 00:00:00', '0000-00-00 00:00:00'),
(836, NULL, 1, 'بهزاد', 'گرامی فر', '0068567197', 'احمد', 0, 0, '1395/03/26', '09191089989', '', '', 0, '', 1, 1, 4, 6, 4, NULL, '', '0000-00-00 00:00:00', '0000-00-00 00:00:00'),
(837, NULL, 1, 'حامد', 'گرجی زاده', '2050095422', 'محمد مهدی', 0, 0, '1395/03/26', '09113152335', '', '', 0, '', 1, 1, 4, 6, 4, NULL, '', '0000-00-00 00:00:00', '0000-00-00 00:00:00'),
(838, NULL, 1, 'سید میثم', 'محمدی', '4860000171', 'سید محمد', 0, 0, '1395/03/31', '09128611665', '', '', 0, '', 1, 1, 4, 6, 4, NULL, '', '0000-00-00 00:00:00', '0000-00-00 00:00:00'),
(839, NULL, 1, 'محمد', 'مهرگان فر', '0015462511', 'رجبعلی', 0, 0, '1395/04/08', '09124241007', '', '', 0, '', 1, 1, 4, 6, 4, NULL, '', '0000-00-00 00:00:00', '0000-00-00 00:00:00'),
(840, NULL, 1, 'کیوان', 'علیدادی سلیمانی', '3020070457', 'قربان', 0, 0, '1395/05/27', '09139575223', '', '', 0, '', 1, 1, 4, 6, 4, NULL, '', '0000-00-00 00:00:00', '0000-00-00 00:00:00'),
(841, NULL, 1, 'سینا', 'ساجدی', '0453510841', 'محمد', 0, 0, '1395/06/06', '09126079593', '', '', 0, '', 1, 1, 4, 6, 4, NULL, '', '0000-00-00 00:00:00', '0000-00-00 00:00:00'),
(842, NULL, 1, 'فریبرز', 'الماسیان', '0920583571', 'حسین', 0, 0, '1395/06/09', '09031242241', '', '', 0, '', 1, 1, 4, 6, 4, NULL, '', '0000-00-00 00:00:00', '0000-00-00 00:00:00'),
(843, NULL, 1, 'محمد', 'احدی پرست', '1270589644', 'مهدی', 0, 0, '1395/06/09', '09128363176', '', '', 0, '', 1, 1, 4, 6, 4, NULL, '', '0000-00-00 00:00:00', '0000-00-00 00:00:00'),
(844, NULL, 1, 'امید', 'سلطان محمدی', '0012729485', 'اسحاق', 0, 0, '1395/06/09', '09124622566', '', '', 0, '', 1, 1, 4, 6, 4, NULL, '', '0000-00-00 00:00:00', '0000-00-00 00:00:00'),
(845, NULL, 1, 'امید', 'اسماعیل پور', '3610181494', 'محمد علی', 0, 0, '1395/06/24', '09123935851', '', '', 0, '', 1, 1, 4, 6, 4, NULL, '', '0000-00-00 00:00:00', '0000-00-00 00:00:00'),
(846, NULL, 1, 'بیژن', 'احسان زاده', '0081173350', 'حسین', 0, 0, '1395/07/05', '09123768803', '', '', 0, '', 1, 1, 4, 6, 4, NULL, '', '0000-00-00 00:00:00', '0000-00-00 00:00:00'),
(847, NULL, 1, 'سید محمود', 'اشرفی قریه علی', '5359992018', 'سید یحیی', 0, 0, '1395/07/05', '09105961440', '', '', 0, '', 1, 1, 4, 6, 4, NULL, '', '0000-00-00 00:00:00', '0000-00-00 00:00:00'),
(848, NULL, 1, 'سعید', 'کمری کاورلوانی', '3240093987', 'کیومرث', 0, 0, '1395/07/06', '09104598767', '', '', 0, '', 1, 1, 4, 6, 4, NULL, '', '0000-00-00 00:00:00', '0000-00-00 00:00:00'),
(849, NULL, 1, 'احمد', 'امیری خیر آباد', '0010497552', 'محمد علی', 0, 0, '1395/07/07', '09353878067', '', '', 0, '', 1, 1, 4, 6, 4, NULL, '', '0000-00-00 00:00:00', '0000-00-00 00:00:00'),
(850, NULL, 1, 'سعید', 'رضازاده', '5000062892', 'ابراهیم', 0, 0, '1395/07/13', '', '', '', 0, '', 1, 1, 4, 6, 4, NULL, '', '0000-00-00 00:00:00', '0000-00-00 00:00:00'),
(851, NULL, 1, 'احسان', 'اکبری', '3330076704', 'صفدر', 0, 0, '1395/07/15', '09374970569', '', '', 0, '', 1, 1, 4, 6, 4, NULL, '', '0000-00-00 00:00:00', '0000-00-00 00:00:00'),
(852, NULL, 1, 'ارسلان', 'فیروزنیا', '0014800268', 'غلامرضا', 0, 0, '1395/07/25', '09122959689', '', '', 0, '', 1, 1, 4, 6, 4, NULL, '', '0000-00-00 00:00:00', '0000-00-00 00:00:00'),
(853, NULL, 1, 'محمد', 'منصورلکورج', '4830051396', 'غلامرضا', 0, 0, '1395/07/25', '09353490276', '', '', 0, '', 1, 1, 4, 6, 4, NULL, '', '0000-00-00 00:00:00', '0000-00-00 00:00:00'),
(854, NULL, 1, 'صادق', 'حصاری', '2940132976', 'یونس', 0, 0, '-', '09397811940', '', '', 0, '', 1, 1, 4, 6, 4, NULL, '', '0000-00-00 00:00:00', '0000-00-00 00:00:00'),
(855, NULL, 1, 'عرفان', 'سلطانی', '4669807651', 'علی', 0, 0, '1395/07/26', '09902475092', '', '', 0, '', 1, 1, 4, 6, 4, NULL, '', '0000-00-00 00:00:00', '0000-00-00 00:00:00'),
(856, NULL, 1, 'سامان', 'رشیدی', '4569910823', 'ابراهیم', 0, 0, '1395/07/26', '09123321879', '', '', 0, '', 1, 1, 4, 6, 4, NULL, '', '0000-00-00 00:00:00', '0000-00-00 00:00:00'),
(857, NULL, 1, 'مهدی', 'غنی ابادی', '0011994428', 'محمد', 0, 0, '1395/07/26', '09388116137', '', '', 0, '', 1, 1, 4, 6, 4, NULL, '', '0000-00-00 00:00:00', '0000-00-00 00:00:00'),
(858, NULL, 1, 'مجتبی', 'رحیمی', '2150228246', 'غفور', 0, 0, '1395/07/26', '09117769794', '', '', 0, '', 1, 1, 4, 6, 4, NULL, '', '0000-00-00 00:00:00', '0000-00-00 00:00:00'),
(859, NULL, 1, 'رامین', 'باقری', '0310149606', 'علی', 0, 0, '1395/07/27', '09211184150', '', '', 0, '', 1, 1, 4, 6, 4, NULL, '', '0000-00-00 00:00:00', '0000-00-00 00:00:00'),
(860, NULL, 1, 'محمدابراهیم', 'قربانیان', '4570064523', 'محمد اسماعیل', 0, 0, '1395/07/28', '09128317085', '', '', 0, '', 1, 1, 4, 6, 4, NULL, '', '0000-00-00 00:00:00', '0000-00-00 00:00:00'),
(861, NULL, 1, 'اردلان', 'بادامی', '-', '-', 0, 0, '1395/07/28', '-', '', '', 0, '', 1, 1, 4, 6, 4, NULL, '', '0000-00-00 00:00:00', '0000-00-00 00:00:00'),
(862, NULL, 1, 'سید علی', 'میر شعبانی', '2064917039', 'سید ابراهیم', 0, 0, '1395/07/28', '09116772047', '', '', 0, '', 1, 1, 4, 6, 4, NULL, '', '0000-00-00 00:00:00', '0000-00-00 00:00:00'),
(863, NULL, 1, 'فرید', 'قنبری', '1630127558', 'ایرج', 0, 0, '1395/07/28', '09107557299', '', '', 0, '', 1, 1, 4, 6, 4, NULL, '', '0000-00-00 00:00:00', '0000-00-00 00:00:00'),
(864, NULL, 1, 'سید مهدی', 'شیخ الاسلامی', '3920279638', 'سید محمد', 0, 0, '1395/08/01', '09378061256', '', '', 0, '', 1, 1, 4, 6, 4, NULL, '', '0000-00-00 00:00:00', '0000-00-00 00:00:00'),
(865, NULL, 1, 'پویش', 'مهرآسا', '0012202746', 'قاسم', 0, 0, '1395/08/05', '09122575418', '', '', 0, '', 1, 1, 4, 6, 4, NULL, '', '0000-00-00 00:00:00', '0000-00-00 00:00:00'),
(866, NULL, 1, 'مصطفی', 'سپه وند', '4060253669', 'عباس', 0, 0, '1395/08/05', '09168885573', '', '', 0, '', 1, 1, 4, 6, 4, NULL, '', '0000-00-00 00:00:00', '0000-00-00 00:00:00'),
(867, NULL, 1, 'محمد', 'ایلاتی', '1502673347', 'اسد اله', 0, 0, '1395/08/05', '09141283661', '', '', 0, '', 1, 1, 4, 6, 4, NULL, '', '0000-00-00 00:00:00', '0000-00-00 00:00:00'),
(868, NULL, 1, 'مهران', 'چرخی', '1361170344', 'حسین', 0, 0, '1395/08/05', '09149946209', '', '', 0, '', 1, 1, 4, 6, 4, NULL, '', '0000-00-00 00:00:00', '0000-00-00 00:00:00'),
(869, NULL, 1, 'سید آزاد', 'حسینی', '3762343901', 'سید طه', 0, 0, '1395/08/05', '09373675372', '', '', 0, '', 1, 1, 4, 6, 4, NULL, '', '0000-00-00 00:00:00', '0000-00-00 00:00:00'),
(901, NULL, 1, 'mahdi', 'Az', '3920229397', 'کمال', 2, 23, '1366/01/04', '09363120068', '09233551502', 'Shariati st', 0, 'm.azizi314@gmail.com', 0, 0, 27, 40, 9, NULL, '', '2017-03-24 05:23:14', '2017-03-24 05:23:14');

-- --------------------------------------------------------

--
-- Table structure for table `photos`
--

CREATE TABLE `photos` (
  `id` int(10) UNSIGNED NOT NULL,
  `file` varchar(255) COLLATE utf8_unicode_ci NOT NULL,
  `created_at` timestamp NULL DEFAULT NULL,
  `updated_at` timestamp NULL DEFAULT NULL
) ENGINE=MyISAM DEFAULT CHARSET=utf8 COLLATE=utf8_unicode_ci;

--
-- Dumping data for table `photos`
--

INSERT INTO `photos` (`id`, `file`, `created_at`, `updated_at`) VALUES
(1, '1490199100Chrysanthemum.jpg', '2017-03-22 16:11:40', '2017-03-22 16:11:40'),
(2, '1490332994Hydrangeas.jpg', '2017-03-24 05:23:14', '2017-03-24 05:23:14'),
(3, '1490335108Penguins.jpg', '2017-03-24 05:58:28', '2017-03-24 05:58:28'),
(4, '1491546261010-student.png', '2017-04-07 06:24:22', '2017-04-07 06:24:22'),
(5, '1491547234019-boy.png', '2017-04-07 06:40:34', '2017-04-07 06:40:34');

-- --------------------------------------------------------

--
-- Table structure for table `posts`
--

CREATE TABLE `posts` (
  `id` int(10) UNSIGNED NOT NULL,
  `user_id` int(10) UNSIGNED NOT NULL,
  `category_id` int(10) UNSIGNED NOT NULL,
  `photo_id` int(10) UNSIGNED NOT NULL,
  `title` varchar(255) COLLATE utf8_unicode_ci NOT NULL,
  `body` text COLLATE utf8_unicode_ci NOT NULL,
  `created_at` timestamp NULL DEFAULT NULL,
  `updated_at` timestamp NULL DEFAULT NULL
) ENGINE=MyISAM DEFAULT CHARSET=utf8 COLLATE=utf8_unicode_ci;

--
-- Dumping data for table `posts`
--

INSERT INTO `posts` (`id`, `user_id`, `category_id`, `photo_id`, `title`, `body`, `created_at`, `updated_at`) VALUES
(1, 1, 1, 0, 'new approach in English learning ', 'new posts in line ', '2017-03-13 17:44:31', '2017-03-13 17:44:31');

-- --------------------------------------------------------

--
-- Table structure for table `projectdefences`
--

CREATE TABLE `projectdefences` (
  `id` int(10) UNSIGNED NOT NULL,
  `cadrproject_id` int(11) NOT NULL,
  `defencelevel_id` int(11) NOT NULL,
  `defencedate` varchar(255) COLLATE utf8_unicode_ci NOT NULL,
  `letterdate` varchar(255) COLLATE utf8_unicode_ci NOT NULL,
  `letternumber` varchar(255) COLLATE utf8_unicode_ci NOT NULL,
  `paymentdate` varchar(255) COLLATE utf8_unicode_ci NOT NULL,
  `payment` varchar(255) COLLATE utf8_unicode_ci NOT NULL,
  `created_at` timestamp NULL DEFAULT NULL,
  `updated_at` timestamp NULL DEFAULT NULL
) ENGINE=MyISAM DEFAULT CHARSET=utf8 COLLATE=utf8_unicode_ci;

-- --------------------------------------------------------

--
-- Table structure for table `projects`
--

CREATE TABLE `projects` (
  `id` int(10) UNSIGNED NOT NULL,
  `number` int(11) NOT NULL,
  `title` varchar(255) COLLATE utf8_unicode_ci NOT NULL,
  `opendate` varchar(255) COLLATE utf8_unicode_ci NOT NULL,
  `person_id` int(10) UNSIGNED NOT NULL,
  `category_id` int(10) UNSIGNED NOT NULL,
  `unit_id` int(10) UNSIGNED NOT NULL,
  `group_id` int(10) UNSIGNED NOT NULL,
  `photo_id` int(10) UNSIGNED NOT NULL,
  `cadr_id1` int(10) UNSIGNED NOT NULL,
  `cadr_id2` int(10) UNSIGNED NOT NULL,
  `cadr_id3` int(10) UNSIGNED NOT NULL,
  `cadr_id4` int(10) UNSIGNED NOT NULL,
  `cadr_id5` int(10) UNSIGNED NOT NULL,
  `kasri1` varchar(255) COLLATE utf8_unicode_ci NOT NULL,
  `kasri2` varchar(255) COLLATE utf8_unicode_ci NOT NULL,
  `kasri3` varchar(255) COLLATE utf8_unicode_ci NOT NULL,
  `bookfishdate` varchar(255) COLLATE utf8_unicode_ci NOT NULL,
  `bookcount` varchar(255) COLLATE utf8_unicode_ci NOT NULL,
  `booksend` tinyint(1) NOT NULL,
  `deleted_at` timestamp NULL DEFAULT NULL,
  `created_at` timestamp NULL DEFAULT NULL,
  `updated_at` timestamp NULL DEFAULT NULL
) ENGINE=MyISAM DEFAULT CHARSET=utf8 COLLATE=utf8_unicode_ci;

--
-- Dumping data for table `projects`
--

INSERT INTO `projects` (`id`, `number`, `title`, `opendate`, `person_id`, `category_id`, `unit_id`, `group_id`, `photo_id`, `cadr_id1`, `cadr_id2`, `cadr_id3`, `cadr_id4`, `cadr_id5`, `kasri1`, `kasri2`, `kasri3`, `bookfishdate`, `bookcount`, `booksend`, `deleted_at`, `created_at`, `updated_at`) VALUES
(5, 98, 'امکان سنجی نمایش پروازهای پرنده های ناشناس در محیطهای مجازی با استفاده از الگوریتم های شبکه های عصبی شعاع پایه RBF', '1395/12/27', 27, 0, 3, 6, 0, 0, 0, 0, 0, 0, '', '', '', '', '', 0, NULL, '2017-03-17 16:40:46', '2017-03-17 16:40:46'),
(4, 24, 'درآمدی بر نحوه مدیریت منابع انسانی در شرایط بحرانی و جنگ نامتقارن2', '1395/12/24', 12, 0, 1, 5, 0, 0, 0, 0, 0, 0, '', '', '', '', '', 0, NULL, '2017-03-14 19:11:14', '2017-04-03 17:20:01'),
(3, 25, 'نمایش و تحلیل داده ها با استفاده از نئون های کم مصرف در دوربین ها دید در شب', '1395/12/24', 2, 0, 3, 2, 0, 0, 0, 0, 0, 0, '', '', '', '', '', 0, NULL, '2017-03-14 06:09:49', '2017-03-14 06:09:49'),
(6, 26, 'ایجاد مسیرهای انحرافی مجازی در مدار حرکتی موشک های رادار گریز جهت بهره برداری در سامانه های پدافندی با استفاده از فناوری های نوین جنگ های نامتقارن', '1396/01/04', 5, 0, 6, 6, 0, 0, 0, 0, 0, 0, '123', '', '', '', '', 0, NULL, '2017-03-24 06:28:46', '2017-04-02 17:54:12'),
(7, 28, 'طراحی عملیات نهان کاری مسیر در پهپادهای فوق سبک G2S2R در پروازهای شبانه با کمک اشعه های مکمل حرکت با بهره گیری از آرایش‌های غیر خطی', '1396/01/13', 26, 0, 14, 6, 0, 0, 0, 0, 0, 0, '1', '2', '3', '2', '3', 0, NULL, '2017-04-02 11:34:39', '2017-04-02 18:07:42'),
(8, 29, 'تحلیل داده های ذخیره شده در سامانه های راداری مراکز تحلیل محتوا  با استفاده از تحلیل پوششی داده های سطح متوسط', '1396/01/13', 20, 0, 15, 2, 0, 0, 0, 0, 0, 0, '', '', '', '', '', 0, NULL, '2017-04-02 14:02:04', '2017-04-02 14:02:04'),
(9, 30, 'شبیه سازی مسیرهای پروازی در شب با استفاده از نور ماه و بازتاب نور از اشیاء سطح زمین در پروازهای رادار گریز', '1396/01/13', 17, 0, 3, 2, 0, 0, 0, 0, 0, 0, '', '', '', '', '', 0, NULL, '2017-04-02 18:40:02', '2017-04-02 18:40:02'),
(10, 31, 'طرح آمایش پدافندی در مراکز نهاجا', '1396/01/13', 23, 1, 2, 1, 0, 0, 0, 0, 0, 0, '', '', '', '', '', 0, NULL, '2017-04-02 18:43:05', '2017-04-02 18:43:05'),
(11, 32, 'پردازش داده های مبهم دریافتی از سیگنالهای تشدید شده با استفاده از توابع بازگشتی ریاضی', '1396/01/14', 3, 2, 4, 2, 0, 0, 0, 0, 0, 0, '', '', '', '', '', 0, NULL, '2017-04-03 18:17:43', '2017-04-03 18:17:43'),
(12, 33, 'نمایش آماره های منفی در تحلیل برد مدارهای مکانیکی', '1396/01/19', 2, 1, 11, 2, 0, 0, 0, 0, 0, 0, '', '', '', '', '', 0, NULL, '2017-04-08 05:20:24', '2017-04-08 05:20:24'),
(13, 34, 'درآمدی بر هوافضا', '1396/01/19', 346, 3, 6, 1, 0, 0, 0, 0, 0, 0, '', '', '', '', '', 0, NULL, '2017-04-08 06:41:45', '2017-04-08 06:41:45'),
(14, 36, 'نیازسنجی آموزش‌های تخصصی بدون سلاح سرد و گرم در سطح ستاد', '1396/01/30', 900, 1, 2, 1, 0, 0, 0, 0, 0, 0, '', '', '', '', '', 0, NULL, '2017-04-19 17:05:35', '2017-04-19 17:05:35'),
(15, 37, 'new advance in air attack defences', '1396/01/30', 6, 3, 3, 1, 0, 0, 0, 0, 0, 0, '', '', '', '', '', 0, NULL, '2017-04-19 17:22:32', '2017-04-19 17:22:32');

-- --------------------------------------------------------

--
-- Table structure for table `roles`
--

CREATE TABLE `roles` (
  `id` int(10) UNSIGNED NOT NULL,
  `name` varchar(255) COLLATE utf8_unicode_ci NOT NULL,
  `created_at` timestamp NULL DEFAULT NULL,
  `updated_at` timestamp NULL DEFAULT NULL
) ENGINE=MyISAM DEFAULT CHARSET=utf8 COLLATE=utf8_unicode_ci;

--
-- Dumping data for table `roles`
--

INSERT INTO `roles` (`id`, `name`, `created_at`, `updated_at`) VALUES
(1, 'admin', NULL, NULL),
(2, 'user', NULL, NULL);

-- --------------------------------------------------------

--
-- Table structure for table `units`
--

CREATE TABLE `units` (
  `id` int(10) UNSIGNED NOT NULL,
  `name` varchar(255) COLLATE utf8_unicode_ci NOT NULL,
  `deleted_at` timestamp NULL DEFAULT NULL,
  `created_at` timestamp NULL DEFAULT NULL,
  `updated_at` timestamp NULL DEFAULT NULL
) ENGINE=MyISAM DEFAULT CHARSET=utf8 COLLATE=utf8_unicode_ci;

--
-- Dumping data for table `units`
--

INSERT INTO `units` (`id`, `name`, `deleted_at`, `created_at`, `updated_at`) VALUES
(1, 'اداره بهداشت', NULL, '0000-00-00 00:00:00', '0000-00-00 00:00:00'),
(2, 'بازرسی و ایمنی', NULL, '0000-00-00 00:00:00', '0000-00-00 00:00:00'),
(3, 'پهپاد', NULL, '0000-00-00 00:00:00', '0000-00-00 00:00:00'),
(4, 'حفاظت اطلاعات', NULL, '0000-00-00 00:00:00', '0000-00-00 00:00:00'),
(5, 'دبیرخانه اشراف', NULL, '0000-00-00 00:00:00', '0000-00-00 00:00:00'),
(6, 'دفتر فرماندهی', NULL, '0000-00-00 00:00:00', '0000-00-00 00:00:00'),
(7, 'ریاست بازرسی ویژه', NULL, '0000-00-00 00:00:00', '0000-00-00 00:00:00'),
(8, 'ریاست دارایی', NULL, '0000-00-00 00:00:00', '0000-00-00 00:00:00'),
(9, 'ریاست کنترولر', NULL, '0000-00-00 00:00:00', '0000-00-00 00:00:00'),
(10, 'عقیدتی سیاسی قرارگاه', NULL, '0000-00-00 00:00:00', '0000-00-00 00:00:00'),
(11, 'ف پدا تاکتیکی', NULL, '0000-00-00 00:00:00', '0000-00-00 00:00:00'),
(12, 'فرماندهی آماد', NULL, '0000-00-00 00:00:00', '0000-00-00 00:00:00'),
(13, 'فرماندهی پشتیبانی مرکز', NULL, '0000-00-00 00:00:00', '0000-00-00 00:00:00'),
(14, 'فرماندهی جنگال', NULL, '0000-00-00 00:00:00', '0000-00-00 00:00:00'),
(15, 'فرماندهی دانشگاه خاتم الانبیاء', NULL, '0000-00-00 00:00:00', '0000-00-00 00:00:00'),
(16, 'فرماندهی مرکز آموزشهای تخصصی', NULL, '0000-00-00 00:00:00', '0000-00-00 00:00:00'),
(17, 'مدیریت تامین حفاظت', NULL, '0000-00-00 00:00:00', '0000-00-00 00:00:00'),
(18, 'مدیریت مطالعات و تحقیقات', NULL, '0000-00-00 00:00:00', '0000-00-00 00:00:00'),
(19, 'مدیریت تربیت بدنی', NULL, '0000-00-00 00:00:00', '0000-00-00 00:00:00'),
(20, 'معاونت اطلاعات', NULL, '0000-00-00 00:00:00', '0000-00-00 00:00:00'),
(21, 'معاونت آماد', NULL, '0000-00-00 00:00:00', '0000-00-00 00:00:00'),
(22, 'معاونت آموزش', NULL, '0000-00-00 00:00:00', '0000-00-00 00:00:00'),
(23, 'معاونت پدافند غیر عامل', NULL, '0000-00-00 00:00:00', '0000-00-00 00:00:00'),
(24, 'معاونت طرح و برنامه', NULL, '0000-00-00 00:00:00', '0000-00-00 00:00:00'),
(25, 'معاونت عملیات', NULL, '0000-00-00 00:00:00', '0000-00-00 00:00:00'),
(26, 'معاونت فاوا', NULL, '0000-00-00 00:00:00', '0000-00-00 00:00:00'),
(27, 'معاونت مهندسی', NULL, '0000-00-00 00:00:00', '0000-00-00 00:00:00'),
(28, 'معاونت نیروی انسانی', NULL, '0000-00-00 00:00:00', '0000-00-00 00:00:00'),
(29, 'قرارگاه', NULL, '0000-00-00 00:00:00', '0000-00-00 00:00:00'),
(30, 'منطقه امام رضا (ع)', NULL, '0000-00-00 00:00:00', '0000-00-00 00:00:00');

-- --------------------------------------------------------

--
-- Table structure for table `universities`
--

CREATE TABLE `universities` (
  `id` int(10) UNSIGNED NOT NULL,
  `name` varchar(255) COLLATE utf8_unicode_ci NOT NULL,
  `created_at` timestamp NULL DEFAULT NULL,
  `updated_at` timestamp NULL DEFAULT NULL
) ENGINE=MyISAM DEFAULT CHARSET=utf8 COLLATE=utf8_unicode_ci;

--
-- Dumping data for table `universities`
--

INSERT INTO `universities` (`id`, `name`, `created_at`, `updated_at`) VALUES
(1, '          موسسه آموزش عالي غيرانتفاعي غيردولتي بهار شهر مشهد', '0000-00-00 00:00:00', '0000-00-00 00:00:00'),
(2, '      دانشگاه خاورميانه آنكارا', '0000-00-00 00:00:00', '0000-00-00 00:00:00'),
(3, '      دانشگاه فاتح', '0000-00-00 00:00:00', '0000-00-00 00:00:00'),
(4, '      موسسه آموزش عالي غيرانتفاعي غيردولتي سنا شهر ساري', '0000-00-00 00:00:00', '0000-00-00 00:00:00'),
(5, '      موسسه آموزش عالي غيرانتفاعي غيردولتي عرفان شهر كرمان', '0000-00-00 00:00:00', '0000-00-00 00:00:00'),
(6, '     آموزشكده فني تربت حيدريه تربت حيدريه', '0000-00-00 00:00:00', '0000-00-00 00:00:00'),
(7, '     پژوهشكده صنعت نفت', '0000-00-00 00:00:00', '0000-00-00 00:00:00'),
(8, '     پژوهشگاه علوم انساني و مطالعات فرهنگي', '0000-00-00 00:00:00', '0000-00-00 00:00:00'),
(9, '     پژوهشگاه مواد و انرژي', '0000-00-00 00:00:00', '0000-00-00 00:00:00'),
(10, '     دانشكده فني و مهندسي بجنورد بجنورد', '0000-00-00 00:00:00', '0000-00-00 00:00:00'),
(11, '     دانشكده فني و مهندسي گلپايگان', '0000-00-00 00:00:00', '0000-00-00 00:00:00'),
(12, '     سازمان مديريت صنعتي', '0000-00-00 00:00:00', '0000-00-00 00:00:00'),
(13, '     مجتمع آموزش عالي جندي شاپور', '0000-00-00 00:00:00', '0000-00-00 00:00:00'),
(14, '     مركز تحقيقات نجوم و اختر فيزيك مراغه', '0000-00-00 00:00:00', '0000-00-00 00:00:00'),
(15, '     مركز ملّي تحقيقات مهندسي ژنتيك و تكنولوژي زيستي', '0000-00-00 00:00:00', '0000-00-00 00:00:00'),
(16, '     موسسه آموزش عالي غيرانتفاعي  غيردولتي نجف آباد', '0000-00-00 00:00:00', '0000-00-00 00:00:00'),
(17, '     موسسه آموزش عالي غيرانتفاعي غيردولتي  علوم و فن آوري سپاهان اصفهان', '0000-00-00 00:00:00', '0000-00-00 00:00:00'),
(18, '     موسسه آموزش عالي غيرانتفاعي غيردولتي اديبان  شهر گرمسار', '0000-00-00 00:00:00', '0000-00-00 00:00:00'),
(19, '     موسسه آموزش عالي غيرانتفاعي غيردولتي اردبيل', '0000-00-00 00:00:00', '0000-00-00 00:00:00'),
(20, '     موسسه آموزش عالي غيرانتفاعي غيردولتي ارس', '0000-00-00 00:00:00', '0000-00-00 00:00:00'),
(21, '     موسسه آموزش عالي غيرانتفاعي غيردولتي ارس شهر تبريز', '0000-00-00 00:00:00', '0000-00-00 00:00:00'),
(22, '     موسسه آموزش عالي غيرانتفاعي غيردولتي البرز ', '0000-00-00 00:00:00', '0000-00-00 00:00:00'),
(23, '     موسسه آموزش عالي غيرانتفاعي غيردولتي الغدير شهر تبريز', '0000-00-00 00:00:00', '0000-00-00 00:00:00'),
(24, '     موسسه آموزش عالي غيرانتفاعي غيردولتي امام علي', '0000-00-00 00:00:00', '0000-00-00 00:00:00'),
(25, '     موسسه آموزش عالي غيرانتفاعي غيردولتي انديشه جهرم', '0000-00-00 00:00:00', '0000-00-00 00:00:00'),
(26, '     موسسه آموزش عالي غيرانتفاعي غيردولتي انديشه جهرم شهر جهرم', '0000-00-00 00:00:00', '0000-00-00 00:00:00'),
(27, '     موسسه آموزش عالي غيرانتفاعي غيردولتي آبا  آبيك قزوين', '0000-00-00 00:00:00', '0000-00-00 00:00:00'),
(28, '     موسسه آموزش عالي غيرانتفاعي غيردولتي آباده شهر آباده', '0000-00-00 00:00:00', '0000-00-00 00:00:00'),
(29, '     موسسه آموزش عالي غيرانتفاعي غيردولتي آرين شهر شيراز', '0000-00-00 00:00:00', '0000-00-00 00:00:00'),
(30, '     موسسه آموزش عالي غيرانتفاعي غيردولتي آفرينش شهر بروجرد', '0000-00-00 00:00:00', '0000-00-00 00:00:00'),
(31, '     موسسه آموزش عالي غيرانتفاعي غيردولتي بجنورد', '0000-00-00 00:00:00', '0000-00-00 00:00:00'),
(32, '     موسسه آموزش عالي غيرانتفاعي غيردولتي بينالود شهر مشهد', '0000-00-00 00:00:00', '0000-00-00 00:00:00'),
(33, '     موسسه آموزش عالي غيرانتفاعي غيردولتي پارس در شهر مهر فارس', '0000-00-00 00:00:00', '0000-00-00 00:00:00'),
(34, '     موسسه آموزش عالي غيرانتفاعي غيردولتي پارسا بابلسر', '0000-00-00 00:00:00', '0000-00-00 00:00:00'),
(35, '     موسسه آموزش عالي غيرانتفاعي غيردولتي توحيد در گلوگاه شهر مازندران', '0000-00-00 00:00:00', '0000-00-00 00:00:00'),
(36, '     موسسه آموزش عالي غيرانتفاعي غيردولتي جهاد دانشگاهي استان يزد', '0000-00-00 00:00:00', '0000-00-00 00:00:00'),
(37, '     موسسه آموزش عالي غيرانتفاعي غيردولتي دانش پژوهان سپاهان شهر اصفهان', '0000-00-00 00:00:00', '0000-00-00 00:00:00'),
(38, '     موسسه آموزش عالي غيرانتفاعي غيردولتي راغب اصفهاني', '0000-00-00 00:00:00', '0000-00-00 00:00:00'),
(39, '     موسسه آموزش عالي غيرانتفاعي غيردولتي راه دانش بابل', '0000-00-00 00:00:00', '0000-00-00 00:00:00'),
(40, '     موسسه آموزش عالي غيرانتفاعي غيردولتي راهيان نور شهر ساري', '0000-00-00 00:00:00', '0000-00-00 00:00:00'),
(41, '     موسسه آموزش عالي غيرانتفاعي غيردولتي رايانه اي', '0000-00-00 00:00:00', '0000-00-00 00:00:00'),
(42, '     موسسه آموزش عالي غيرانتفاعي غيردولتي رجاء قزوين', '0000-00-00 00:00:00', '0000-00-00 00:00:00'),
(43, '     موسسه آموزش عالي غيرانتفاعي غيردولتي رشد دانش شهر سمنان', '0000-00-00 00:00:00', '0000-00-00 00:00:00'),
(44, '     موسسه آموزش عالي غيرانتفاعي غيردولتي رفسنجان', '0000-00-00 00:00:00', '0000-00-00 00:00:00'),
(45, '     موسسه آموزش عالي غيرانتفاعي غيردولتي رفسنجان شهر رفسنجان', '0000-00-00 00:00:00', '0000-00-00 00:00:00'),
(46, '     موسسه آموزش عالي غيرانتفاعي غيردولتي رودكي شهر تنكابن', '0000-00-00 00:00:00', '0000-00-00 00:00:00'),
(47, '     موسسه آموزش عالي غيرانتفاعي غيردولتي روز بهان ساري', '0000-00-00 00:00:00', '0000-00-00 00:00:00'),
(48, '     موسسه آموزش عالي غيرانتفاعي غيردولتي روزبهان شهر ساري', '0000-00-00 00:00:00', '0000-00-00 00:00:00'),
(49, '     موسسه آموزش عالي غيرانتفاعي غيردولتي زرنديه', '0000-00-00 00:00:00', '0000-00-00 00:00:00'),
(50, '     موسسه آموزش عالي غيرانتفاعي غيردولتي سارويه ساري', '0000-00-00 00:00:00', '0000-00-00 00:00:00'),
(51, '     موسسه آموزش عالي غيرانتفاعي غيردولتي سبز شهر آمل', '0000-00-00 00:00:00', '0000-00-00 00:00:00'),
(52, '     موسسه آموزش عالي غيرانتفاعي غيردولتي سبلان', '0000-00-00 00:00:00', '0000-00-00 00:00:00'),
(53, '     موسسه آموزش عالي غيرانتفاعي غيردولتي سراج تبريز', '0000-00-00 00:00:00', '0000-00-00 00:00:00'),
(54, '     موسسه آموزش عالي غيرانتفاعي غيردولتي سوره', '0000-00-00 00:00:00', '0000-00-00 00:00:00'),
(55, '     موسسه آموزش عالي غيرانتفاعي غيردولتي سوره شيراز', '0000-00-00 00:00:00', '0000-00-00 00:00:00'),
(56, '     موسسه آموزش عالي غيرانتفاعي غيردولتي سينا شهر كاشان', '0000-00-00 00:00:00', '0000-00-00 00:00:00'),
(57, '     موسسه آموزش عالي غيرانتفاعي غيردولتي شاهرود', '0000-00-00 00:00:00', '0000-00-00 00:00:00'),
(58, '     موسسه آموزش عالي غيرانتفاعي غيردولتي شمس شهر گنبد', '0000-00-00 00:00:00', '0000-00-00 00:00:00'),
(59, '     موسسه آموزش عالي غيرانتفاعي غيردولتي شهيد رضايي كرمانشاه', '0000-00-00 00:00:00', '0000-00-00 00:00:00'),
(60, '     موسسه آموزش عالي غيرانتفاعي غيردولتي صدرالمتالهين', '0000-00-00 00:00:00', '0000-00-00 00:00:00'),
(61, '     موسسه آموزش عالي غيرانتفاعي غيردولتي صفاهان', '0000-00-00 00:00:00', '0000-00-00 00:00:00'),
(62, '     موسسه آموزش عالي غيرانتفاعي غيردولتي صنعتي مراغه', '0000-00-00 00:00:00', '0000-00-00 00:00:00'),
(63, '     موسسه آموزش عالي غيرانتفاعي غيردولتي طبري بابل', '0000-00-00 00:00:00', '0000-00-00 00:00:00'),
(64, '     موسسه آموزش عالي غيرانتفاعي غيردولتي عطار مشهد', '0000-00-00 00:00:00', '0000-00-00 00:00:00'),
(65, '     موسسه آموزش عالي غيرانتفاعي غيردولتي علاءالدوله سمناني شهر گرمسار', '0000-00-00 00:00:00', '0000-00-00 00:00:00'),
(66, '     موسسه آموزش عالي غيرانتفاعي غيردولتي علامه جعفري رفسنجان', '0000-00-00 00:00:00', '0000-00-00 00:00:00'),
(67, '     موسسه آموزش عالي غيرانتفاعي غيردولتي علامه قزويني', '0000-00-00 00:00:00', '0000-00-00 00:00:00'),
(68, '     موسسه آموزش عالي غيرانتفاعي غيردولتي علم و فن', '0000-00-00 00:00:00', '0000-00-00 00:00:00'),
(69, '     موسسه آموزش عالي غيرانتفاعي غيردولتي علمي كاربردي هتلداري و جهانگردي', '0000-00-00 00:00:00', '0000-00-00 00:00:00'),
(70, '     موسسه آموزش عالي غيرانتفاعي غيردولتي علوم و فنون سپاهان', '0000-00-00 00:00:00', '0000-00-00 00:00:00'),
(71, '     موسسه آموزش عالي غيرانتفاعي غيردولتي كومش', '0000-00-00 00:00:00', '0000-00-00 00:00:00'),
(72, '     موسسه آموزش عالي غيرانتفاعي غيردولتي كيش', '0000-00-00 00:00:00', '0000-00-00 00:00:00'),
(73, '     موسسه آموزش عالي غيرانتفاعي غيردولتي لامعی گرگانی', '0000-00-00 00:00:00', '0000-00-00 00:00:00'),
(74, '     موسسه آموزش عالي غيرانتفاعي غيردولتي مارليك شهر نوشهر', '0000-00-00 00:00:00', '0000-00-00 00:00:00'),
(75, '     موسسه آموزش عالي غيرانتفاعي غيردولتي مازيار رويان نور', '0000-00-00 00:00:00', '0000-00-00 00:00:00'),
(76, '     موسسه آموزش عالي غيرانتفاعي غيردولتي مطهر شهر مشهد', '0000-00-00 00:00:00', '0000-00-00 00:00:00'),
(77, '     موسسه آموزش عالي غيرانتفاعي غيردولتي معصوميه شهر قم', '0000-00-00 00:00:00', '0000-00-00 00:00:00'),
(78, '     موسسه آموزش عالي غيرانتفاعي غيردولتي مقدس اردبيلي', '0000-00-00 00:00:00', '0000-00-00 00:00:00'),
(79, '     موسسه آموزش عالي غيرانتفاعي غيردولتي مهرگان', '0000-00-00 00:00:00', '0000-00-00 00:00:00'),
(80, '     موسسه آموزش عالي غيرانتفاعي غيردولتي مولوي', '0000-00-00 00:00:00', '0000-00-00 00:00:00'),
(81, '     موسسه آموزش عالي غيرانتفاعي غيردولتي ميرداماد', '0000-00-00 00:00:00', '0000-00-00 00:00:00'),
(82, '     موسسه آموزش عالي غيرانتفاعي غيردولتي نبي اكرم', '0000-00-00 00:00:00', '0000-00-00 00:00:00'),
(83, '     موسسه آموزش عالي غيرانتفاعي غيردولتي نيما', '0000-00-00 00:00:00', '0000-00-00 00:00:00'),
(84, '     موسسه آموزش عالي غيرانتفاعي غيردولتي هدف', '0000-00-00 00:00:00', '0000-00-00 00:00:00'),
(85, '     موسسه آموزشي و پژوهشي امام خميني', '0000-00-00 00:00:00', '0000-00-00 00:00:00'),
(86, '     موسسه پژوهشي حكمت و فلسفه', '0000-00-00 00:00:00', '0000-00-00 00:00:00'),
(87, '     موسسه تحقيقات شيلات ايران', '0000-00-00 00:00:00', '0000-00-00 00:00:00'),
(88, '    آموزشكده آمار و انفورماتيك', '0000-00-00 00:00:00', '0000-00-00 00:00:00'),
(89, '    پژوهشكده حمل و نقل', '0000-00-00 00:00:00', '0000-00-00 00:00:00'),
(90, '    پژوهشگاه بين المللي زلزله شناسي و مهندسي زلزله', '0000-00-00 00:00:00', '0000-00-00 00:00:00'),
(91, '    پژوهشگاه پليمر ايران', '0000-00-00 00:00:00', '0000-00-00 00:00:00'),
(92, '    سازمان پژوهشهاي علمي و صنعتي ايران', '0000-00-00 00:00:00', '0000-00-00 00:00:00'),
(93, '    مركز آموزش عالي غيردولتي غيرانتفاعي اهل بيت', '0000-00-00 00:00:00', '0000-00-00 00:00:00'),
(94, '    مركز پژوهشهاي شيمي و مهندسي شيمي ايران', '0000-00-00 00:00:00', '0000-00-00 00:00:00'),
(95, '    موسسه آموزش عالي غيرانتفاعي غيردولتي  معارف قرآني اصفهان', '0000-00-00 00:00:00', '0000-00-00 00:00:00'),
(96, '    موسسه آموزش عالي غيرانتفاعي غيردولتي اثيرالدين ابهري شهر ابهر', '0000-00-00 00:00:00', '0000-00-00 00:00:00'),
(97, '    موسسه آموزش عالي غيرانتفاعي غيردولتي اديان و مذاهب', '0000-00-00 00:00:00', '0000-00-00 00:00:00'),
(98, '    موسسه آموزش عالي غيرانتفاعي غيردولتي المهدي شهر اصفهان', '0000-00-00 00:00:00', '0000-00-00 00:00:00'),
(99, '    موسسه آموزش عالي غيرانتفاعي غيردولتي انديشمند لاهيجان', '0000-00-00 00:00:00', '0000-00-00 00:00:00'),
(100, '    موسسه آموزش عالي غيرانتفاعي غيردولتي انديشه جهرم', '0000-00-00 00:00:00', '0000-00-00 00:00:00'),
(101, '    موسسه آموزش عالي غيرانتفاعي غيردولتي آباداني و توسعه روستاها همدان', '0000-00-00 00:00:00', '0000-00-00 00:00:00'),
(102, '    موسسه آموزش عالي غيرانتفاعي غيردولتي آرادان شهر گرمسار', '0000-00-00 00:00:00', '0000-00-00 00:00:00'),
(103, '    موسسه آموزش عالي غيرانتفاعي غيردولتي آيندگان شهر تنكابن', '0000-00-00 00:00:00', '0000-00-00 00:00:00'),
(104, '    موسسه آموزش عالي غيرانتفاعي غيردولتي بابل', '0000-00-00 00:00:00', '0000-00-00 00:00:00'),
(105, '    موسسه آموزش عالي غيرانتفاعي غيردولتي بزرگمهر', '0000-00-00 00:00:00', '0000-00-00 00:00:00'),
(106, '    موسسه آموزش عالي غيرانتفاعي غيردولتي بصير آبيك', '0000-00-00 00:00:00', '0000-00-00 00:00:00'),
(107, '    موسسه آموزش عالي غيرانتفاعي غيردولتي پارس مهر فارس', '0000-00-00 00:00:00', '0000-00-00 00:00:00'),
(108, '    موسسه آموزش عالي غيرانتفاعي غيردولتي پژوهش صنايع ايران', '0000-00-00 00:00:00', '0000-00-00 00:00:00'),
(109, '    موسسه آموزش عالي غيرانتفاعي غيردولتي پيام گلپايگان', '0000-00-00 00:00:00', '0000-00-00 00:00:00'),
(110, '    موسسه آموزش عالي غيرانتفاعي غيردولتي تابناك', '0000-00-00 00:00:00', '0000-00-00 00:00:00'),
(111, '    موسسه آموزش عالي غيرانتفاعي غيردولتي توس', '0000-00-00 00:00:00', '0000-00-00 00:00:00'),
(112, '    موسسه آموزش عالي غيرانتفاعي غيردولتي جندي شاپور  اهواز', '0000-00-00 00:00:00', '0000-00-00 00:00:00'),
(113, '    موسسه آموزش عالي غيرانتفاعي غيردولتي جواد شهر يزد', '0000-00-00 00:00:00', '0000-00-00 00:00:00'),
(114, '    موسسه آموزش عالي غيرانتفاعي غيردولتي جواد يزد', '0000-00-00 00:00:00', '0000-00-00 00:00:00'),
(115, '    موسسه آموزش عالي غيرانتفاعي غيردولتي چالوس', '0000-00-00 00:00:00', '0000-00-00 00:00:00'),
(116, '    موسسه آموزش عالي غيرانتفاعي غيردولتي خاتم', '0000-00-00 00:00:00', '0000-00-00 00:00:00'),
(117, '    موسسه آموزش عالي غيرانتفاعي غيردولتي خاوران', '0000-00-00 00:00:00', '0000-00-00 00:00:00'),
(118, '    موسسه آموزش عالي غيرانتفاعي غيردولتي خراسان', '0000-00-00 00:00:00', '0000-00-00 00:00:00'),
(119, '    موسسه آموزش عالي غيرانتفاعي غيردولتي خزر محمود آباد', '0000-00-00 00:00:00', '0000-00-00 00:00:00'),
(120, '    موسسه آموزش عالي غيرانتفاعي غيردولتي ديلمان لاهيجان', '0000-00-00 00:00:00', '0000-00-00 00:00:00'),
(121, '    موسسه آموزش عالي غيرانتفاعي غيردولتي رحمان', '0000-00-00 00:00:00', '0000-00-00 00:00:00'),
(122, '    موسسه آموزش عالي غيرانتفاعي غيردولتي زند شهر شيراز', '0000-00-00 00:00:00', '0000-00-00 00:00:00'),
(123, '    موسسه آموزش عالي غيرانتفاعي غيردولتي ساري', '0000-00-00 00:00:00', '0000-00-00 00:00:00'),
(124, '    موسسه آموزش عالي غيرانتفاعي غيردولتي ساريان', '0000-00-00 00:00:00', '0000-00-00 00:00:00'),
(125, '    موسسه آموزش عالي غيرانتفاعي غيردولتي سپهر  اصفهان', '0000-00-00 00:00:00', '0000-00-00 00:00:00'),
(126, '    موسسه آموزش عالي غيرانتفاعي غيردولتي سراج شهر تبريز', '0000-00-00 00:00:00', '0000-00-00 00:00:00'),
(127, '    موسسه آموزش عالي غيرانتفاعي غيردولتي سلمان شهر مشهد', '0000-00-00 00:00:00', '0000-00-00 00:00:00'),
(128, '    موسسه آموزش عالي غيرانتفاعي غيردولتي سمنگان', '0000-00-00 00:00:00', '0000-00-00 00:00:00'),
(129, '    موسسه آموزش عالي غيرانتفاعي غيردولتي شفق در تنكابن مازندران', '0000-00-00 00:00:00', '0000-00-00 00:00:00'),
(130, '    موسسه آموزش عالي غيرانتفاعي غيردولتي شمال', '0000-00-00 00:00:00', '0000-00-00 00:00:00'),
(131, '    موسسه آموزش عالي غيرانتفاعي غيردولتي شهاب دانش شهر قم', '0000-00-00 00:00:00', '0000-00-00 00:00:00'),
(132, '    موسسه آموزش عالي غيرانتفاعي غيردولتي صفاهان', '0000-00-00 00:00:00', '0000-00-00 00:00:00'),
(133, '    موسسه آموزش عالي غيرانتفاعي غيردولتي طبرستان', '0000-00-00 00:00:00', '0000-00-00 00:00:00'),
(134, '    موسسه آموزش عالي غيرانتفاعي غيردولتي عبدالرحمن صوفي زنجان', '0000-00-00 00:00:00', '0000-00-00 00:00:00'),
(135, '    موسسه آموزش عالي غيرانتفاعي غيردولتي علامه اميني در بهنمير مازندران', '0000-00-00 00:00:00', '0000-00-00 00:00:00'),
(136, '    موسسه آموزش عالي غيرانتفاعي غيردولتي فردوس', '0000-00-00 00:00:00', '0000-00-00 00:00:00'),
(137, '    موسسه آموزش عالي غيرانتفاعي غيردولتي فيض الاسلام شهرخميني شهر', '0000-00-00 00:00:00', '0000-00-00 00:00:00'),
(138, '    موسسه آموزش عالي غيرانتفاعي غيردولتي قدر', '0000-00-00 00:00:00', '0000-00-00 00:00:00'),
(139, '    موسسه آموزش عالي غيرانتفاعي غيردولتي قشم', '0000-00-00 00:00:00', '0000-00-00 00:00:00'),
(140, '    موسسه آموزش عالي غيرانتفاعي غيردولتي گنجنامه همدان', '0000-00-00 00:00:00', '0000-00-00 00:00:00'),
(141, '    موسسه آموزش عالي غيرانتفاعي غيردولتي مطالعات و پژوهشهاي بازرگاني', '0000-00-00 00:00:00', '0000-00-00 00:00:00'),
(142, '    موسسه آموزش عالي غيرانتفاعي غيردولتي مهرگان محلات', '0000-00-00 00:00:00', '0000-00-00 00:00:00'),
(143, '    موسسه آموزش عالي غيرانتفاعي غيردولتي مولانا آبيك قزوين', '0000-00-00 00:00:00', '0000-00-00 00:00:00'),
(144, '    موسسه تحقيقات مخابرات ايران', '0000-00-00 00:00:00', '0000-00-00 00:00:00'),
(145, '    موسسه توسعه دانش و پژوهش ايران', '0000-00-00 00:00:00', '0000-00-00 00:00:00'),
(146, '   آموزشكده فني جنگ افزار سازي', '0000-00-00 00:00:00', '0000-00-00 00:00:00'),
(147, '   پژوهشكده فرهنگ و هنر اسلامي', '0000-00-00 00:00:00', '0000-00-00 00:00:00'),
(148, '   دانشكده علوم حديث', '0000-00-00 00:00:00', '0000-00-00 00:00:00'),
(149, '   دانشكده معارف قرآني شهر اصفهان', '0000-00-00 00:00:00', '0000-00-00 00:00:00'),
(150, '   دانشگاه غيرانتفاعي غيردولتي شيخ بهائي', '0000-00-00 00:00:00', '0000-00-00 00:00:00'),
(151, '   دانشگاه غيرانتفاعي غيردولتي علم و فرهنگ', '0000-00-00 00:00:00', '0000-00-00 00:00:00'),
(152, '   دانشگاه غيرانتفاعي غيردولتي علوم و فنون مازندران', '0000-00-00 00:00:00', '0000-00-00 00:00:00'),
(153, '   مركز ملّي اقيانوس شناسي', '0000-00-00 00:00:00', '0000-00-00 00:00:00'),
(154, '   موسسه آموزش عالي غيرانتفاعي غيردولتي اديب مازندران', '0000-00-00 00:00:00', '0000-00-00 00:00:00'),
(155, '   موسسه آموزش عالي غيرانتفاعي غيردولتي اردبيل', '0000-00-00 00:00:00', '0000-00-00 00:00:00'),
(156, '   موسسه آموزش عالي غيرانتفاعي غيردولتي ارشاد دماوند', '0000-00-00 00:00:00', '0000-00-00 00:00:00'),
(157, '   موسسه آموزش عالي غيرانتفاعي غيردولتي الوند شهر همدان', '0000-00-00 00:00:00', '0000-00-00 00:00:00'),
(158, '   موسسه آموزش عالي غيرانتفاعي غيردولتي انديشمند لاهيجان', '0000-00-00 00:00:00', '0000-00-00 00:00:00'),
(159, '   موسسه آموزش عالي غيرانتفاعي غيردولتي ايوانكي شهر ايوانكي', '0000-00-00 00:00:00', '0000-00-00 00:00:00'),
(160, '   موسسه آموزش عالي غيرانتفاعي غيردولتي آذرآبادگان شهر اروميه', '0000-00-00 00:00:00', '0000-00-00 00:00:00'),
(161, '   موسسه آموزش عالي غيرانتفاعي غيردولتي بروجرد', '0000-00-00 00:00:00', '0000-00-00 00:00:00'),
(162, '   موسسه آموزش عالي غيرانتفاعي غيردولتي پارس', '0000-00-00 00:00:00', '0000-00-00 00:00:00'),
(163, '   موسسه آموزش عالي غيرانتفاعي غيردولتي پاسارگاد شهر شيراز', '0000-00-00 00:00:00', '0000-00-00 00:00:00'),
(164, '   موسسه آموزش عالي غيرانتفاعي غيردولتي جابرابن حيان', '0000-00-00 00:00:00', '0000-00-00 00:00:00'),
(165, '   موسسه آموزش عالي غيرانتفاعي غيردولتي جابربن حيان', '0000-00-00 00:00:00', '0000-00-00 00:00:00'),
(166, '   موسسه آموزش عالي غيرانتفاعي غيردولتي حسابداري و مديريت آذربايجان', '0000-00-00 00:00:00', '0000-00-00 00:00:00'),
(167, '   موسسه آموزش عالي غيرانتفاعي غيردولتي حكمت رضوي', '0000-00-00 00:00:00', '0000-00-00 00:00:00'),
(168, '   موسسه آموزش عالي غيرانتفاعي غيردولتي حكمت رضوي شهر مشهد', '0000-00-00 00:00:00', '0000-00-00 00:00:00'),
(169, '   موسسه آموزش عالي غيرانتفاعي غيردولتي حكيم جرجاني شهر گرگان', '0000-00-00 00:00:00', '0000-00-00 00:00:00'),
(170, '   موسسه آموزش عالي غيرانتفاعي غيردولتي خاوران شهر مشهد', '0000-00-00 00:00:00', '0000-00-00 00:00:00'),
(171, '   موسسه آموزش عالي غيرانتفاعي غيردولتي خواجوي كرماني شهر كرمان', '0000-00-00 00:00:00', '0000-00-00 00:00:00'),
(172, '   موسسه آموزش عالي غيرانتفاعي غيردولتي دانشوران شهر تبريز', '0000-00-00 00:00:00', '0000-00-00 00:00:00'),
(173, '   موسسه آموزش عالي غيرانتفاعي غيردولتي سپهر اصفهان', '0000-00-00 00:00:00', '0000-00-00 00:00:00'),
(174, '   موسسه آموزش عالي غيرانتفاعي غيردولتي سجاد مشهد', '0000-00-00 00:00:00', '0000-00-00 00:00:00'),
(175, '   موسسه آموزش عالي غيرانتفاعي غيردولتي سنائي اصفهان', '0000-00-00 00:00:00', '0000-00-00 00:00:00'),
(176, '   موسسه آموزش عالي غيرانتفاعي غيردولتي شاهرود', '0000-00-00 00:00:00', '0000-00-00 00:00:00'),
(177, '   موسسه آموزش عالي غيرانتفاعي غيردولتي شرق', '0000-00-00 00:00:00', '0000-00-00 00:00:00'),
(178, '   موسسه آموزش عالي غيرانتفاعي غيردولتي شهيد اشرفي اصفهاني', '0000-00-00 00:00:00', '0000-00-00 00:00:00'),
(179, '   موسسه آموزش عالي غيرانتفاعي غيردولتي صنعتي فولاد', '0000-00-00 00:00:00', '0000-00-00 00:00:00'),
(180, '   موسسه آموزش عالي غيرانتفاعي غيردولتي صنعتي فولاد شهر  اصفهان', '0000-00-00 00:00:00', '0000-00-00 00:00:00'),
(181, '   موسسه آموزش عالي غيرانتفاعي غيردولتي صنعتي مازندران', '0000-00-00 00:00:00', '0000-00-00 00:00:00'),
(182, '   موسسه آموزش عالي غيرانتفاعي غيردولتي علم و فن', '0000-00-00 00:00:00', '0000-00-00 00:00:00'),
(183, '   موسسه آموزش عالي غيرانتفاعي غيردولتي كمال الملك شهر نوشهر', '0000-00-00 00:00:00', '0000-00-00 00:00:00'),
(184, '   موسسه آموزش عالي غيرانتفاعي غيردولتي كومش سمنان', '0000-00-00 00:00:00', '0000-00-00 00:00:00'),
(185, '   موسسه آموزش عالي غيرانتفاعي غيردولتي گلستان گرگان', '0000-00-00 00:00:00', '0000-00-00 00:00:00'),
(186, '   موسسه آموزش عالي غيرانتفاعي غيردولتي مولوي ايوانكي', '0000-00-00 00:00:00', '0000-00-00 00:00:00'),
(187, '   موسسه آموزش عالي غيرانتفاعي غيردولتي هاتف زاهدان', '0000-00-00 00:00:00', '0000-00-00 00:00:00'),
(188, '  پژوهشكده ساختمان و مسكن', '0000-00-00 00:00:00', '0000-00-00 00:00:00'),
(189, '  دانشكده الهيات و معارف اسلامي', '0000-00-00 00:00:00', '0000-00-00 00:00:00'),
(190, '  دانشگاه غيرانتفاعي غيردولتي امام رضا', '0000-00-00 00:00:00', '0000-00-00 00:00:00'),
(191, '  دانشگاه غيرانتفاعي غيردولتي باقرالعلوم', '0000-00-00 00:00:00', '0000-00-00 00:00:00'),
(192, '  موسسه آموزش عالي غيرانتفاعي غيردولتي اثيرالدين ابهري', '0000-00-00 00:00:00', '0000-00-00 00:00:00'),
(193, '  موسسه آموزش عالي غيرانتفاعي غيردولتي آمل شهر آمل', '0000-00-00 00:00:00', '0000-00-00 00:00:00'),
(194, '  موسسه آموزش عالي غيرانتفاعي غيردولتي باختر  ايلام', '0000-00-00 00:00:00', '0000-00-00 00:00:00'),
(195, '  موسسه آموزش عالي غيرانتفاعي غيردولتي بعثت شهر كرمان', '0000-00-00 00:00:00', '0000-00-00 00:00:00'),
(196, '  موسسه آموزش عالي غيرانتفاعي غيردولتي پاسارگاد شيراز', '0000-00-00 00:00:00', '0000-00-00 00:00:00'),
(197, '  موسسه آموزش عالي غيرانتفاعي غيردولتي تابران شهر مشهد', '0000-00-00 00:00:00', '0000-00-00 00:00:00'),
(198, '  موسسه آموزش عالي غيرانتفاعي غيردولتي جهاد دانشگاهي رشت', '0000-00-00 00:00:00', '0000-00-00 00:00:00'),
(199, '  موسسه آموزش عالي غيرانتفاعي غيردولتي حافظ شهر شيراز', '0000-00-00 00:00:00', '0000-00-00 00:00:00'),
(200, '  موسسه آموزش عالي غيرانتفاعي غيردولتي صبح صادق اصفهان', '0000-00-00 00:00:00', '0000-00-00 00:00:00'),
(201, '  موسسه آموزش عالي غيرانتفاعي غيردولتي علامه جعفري شهر رفسنجان', '0000-00-00 00:00:00', '0000-00-00 00:00:00'),
(202, '  موسسه عالي پژوهش و برنامه ريزي', '0000-00-00 00:00:00', '0000-00-00 00:00:00'),
(203, ' سازمان مطالعه و تدوين كتب علوم انساني دانشگاه ها', '0000-00-00 00:00:00', '0000-00-00 00:00:00'),
(204, ' موسسه آموزش عالي غيرانتفاعي غيردولتي جهاد دانشگاهي خوزستان', '0000-00-00 00:00:00', '0000-00-00 00:00:00'),
(205, ' موسسه آموزش عالي غيرانتفاعي غيردولتي خيام  مشهد', '0000-00-00 00:00:00', '0000-00-00 00:00:00'),
(206, ' موسسه آموزش عالي غيرانتفاعي غيردولتي لاهيجان', '0000-00-00 00:00:00', '0000-00-00 00:00:00'),
(207, ' موسسه آموزش عالي غيرانتفاعي غيردولتي مجازي نور طوبي شهر تهران', '0000-00-00 00:00:00', '0000-00-00 00:00:00'),
(208, ' موسسه آموزش عالي غيرانتفاعي غيردولتي مهر آستان', '0000-00-00 00:00:00', '0000-00-00 00:00:00'),
(209, ' موسسه آموزش عالي غيرانتفاعي غيردولتي هراز', '0000-00-00 00:00:00', '0000-00-00 00:00:00'),
(210, 'آموزشكده تربيت بدني                  ', '0000-00-00 00:00:00', '0000-00-00 00:00:00'),
(211, 'آموزشكده حفاظت محيط زيست          ', '0000-00-00 00:00:00', '0000-00-00 00:00:00'),
(212, 'آموزشكده فني الكترونيك شيراز', '0000-00-00 00:00:00', '0000-00-00 00:00:00'),
(213, 'آموزشكده فني انرژي هسته اي بوشهر', '0000-00-00 00:00:00', '0000-00-00 00:00:00'),
(214, 'آموزشكده فني توحيد اصفهان', '0000-00-00 00:00:00', '0000-00-00 00:00:00'),
(215, 'آموزشكده فني نقشه برداري', '0000-00-00 00:00:00', '0000-00-00 00:00:00'),
(216, 'آموزشكده فني نقشه برداري    ', '0000-00-00 00:00:00', '0000-00-00 00:00:00'),
(217, 'آموزشكده هاي فني صنايع سنگين و سبك', '0000-00-00 00:00:00', '0000-00-00 00:00:00'),
(218, 'آموزشکده کشاورزی', '0000-00-00 00:00:00', '0000-00-00 00:00:00'),
(219, 'پژوهشكده اسناد                   ', '0000-00-00 00:00:00', '0000-00-00 00:00:00'),
(220, 'پژوهشكده الكترونيك و مخابرات شهيد بهشتي    ', '0000-00-00 00:00:00', '0000-00-00 00:00:00'),
(221, 'پژوهشكده امام خميني و انقلاب اسلامي (ره)', '0000-00-00 00:00:00', '0000-00-00 00:00:00'),
(222, 'پژوهشكده بيمه         ', '0000-00-00 00:00:00', '0000-00-00 00:00:00'),
(223, 'پژوهشكده حمل و نقل               ', '0000-00-00 00:00:00', '0000-00-00 00:00:00'),
(224, 'پژوهشكده حوزه و دانشگاه', '0000-00-00 00:00:00', '0000-00-00 00:00:00'),
(225, 'پژوهشكده علوم زمين  ', '0000-00-00 00:00:00', '0000-00-00 00:00:00'),
(226, 'پژوهشكده علوم شناختي', '0000-00-00 00:00:00', '0000-00-00 00:00:00'),
(227, 'پژوهشكده ميكرو الكترونيك    ', '0000-00-00 00:00:00', '0000-00-00 00:00:00'),
(228, 'پژوهشكده هنر                     ', '0000-00-00 00:00:00', '0000-00-00 00:00:00'),
(229, 'پژوهشگاه دانشهاي بنيادي ', '0000-00-00 00:00:00', '0000-00-00 00:00:00'),
(230, 'پژوهشگاه ليزر  ', '0000-00-00 00:00:00', '0000-00-00 00:00:00'),
(231, 'پژوهشگاه هوا و فضا  ', '0000-00-00 00:00:00', '0000-00-00 00:00:00'),
(232, 'چارلز استوارت  ', '0000-00-00 00:00:00', '0000-00-00 00:00:00'),
(233, 'دانش دانشگاه اروميه  ', '0000-00-00 00:00:00', '0000-00-00 00:00:00'),
(234, 'دانشكده اصول الدين', '0000-00-00 00:00:00', '0000-00-00 00:00:00'),
(235, 'دانشكده امام باقر (ع)         ', '0000-00-00 00:00:00', '0000-00-00 00:00:00'),
(236, 'دانشكده حفاظت و بهداشت كار', '0000-00-00 00:00:00', '0000-00-00 00:00:00'),
(237, 'دانشكده خبر             ', '0000-00-00 00:00:00', '0000-00-00 00:00:00'),
(238, 'دانشكده روابط بين الملل                          ', '0000-00-00 00:00:00', '0000-00-00 00:00:00'),
(239, 'دانشكده صدا و سيما                     ', '0000-00-00 00:00:00', '0000-00-00 00:00:00'),
(240, 'دانشكده صنعت هواپيمايي كشوري', '0000-00-00 00:00:00', '0000-00-00 00:00:00'),
(241, 'دانشكده علمي كاربردي پست و مخابرات              ', '0000-00-00 00:00:00', '0000-00-00 00:00:00'),
(242, 'دانشكده علوم اقتصادي', '0000-00-00 00:00:00', '0000-00-00 00:00:00'),
(243, 'دانشكده علوم بيولوژي و تكنولوژي دانشگاه مرداخ  ', '0000-00-00 00:00:00', '0000-00-00 00:00:00'),
(244, 'دانشكده علوم قرآني', '0000-00-00 00:00:00', '0000-00-00 00:00:00'),
(245, 'دانشكده علوم قضايي و خدمات اداري', '0000-00-00 00:00:00', '0000-00-00 00:00:00'),
(246, 'دانشكده علوم و فنون فارابي                      ', '0000-00-00 00:00:00', '0000-00-00 00:00:00'),
(247, 'دانشكده معارف اسلامي', '0000-00-00 00:00:00', '0000-00-00 00:00:00'),
(248, 'دانشگاه  استانبول', '0000-00-00 00:00:00', '0000-00-00 00:00:00'),
(249, 'دانشگاه  آناتولي  ', '0000-00-00 00:00:00', '0000-00-00 00:00:00'),
(250, 'دانشگاه اراك', '0000-00-00 00:00:00', '0000-00-00 00:00:00'),
(251, 'دانشگاه اصفهان', '0000-00-00 00:00:00', '0000-00-00 00:00:00'),
(252, 'دانشگاه افسري امام علي (ع) ', '0000-00-00 00:00:00', '0000-00-00 00:00:00'),
(253, 'دانشگاه الزهراء  ', '0000-00-00 00:00:00', '0000-00-00 00:00:00'),
(254, 'دانشگاه امـام حسين (ع) ', '0000-00-00 00:00:00', '0000-00-00 00:00:00'),
(255, 'دانشگاه امام صادق (ع)', '0000-00-00 00:00:00', '0000-00-00 00:00:00'),
(256, 'دانشگاه ايلام', '0000-00-00 00:00:00', '0000-00-00 00:00:00'),
(257, 'دانشگاه آدلايد', '0000-00-00 00:00:00', '0000-00-00 00:00:00'),
(258, 'دانشگاه آزاد اسلامی ابرکوه', '0000-00-00 00:00:00', '0000-00-00 00:00:00'),
(259, 'دانشگاه آزاد اسلامی ابهر', '0000-00-00 00:00:00', '0000-00-00 00:00:00'),
(260, 'دانشگاه آزاد اسلامی اراک', '0000-00-00 00:00:00', '0000-00-00 00:00:00'),
(261, 'دانشگاه آزاد اسلامی اردبیل', '0000-00-00 00:00:00', '0000-00-00 00:00:00'),
(262, 'دانشگاه آزاد اسلامی اردستان', '0000-00-00 00:00:00', '0000-00-00 00:00:00'),
(263, 'دانشگاه آزاد اسلامی اردکان', '0000-00-00 00:00:00', '0000-00-00 00:00:00'),
(264, 'دانشگاه آزاد اسلامی ارسنجان', '0000-00-00 00:00:00', '0000-00-00 00:00:00'),
(265, 'دانشگاه آزاد اسلامی ارومیه', '0000-00-00 00:00:00', '0000-00-00 00:00:00'),
(266, 'دانشگاه آزاد اسلامی استهبان', '0000-00-00 00:00:00', '0000-00-00 00:00:00'),
(267, 'دانشگاه آزاد اسلامی اسلامشهر', '0000-00-00 00:00:00', '0000-00-00 00:00:00'),
(268, 'دانشگاه آزاد اسلامی اشکذر', '0000-00-00 00:00:00', '0000-00-00 00:00:00'),
(269, 'دانشگاه آزاد اسلامی اقلید', '0000-00-00 00:00:00', '0000-00-00 00:00:00'),
(270, 'دانشگاه آزاد اسلامی الیگودرز', '0000-00-00 00:00:00', '0000-00-00 00:00:00'),
(271, 'دانشگاه آزاد اسلامی امارات متحده عربی', '0000-00-00 00:00:00', '0000-00-00 00:00:00'),
(272, 'دانشگاه آزاد اسلامی امیدیه', '0000-00-00 00:00:00', '0000-00-00 00:00:00'),
(273, 'دانشگاه آزاد اسلامی اندیمشک', '0000-00-00 00:00:00', '0000-00-00 00:00:00'),
(274, 'دانشگاه آزاد اسلامی اهر', '0000-00-00 00:00:00', '0000-00-00 00:00:00'),
(275, 'دانشگاه آزاد اسلامی اهواز', '0000-00-00 00:00:00', '0000-00-00 00:00:00'),
(276, 'دانشگاه آزاد اسلامی اوز', '0000-00-00 00:00:00', '0000-00-00 00:00:00'),
(277, 'دانشگاه آزاد اسلامی ایذه', '0000-00-00 00:00:00', '0000-00-00 00:00:00'),
(278, 'دانشگاه آزاد اسلامی ایرانشهر', '0000-00-00 00:00:00', '0000-00-00 00:00:00'),
(279, 'دانشگاه آزاد اسلامی ایلام', '0000-00-00 00:00:00', '0000-00-00 00:00:00'),
(280, 'دانشگاه آزاد اسلامی آبادان و خرمشهر', '0000-00-00 00:00:00', '0000-00-00 00:00:00'),
(281, 'دانشگاه آزاد اسلامی آباده', '0000-00-00 00:00:00', '0000-00-00 00:00:00'),
(282, 'دانشگاه آزاد اسلامی آزادشهر', '0000-00-00 00:00:00', '0000-00-00 00:00:00'),
(283, 'دانشگاه آزاد اسلامی آستارا', '0000-00-00 00:00:00', '0000-00-00 00:00:00'),
(284, 'دانشگاه آزاد اسلامی آشتیان', '0000-00-00 00:00:00', '0000-00-00 00:00:00'),
(285, 'دانشگاه آزاد اسلامی آیت الله آملی', '0000-00-00 00:00:00', '0000-00-00 00:00:00'),
(286, 'دانشگاه آزاد اسلامی بابل', '0000-00-00 00:00:00', '0000-00-00 00:00:00'),
(287, 'دانشگاه آزاد اسلامی بافت', '0000-00-00 00:00:00', '0000-00-00 00:00:00'),
(288, 'دانشگاه آزاد اسلامی بافق', '0000-00-00 00:00:00', '0000-00-00 00:00:00'),
(289, 'دانشگاه آزاد اسلامی بجنورد', '0000-00-00 00:00:00', '0000-00-00 00:00:00'),
(290, 'دانشگاه آزاد اسلامی بردسیر', '0000-00-00 00:00:00', '0000-00-00 00:00:00'),
(291, 'دانشگاه آزاد اسلامی بروجن', '0000-00-00 00:00:00', '0000-00-00 00:00:00'),
(292, 'دانشگاه آزاد اسلامی بم', '0000-00-00 00:00:00', '0000-00-00 00:00:00'),
(293, 'دانشگاه آزاد اسلامی بناب', '0000-00-00 00:00:00', '0000-00-00 00:00:00'),
(294, 'دانشگاه آزاد اسلامی بندرانزلی', '0000-00-00 00:00:00', '0000-00-00 00:00:00'),
(295, 'دانشگاه آزاد اسلامی بندرعباس', '0000-00-00 00:00:00', '0000-00-00 00:00:00'),
(296, 'دانشگاه آزاد اسلامی بندرلنگه', '0000-00-00 00:00:00', '0000-00-00 00:00:00'),
(297, 'دانشگاه آزاد اسلامی بهبهان', '0000-00-00 00:00:00', '0000-00-00 00:00:00'),
(298, 'دانشگاه آزاد اسلامی بوشهر', '0000-00-00 00:00:00', '0000-00-00 00:00:00'),
(299, 'دانشگاه آزاد اسلامی بوکان', '0000-00-00 00:00:00', '0000-00-00 00:00:00'),
(300, 'دانشگاه آزاد اسلامی بیرجند', '0000-00-00 00:00:00', '0000-00-00 00:00:00'),
(301, 'دانشگاه آزاد اسلامی پارس آباد مغان', '0000-00-00 00:00:00', '0000-00-00 00:00:00'),
(302, 'دانشگاه آزاد اسلامی پرند', '0000-00-00 00:00:00', '0000-00-00 00:00:00'),
(303, 'دانشگاه آزاد اسلامی تاکستان', '0000-00-00 00:00:00', '0000-00-00 00:00:00'),
(304, 'دانشگاه آزاد اسلامی تبریز', '0000-00-00 00:00:00', '0000-00-00 00:00:00'),
(305, 'دانشگاه آزاد اسلامی تربت جام', '0000-00-00 00:00:00', '0000-00-00 00:00:00'),
(306, 'دانشگاه آزاد اسلامی تربت حیدریه', '0000-00-00 00:00:00', '0000-00-00 00:00:00'),
(307, 'دانشگاه آزاد اسلامی تفت', '0000-00-00 00:00:00', '0000-00-00 00:00:00'),
(308, 'دانشگاه آزاد اسلامی تفرش', '0000-00-00 00:00:00', '0000-00-00 00:00:00'),
(309, 'دانشگاه آزاد اسلامی تهران پزشکی', '0000-00-00 00:00:00', '0000-00-00 00:00:00'),
(310, 'دانشگاه آزاد اسلامی تهران جنوب', '0000-00-00 00:00:00', '0000-00-00 00:00:00'),
(311, 'دانشگاه آزاد اسلامی تهران شرق', '0000-00-00 00:00:00', '0000-00-00 00:00:00'),
(312, 'دانشگاه آزاد اسلامی تهران شمال', '0000-00-00 00:00:00', '0000-00-00 00:00:00'),
(313, 'دانشگاه آزاد اسلامی تهران مرکزی', '0000-00-00 00:00:00', '0000-00-00 00:00:00'),
(314, 'دانشگاه آزاد اسلامی تویسرکان', '0000-00-00 00:00:00', '0000-00-00 00:00:00'),
(315, 'دانشگاه آزاد اسلامی جهرم', '0000-00-00 00:00:00', '0000-00-00 00:00:00'),
(316, 'دانشگاه آزاد اسلامی جیرفت', '0000-00-00 00:00:00', '0000-00-00 00:00:00'),
(317, 'دانشگاه آزاد اسلامی خارک', '0000-00-00 00:00:00', '0000-00-00 00:00:00'),
(318, 'دانشگاه آزاد اسلامی خدابنده', '0000-00-00 00:00:00', '0000-00-00 00:00:00'),
(319, 'دانشگاه آزاد اسلامی خلخال', '0000-00-00 00:00:00', '0000-00-00 00:00:00'),
(320, 'دانشگاه آزاد اسلامی خمین', '0000-00-00 00:00:00', '0000-00-00 00:00:00'),
(321, 'دانشگاه آزاد اسلامی خمینی شهر', '0000-00-00 00:00:00', '0000-00-00 00:00:00'),
(322, 'دانشگاه آزاد اسلامی خنج', '0000-00-00 00:00:00', '0000-00-00 00:00:00'),
(323, 'دانشگاه آزاد اسلامی خوراسگان', '0000-00-00 00:00:00', '0000-00-00 00:00:00'),
(324, 'دانشگاه آزاد اسلامی خوی', '0000-00-00 00:00:00', '0000-00-00 00:00:00'),
(325, 'دانشگاه آزاد اسلامی داراب', '0000-00-00 00:00:00', '0000-00-00 00:00:00'),
(326, 'دانشگاه آزاد اسلامی دامغان', '0000-00-00 00:00:00', '0000-00-00 00:00:00'),
(327, 'دانشگاه آزاد اسلامی دزفول', '0000-00-00 00:00:00', '0000-00-00 00:00:00'),
(328, 'دانشگاه آزاد اسلامی دشتستان', '0000-00-00 00:00:00', '0000-00-00 00:00:00'),
(329, 'دانشگاه آزاد اسلامی دماوند', '0000-00-00 00:00:00', '0000-00-00 00:00:00'),
(330, 'دانشگاه آزاد اسلامی دندانپزشکی', '0000-00-00 00:00:00', '0000-00-00 00:00:00'),
(331, 'دانشگاه آزاد اسلامی دهاقان', '0000-00-00 00:00:00', '0000-00-00 00:00:00'),
(332, 'دانشگاه آزاد اسلامی دهدشت', '0000-00-00 00:00:00', '0000-00-00 00:00:00'),
(333, 'دانشگاه آزاد اسلامی دورود', '0000-00-00 00:00:00', '0000-00-00 00:00:00'),
(334, 'دانشگاه آزاد اسلامی دولت آباد', '0000-00-00 00:00:00', '0000-00-00 00:00:00'),
(335, 'دانشگاه آزاد اسلامی رامهرمز', '0000-00-00 00:00:00', '0000-00-00 00:00:00'),
(336, 'دانشگاه آزاد اسلامی رشت', '0000-00-00 00:00:00', '0000-00-00 00:00:00'),
(337, 'دانشگاه آزاد اسلامی رفسنجان', '0000-00-00 00:00:00', '0000-00-00 00:00:00'),
(338, 'دانشگاه آزاد اسلامی رودهن', '0000-00-00 00:00:00', '0000-00-00 00:00:00'),
(339, 'دانشگاه آزاد اسلامی زابل', '0000-00-00 00:00:00', '0000-00-00 00:00:00'),
(340, 'دانشگاه آزاد اسلامی زاهدان', '0000-00-00 00:00:00', '0000-00-00 00:00:00'),
(341, 'دانشگاه آزاد اسلامی زرقان', '0000-00-00 00:00:00', '0000-00-00 00:00:00'),
(342, 'دانشگاه آزاد اسلامی زرند', '0000-00-00 00:00:00', '0000-00-00 00:00:00'),
(343, 'دانشگاه آزاد اسلامی زنجان', '0000-00-00 00:00:00', '0000-00-00 00:00:00'),
(344, 'دانشگاه آزاد اسلامی ساری', '0000-00-00 00:00:00', '0000-00-00 00:00:00'),
(345, 'دانشگاه آزاد اسلامی ساوه', '0000-00-00 00:00:00', '0000-00-00 00:00:00'),
(346, 'دانشگاه آزاد اسلامی سبزوار', '0000-00-00 00:00:00', '0000-00-00 00:00:00'),
(347, 'دانشگاه آزاد اسلامی سپیدان', '0000-00-00 00:00:00', '0000-00-00 00:00:00'),
(348, 'دانشگاه آزاد اسلامی سراب', '0000-00-00 00:00:00', '0000-00-00 00:00:00'),
(349, 'دانشگاه آزاد اسلامی سروستان', '0000-00-00 00:00:00', '0000-00-00 00:00:00'),
(350, 'دانشگاه آزاد اسلامی سقز', '0000-00-00 00:00:00', '0000-00-00 00:00:00'),
(351, 'دانشگاه آزاد اسلامی سلماس', '0000-00-00 00:00:00', '0000-00-00 00:00:00'),
(352, 'دانشگاه آزاد اسلامی سمنان', '0000-00-00 00:00:00', '0000-00-00 00:00:00'),
(353, 'دانشگاه آزاد اسلامی سنندج', '0000-00-00 00:00:00', '0000-00-00 00:00:00'),
(354, 'دانشگاه آزاد اسلامی سوادکوه', '0000-00-00 00:00:00', '0000-00-00 00:00:00'),
(355, 'دانشگاه آزاد اسلامی سوسنگرد', '0000-00-00 00:00:00', '0000-00-00 00:00:00'),
(356, 'دانشگاه آزاد اسلامی سیرجان', '0000-00-00 00:00:00', '0000-00-00 00:00:00'),
(357, 'دانشگاه آزاد اسلامی شاهرود', '0000-00-00 00:00:00', '0000-00-00 00:00:00'),
(358, 'دانشگاه آزاد اسلامی شبستر', '0000-00-00 00:00:00', '0000-00-00 00:00:00'),
(359, 'دانشگاه آزاد اسلامی شهربابک', '0000-00-00 00:00:00', '0000-00-00 00:00:00'),
(360, 'دانشگاه آزاد اسلامی شهررضا', '0000-00-00 00:00:00', '0000-00-00 00:00:00'),
(361, 'دانشگاه آزاد اسلامی شهرری', '0000-00-00 00:00:00', '0000-00-00 00:00:00'),
(362, 'دانشگاه آزاد اسلامی شهرقدس', '0000-00-00 00:00:00', '0000-00-00 00:00:00'),
(363, 'دانشگاه آزاد اسلامی شهرکرد', '0000-00-00 00:00:00', '0000-00-00 00:00:00'),
(364, 'دانشگاه آزاد اسلامی شهرمجلسی', '0000-00-00 00:00:00', '0000-00-00 00:00:00'),
(365, 'دانشگاه آزاد اسلامی شوشتر', '0000-00-00 00:00:00', '0000-00-00 00:00:00'),
(366, 'دانشگاه آزاد اسلامی شیراز', '0000-00-00 00:00:00', '0000-00-00 00:00:00'),
(367, 'دانشگاه آزاد اسلامی شیروان', '0000-00-00 00:00:00', '0000-00-00 00:00:00'),
(368, 'دانشگاه آزاد اسلامی صحنه', '0000-00-00 00:00:00', '0000-00-00 00:00:00'),
(369, 'دانشگاه آزاد اسلامی طبس', '0000-00-00 00:00:00', '0000-00-00 00:00:00'),
(370, 'دانشگاه آزاد اسلامی علوم دارویی', '0000-00-00 00:00:00', '0000-00-00 00:00:00'),
(371, 'دانشگاه آزاد اسلامی علوم و تحقیقات اصفهان', '0000-00-00 00:00:00', '0000-00-00 00:00:00'),
(372, 'دانشگاه آزاد اسلامی علوم و تحقیقات آذربایجان شرقی', '0000-00-00 00:00:00', '0000-00-00 00:00:00'),
(373, 'دانشگاه آزاد اسلامی علوم و تحقیقات تهران', '0000-00-00 00:00:00', '0000-00-00 00:00:00'),
(374, 'دانشگاه آزاد اسلامی علوم و تحقیقات خوزستان', '0000-00-00 00:00:00', '0000-00-00 00:00:00'),
(375, 'دانشگاه آزاد اسلامی علوم و تحقیقات فارس', '0000-00-00 00:00:00', '0000-00-00 00:00:00'),
(376, 'دانشگاه آزاد اسلامی علوم و تحقیقات کرمان', '0000-00-00 00:00:00', '0000-00-00 00:00:00'),
(377, 'دانشگاه آزاد اسلامی علی آباد کتول', '0000-00-00 00:00:00', '0000-00-00 00:00:00'),
(378, 'دانشگاه آزاد اسلامی فراهان', '0000-00-00 00:00:00', '0000-00-00 00:00:00'),
(379, 'دانشگاه آزاد اسلامی فردوس', '0000-00-00 00:00:00', '0000-00-00 00:00:00'),
(380, 'دانشگاه آزاد اسلامی فسا', '0000-00-00 00:00:00', '0000-00-00 00:00:00'),
(381, 'دانشگاه آزاد اسلامی فلاورجان', '0000-00-00 00:00:00', '0000-00-00 00:00:00'),
(382, 'دانشگاه آزاد اسلامی فیروزآباد', '0000-00-00 00:00:00', '0000-00-00 00:00:00'),
(383, 'دانشگاه آزاد اسلامی فیروزکوه', '0000-00-00 00:00:00', '0000-00-00 00:00:00'),
(384, 'دانشگاه آزاد اسلامی قاینات', '0000-00-00 00:00:00', '0000-00-00 00:00:00'),
(385, 'دانشگاه آزاد اسلامی قائم شهر', '0000-00-00 00:00:00', '0000-00-00 00:00:00'),
(386, 'دانشگاه آزاد اسلامی قزوین', '0000-00-00 00:00:00', '0000-00-00 00:00:00'),
(387, 'دانشگاه آزاد اسلامی قشم', '0000-00-00 00:00:00', '0000-00-00 00:00:00'),
(388, 'دانشگاه آزاد اسلامی قم', '0000-00-00 00:00:00', '0000-00-00 00:00:00'),
(389, 'دانشگاه آزاد اسلامی قوچان', '0000-00-00 00:00:00', '0000-00-00 00:00:00'),
(390, 'دانشگاه آزاد اسلامی کرج', '0000-00-00 00:00:00', '0000-00-00 00:00:00'),
(391, 'دانشگاه آزاد اسلامی کرمان', '0000-00-00 00:00:00', '0000-00-00 00:00:00'),
(392, 'دانشگاه آزاد اسلامی کرمانشاه', '0000-00-00 00:00:00', '0000-00-00 00:00:00'),
(393, 'دانشگاه آزاد اسلامی کهنوج', '0000-00-00 00:00:00', '0000-00-00 00:00:00'),
(394, 'دانشگاه آزاد اسلامی گچساران', '0000-00-00 00:00:00', '0000-00-00 00:00:00'),
(395, 'دانشگاه آزاد اسلامی گراش', '0000-00-00 00:00:00', '0000-00-00 00:00:00'),
(396, 'دانشگاه آزاد اسلامی گرگان', '0000-00-00 00:00:00', '0000-00-00 00:00:00'),
(397, 'دانشگاه آزاد اسلامی گرمسار', '0000-00-00 00:00:00', '0000-00-00 00:00:00'),
(398, 'دانشگاه آزاد اسلامی گناباد', '0000-00-00 00:00:00', '0000-00-00 00:00:00'),
(399, 'دانشگاه آزاد اسلامی لارستان', '0000-00-00 00:00:00', '0000-00-00 00:00:00'),
(400, 'دانشگاه آزاد اسلامی لامرد', '0000-00-00 00:00:00', '0000-00-00 00:00:00'),
(401, 'دانشگاه آزاد اسلامی لاهیجان', '0000-00-00 00:00:00', '0000-00-00 00:00:00'),
(402, 'دانشگاه آزاد اسلامی لنجان', '0000-00-00 00:00:00', '0000-00-00 00:00:00'),
(403, 'دانشگاه آزاد اسلامی ماهشهر', '0000-00-00 00:00:00', '0000-00-00 00:00:00'),
(404, 'دانشگاه آزاد اسلامی مبارکه', '0000-00-00 00:00:00', '0000-00-00 00:00:00'),
(405, 'دانشگاه آزاد اسلامی مجلسی', '0000-00-00 00:00:00', '0000-00-00 00:00:00'),
(406, 'دانشگاه آزاد اسلامی محلات', '0000-00-00 00:00:00', '0000-00-00 00:00:00'),
(407, 'دانشگاه آزاد اسلامی مراغه', '0000-00-00 00:00:00', '0000-00-00 00:00:00'),
(408, 'دانشگاه آزاد اسلامی مرند', '0000-00-00 00:00:00', '0000-00-00 00:00:00'),
(409, 'دانشگاه آزاد اسلامی مرودشت', '0000-00-00 00:00:00', '0000-00-00 00:00:00'),
(410, 'دانشگاه آزاد اسلامی مسجد سلیمان', '0000-00-00 00:00:00', '0000-00-00 00:00:00'),
(411, 'دانشگاه آزاد اسلامی مشکین شهر', '0000-00-00 00:00:00', '0000-00-00 00:00:00'),
(412, 'دانشگاه آزاد اسلامی مشهد', '0000-00-00 00:00:00', '0000-00-00 00:00:00'),
(413, 'دانشگاه آزاد اسلامی ملایر', '0000-00-00 00:00:00', '0000-00-00 00:00:00'),
(414, 'دانشگاه آزاد اسلامی ملکان', '0000-00-00 00:00:00', '0000-00-00 00:00:00'),
(415, 'دانشگاه آزاد اسلامی ممسنی', '0000-00-00 00:00:00', '0000-00-00 00:00:00'),
(416, 'دانشگاه آزاد اسلامی مهاباد', '0000-00-00 00:00:00', '0000-00-00 00:00:00'),
(417, 'دانشگاه آزاد اسلامی میاندوآب', '0000-00-00 00:00:00', '0000-00-00 00:00:00'),
(418, 'دانشگاه آزاد اسلامی میانه', '0000-00-00 00:00:00', '0000-00-00 00:00:00'),
(419, 'دانشگاه آزاد اسلامی میبد', '0000-00-00 00:00:00', '0000-00-00 00:00:00'),
(420, 'دانشگاه آزاد اسلامی نایین', '0000-00-00 00:00:00', '0000-00-00 00:00:00'),
(421, 'دانشگاه آزاد اسلامی نجف آباد', '0000-00-00 00:00:00', '0000-00-00 00:00:00'),
(422, 'دانشگاه آزاد اسلامی نطنز', '0000-00-00 00:00:00', '0000-00-00 00:00:00'),
(423, 'دانشگاه آزاد اسلامی نکا', '0000-00-00 00:00:00', '0000-00-00 00:00:00'),
(424, 'دانشگاه آزاد اسلامی نوشهر', '0000-00-00 00:00:00', '0000-00-00 00:00:00'),
(425, 'دانشگاه آزاد اسلامی نی ریز', '0000-00-00 00:00:00', '0000-00-00 00:00:00'),
(426, 'دانشگاه آزاد اسلامی نیشابور', '0000-00-00 00:00:00', '0000-00-00 00:00:00'),
(427, 'دانشگاه آزاد اسلامی هشترود', '0000-00-00 00:00:00', '0000-00-00 00:00:00'),
(428, 'دانشگاه آزاد اسلامی همدان', '0000-00-00 00:00:00', '0000-00-00 00:00:00'),
(429, 'دانشگاه آزاد اسلامی واحد مجازی', '0000-00-00 00:00:00', '0000-00-00 00:00:00'),
(430, 'دانشگاه آزاد اسلامی ورامین پیشوا', '0000-00-00 00:00:00', '0000-00-00 00:00:00'),
(431, 'دانشگاه آزاد اسلامی یاسوج', '0000-00-00 00:00:00', '0000-00-00 00:00:00'),
(432, 'دانشگاه آزاد اسلامی یزد', '0000-00-00 00:00:00', '0000-00-00 00:00:00'),
(433, 'دانشگاه آنكارا  ', '0000-00-00 00:00:00', '0000-00-00 00:00:00'),
(434, 'دانشگاه آيت الله بروجردی (ره)', '0000-00-00 00:00:00', '0000-00-00 00:00:00'),
(435, 'دانشگاه بجنورد', '0000-00-00 00:00:00', '0000-00-00 00:00:00'),
(436, 'دانشگاه بوعلي سينا همدان', '0000-00-00 00:00:00', '0000-00-00 00:00:00'),
(437, 'دانشگاه بيرجند', '0000-00-00 00:00:00', '0000-00-00 00:00:00'),
(438, 'دانشگاه بين المللي امام خميني (ره)', '0000-00-00 00:00:00', '0000-00-00 00:00:00'),
(439, 'دانشگاه پيام نور', '0000-00-00 00:00:00', '0000-00-00 00:00:00'),
(440, 'دانشگاه تاسماني ', '0000-00-00 00:00:00', '0000-00-00 00:00:00'),
(441, 'دانشگاه تبريز  ', '0000-00-00 00:00:00', '0000-00-00 00:00:00'),
(442, 'دانشگاه تراكيا  ', '0000-00-00 00:00:00', '0000-00-00 00:00:00'),
(443, 'دانشگاه تربيت مدرس', '0000-00-00 00:00:00', '0000-00-00 00:00:00'),
(444, 'دانشگاه تربيت معلم آذربايجان ', '0000-00-00 00:00:00', '0000-00-00 00:00:00'),
(445, 'دانشگاه تربيت معلم تهران', '0000-00-00 00:00:00', '0000-00-00 00:00:00'),
(446, 'دانشگاه تربيت معلم سبزوار', '0000-00-00 00:00:00', '0000-00-00 00:00:00'),
(447, 'دانشگاه تفرش', '0000-00-00 00:00:00', '0000-00-00 00:00:00'),
(448, 'دانشگاه تكنولوژي سيدني', '0000-00-00 00:00:00', '0000-00-00 00:00:00'),
(449, 'دانشگاه تهران', '0000-00-00 00:00:00', '0000-00-00 00:00:00'),
(450, 'دانشگاه جامع علمي كاربردي ', '0000-00-00 00:00:00', '0000-00-00 00:00:00'),
(451, 'دانشگاه حضرت معصومه', '0000-00-00 00:00:00', '0000-00-00 00:00:00'),
(452, 'دانشگاه خليج فارس', '0000-00-00 00:00:00', '0000-00-00 00:00:00'),
(453, 'دانشگاه رازي  ', '0000-00-00 00:00:00', '0000-00-00 00:00:00'),
(454, 'دانشگاه زابل', '0000-00-00 00:00:00', '0000-00-00 00:00:00'),
(455, 'دانشگاه زنجان    ', '0000-00-00 00:00:00', '0000-00-00 00:00:00'),
(456, 'دانشگاه سمنان ', '0000-00-00 00:00:00', '0000-00-00 00:00:00'),
(457, 'دانشگاه سيدني', '0000-00-00 00:00:00', '0000-00-00 00:00:00'),
(458, 'دانشگاه سيستان و بلوچستان', '0000-00-00 00:00:00', '0000-00-00 00:00:00'),
(459, 'دانشگاه شاهد', '0000-00-00 00:00:00', '0000-00-00 00:00:00'),
(460, 'دانشگاه شهركرد', '0000-00-00 00:00:00', '0000-00-00 00:00:00'),
(461, 'دانشگاه شهيد باهنر كرمان', '0000-00-00 00:00:00', '0000-00-00 00:00:00'),
(462, 'دانشگاه شهيد بهشتي  ', '0000-00-00 00:00:00', '0000-00-00 00:00:00'),
(463, 'دانشگاه شهيد چمران  ', '0000-00-00 00:00:00', '0000-00-00 00:00:00'),
(464, 'دانشگاه شيراز', '0000-00-00 00:00:00', '0000-00-00 00:00:00'),
(465, 'دانشگاه صنعت آب و برق (شهید عباس پور)', '0000-00-00 00:00:00', '0000-00-00 00:00:00'),
(466, 'دانشگاه صنعت نفت                              ', '0000-00-00 00:00:00', '0000-00-00 00:00:00'),
(467, 'دانشگاه صنعتي اراك', '0000-00-00 00:00:00', '0000-00-00 00:00:00'),
(468, 'دانشگاه صنعتي اروميه', '0000-00-00 00:00:00', '0000-00-00 00:00:00'),
(469, 'دانشگاه صنعتي اصفهان', '0000-00-00 00:00:00', '0000-00-00 00:00:00'),
(470, 'دانشگاه صنعتي اميركبير  ', '0000-00-00 00:00:00', '0000-00-00 00:00:00'),
(471, 'دانشگاه صنعتي خواجه نصير الدين طوسي', '0000-00-00 00:00:00', '0000-00-00 00:00:00'),
(472, 'دانشگاه صنعتي سهند تبريز', '0000-00-00 00:00:00', '0000-00-00 00:00:00'),
(473, 'دانشگاه صنعتي شاهرود ', '0000-00-00 00:00:00', '0000-00-00 00:00:00'),
(474, 'دانشگاه صنعتي شريف', '0000-00-00 00:00:00', '0000-00-00 00:00:00'),
(475, 'دانشگاه صنعتي شيراز', '0000-00-00 00:00:00', '0000-00-00 00:00:00'),
(476, 'دانشگاه صنعتي مـــالك اشتر           ', '0000-00-00 00:00:00', '0000-00-00 00:00:00'),
(477, 'دانشگاه عــــــالي دفاع ملّی', '0000-00-00 00:00:00', '0000-00-00 00:00:00'),
(478, 'دانشگاه علامه طباطبايي', '0000-00-00 00:00:00', '0000-00-00 00:00:00'),
(479, 'دانشگاه علم و صنعت ايران', '0000-00-00 00:00:00', '0000-00-00 00:00:00'),
(480, 'دانشگاه علم و فناوری مازندران', '0000-00-00 00:00:00', '0000-00-00 00:00:00'),
(481, 'دانشگاه علوم اسلامي رضوي', '0000-00-00 00:00:00', '0000-00-00 00:00:00'),
(482, 'دانشگاه علوم انتظامي', '0000-00-00 00:00:00', '0000-00-00 00:00:00'),
(483, 'دانشگاه علوم بهزيستي و توانبخشي', '0000-00-00 00:00:00', '0000-00-00 00:00:00'),
(484, 'دانشگاه علوم پايه دامغان', '0000-00-00 00:00:00', '0000-00-00 00:00:00'),
(485, 'دانشگاه علوم دريايي امام خميني (ره)', '0000-00-00 00:00:00', '0000-00-00 00:00:00'),
(486, 'دانشگاه علوم كشاورزي و منابع طبيعي گرگان', '0000-00-00 00:00:00', '0000-00-00 00:00:00'),
(487, 'دانشگاه علوم و فنون دريايي خرمشهر', '0000-00-00 00:00:00', '0000-00-00 00:00:00'),
(488, 'دانشگاه علوم و فنون هوايي شهيد ستاري', '0000-00-00 00:00:00', '0000-00-00 00:00:00'),
(489, 'دانشگاه فردوسي مشهد ', '0000-00-00 00:00:00', '0000-00-00 00:00:00'),
(490, 'دانشگاه فرهنگیان', '0000-00-00 00:00:00', '0000-00-00 00:00:00'),
(491, 'دانشگاه فليندرز ', '0000-00-00 00:00:00', '0000-00-00 00:00:00'),
(492, 'دانشگاه فناوری های نوین آمل', '0000-00-00 00:00:00', '0000-00-00 00:00:00'),
(493, 'دانشگاه فنی و حرفه ای', '0000-00-00 00:00:00', '0000-00-00 00:00:00'),
(494, 'دانشگاه قم ', '0000-00-00 00:00:00', '0000-00-00 00:00:00'),
(495, 'دانشگاه كاشان', '0000-00-00 00:00:00', '0000-00-00 00:00:00'),
(496, 'دانشگاه كرتن', '0000-00-00 00:00:00', '0000-00-00 00:00:00'),
(497, 'دانشگاه كردستان', '0000-00-00 00:00:00', '0000-00-00 00:00:00'),
(498, 'دانشگاه كشاورزي و منابع طبيعي رامين', '0000-00-00 00:00:00', '0000-00-00 00:00:00'),
(499, 'دانشگاه كوئينزلند', '0000-00-00 00:00:00', '0000-00-00 00:00:00'),
(500, 'دانشگاه گيلان ', '0000-00-00 00:00:00', '0000-00-00 00:00:00'),
(501, 'دانشگاه لرستان', '0000-00-00 00:00:00', '0000-00-00 00:00:00'),
(502, 'دانشگاه مازندران', '0000-00-00 00:00:00', '0000-00-00 00:00:00'),
(503, 'دانشگاه محقق اردبيلي', '0000-00-00 00:00:00', '0000-00-00 00:00:00'),
(504, 'دانشگاه مذاهب اسلامي                 ', '0000-00-00 00:00:00', '0000-00-00 00:00:00'),
(505, 'دانشگاه مرمره  ', '0000-00-00 00:00:00', '0000-00-00 00:00:00'),
(506, 'دانشگاه مفيد', '0000-00-00 00:00:00', '0000-00-00 00:00:00'),
(507, 'دانشگاه ملاير', '0000-00-00 00:00:00', '0000-00-00 00:00:00'),
(508, 'دانشگاه ملبورن ', '0000-00-00 00:00:00', '0000-00-00 00:00:00'),
(509, 'دانشگاه ملي استراليا ', '0000-00-00 00:00:00', '0000-00-00 00:00:00'),
(510, 'دانشگاه موناش ', '0000-00-00 00:00:00', '0000-00-00 00:00:00'),
(511, 'دانشگاه نيوسات ولز', '0000-00-00 00:00:00', '0000-00-00 00:00:00'),
(512, 'دانشگاه نيوكاسل ', '0000-00-00 00:00:00', '0000-00-00 00:00:00'),
(513, 'دانشگاه هرمزگان', '0000-00-00 00:00:00', '0000-00-00 00:00:00'),
(514, 'دانشگاه هنر', '0000-00-00 00:00:00', '0000-00-00 00:00:00'),
(515, 'دانشگاه هنر اصفهان', '0000-00-00 00:00:00', '0000-00-00 00:00:00'),
(516, 'دانشگاه هنر تبريز', '0000-00-00 00:00:00', '0000-00-00 00:00:00'),
(517, 'دانشگاه وسترن استراليا ', '0000-00-00 00:00:00', '0000-00-00 00:00:00'),
(518, 'دانشگاه ولونگونگ', '0000-00-00 00:00:00', '0000-00-00 00:00:00'),
(519, 'دانشگاه ولي عصر(عج) رفسنجان', '0000-00-00 00:00:00', '0000-00-00 00:00:00'),
(520, 'دانشگاه ياسوج', '0000-00-00 00:00:00', '0000-00-00 00:00:00'),
(521, 'دانشگاه يزد', '0000-00-00 00:00:00', '0000-00-00 00:00:00'),
(522, 'دانشگاه یو اس ام مالزی', '0000-00-00 00:00:00', '0000-00-00 00:00:00'),
(523, 'دانشگاه یو ام مالزی', '0000-00-00 00:00:00', '0000-00-00 00:00:00'),
(524, 'دانشگاه یو پی ام مالزی', '0000-00-00 00:00:00', '0000-00-00 00:00:00'),
(525, 'كالج طب اورژانس استراليا', '0000-00-00 00:00:00', '0000-00-00 00:00:00'),
(526, 'مجتمع آموزش عالی بناب', '0000-00-00 00:00:00', '0000-00-00 00:00:00'),
(527, 'مدرسه عالي شهيد مطهري', '0000-00-00 00:00:00', '0000-00-00 00:00:00'),
(528, 'مركز آموزش عالي تعاون', '0000-00-00 00:00:00', '0000-00-00 00:00:00'),
(529, 'مركز آموزش عالي كتابداري', '0000-00-00 00:00:00', '0000-00-00 00:00:00'),
(530, 'مركز آموزش عالي ميراث فرهنگي', '0000-00-00 00:00:00', '0000-00-00 00:00:00'),
(531, 'مركز تحصيلات تكميلي در علوم پايه زنجان', '0000-00-00 00:00:00', '0000-00-00 00:00:00'),
(532, 'مركز جهاني علوم اسلامي', '0000-00-00 00:00:00', '0000-00-00 00:00:00'),
(533, 'موسسه آموزش عالي غيرانتفاعي غيردولتي روزبه زنجان', '0000-00-00 00:00:00', '0000-00-00 00:00:00'),
(534, 'موسسه آموزش عالي غيرانتفاعي غيردولتي عبدالرحمن صوفي رازي شهرزنجان', '0000-00-00 00:00:00', '0000-00-00 00:00:00'),
(535, 'موسسه آموزش عالي غيرانتفاعي غيردولتي علامه رفيعي شهر قزوين', '0000-00-00 00:00:00', '0000-00-00 00:00:00'),
(536, 'موسسه آموزش عالي غيرانتفاعي غيردولتي علامه فيض كاشاني', '0000-00-00 00:00:00', '0000-00-00 00:00:00'),
(537, 'موسسه آموزش عالي غيرانتفاعي غيردولتي فارابی', '0000-00-00 00:00:00', '0000-00-00 00:00:00'),
(538, 'موسسه آموزش عالي غيرانتفاعي غيردولتي فروردين قائمشهر', '0000-00-00 00:00:00', '0000-00-00 00:00:00'),
(539, 'موسسه آموزش عالي غيرانتفاعي غيردولتي كار(رفسنجان  قزوين خرمدره تهران)', '0000-00-00 00:00:00', '0000-00-00 00:00:00'),
(540, 'موسسه آموزش عالي غيرانتفاعي غيردولتي گلستان شرق', '0000-00-00 00:00:00', '0000-00-00 00:00:00'),
(541, 'موسسه آموزش عالي غيرانتفاعي غيردولتي ميرعماد قزوين', '0000-00-00 00:00:00', '0000-00-00 00:00:00'),
(542, 'موسسه آموزش عالي غيرانتفاعي غيردولتي نهاوند', '0000-00-00 00:00:00', '0000-00-00 00:00:00'),
(543, 'موسسه آموزش عالی غیر دولتی غیر انتفاعی انرژی', '0000-00-00 00:00:00', '0000-00-00 00:00:00'),
(544, 'موسسه آموزش عالی غیر دولتی غیر انتفاعی ایمان و دانش', '0000-00-00 00:00:00', '0000-00-00 00:00:00'),
(545, 'موسسه آموزش عالی غیر دولتی غیر انتفاعی رضویه', '0000-00-00 00:00:00', '0000-00-00 00:00:00'),
(546, 'موسسه آموزش عالی غیر دولتی غیر انتفاعی سردار جنگل', '0000-00-00 00:00:00', '0000-00-00 00:00:00'),
(547, 'موسسه آموزش عالی غیر دولتی غیر انتفاعی سفیر دانش', '0000-00-00 00:00:00', '0000-00-00 00:00:00'),
(548, 'موسسه آموزش عالی غیر دولتی غیر انتفاعی شمس تبریزی', '0000-00-00 00:00:00', '0000-00-00 00:00:00'),
(549, 'موسسه آموزش عالی غیر دولتی غیر انتفاعی طلوع', '0000-00-00 00:00:00', '0000-00-00 00:00:00'),
(550, 'موسسه آموزش عالی غیر دولتی غیر انتفاعی علوم و فناوری آریان ', '0000-00-00 00:00:00', '0000-00-00 00:00:00'),
(551, 'موسسه آموزش عالی غیر دولتی غیر انتفاعی کادوس', '0000-00-00 00:00:00', '0000-00-00 00:00:00'),
(552, 'موسسه آموزش عالی غیر دولتی غیر انتفاعی میزان', '0000-00-00 00:00:00', '0000-00-00 00:00:00');

-- --------------------------------------------------------

--
-- Table structure for table `users`
--

CREATE TABLE `users` (
  `id` int(10) UNSIGNED NOT NULL,
  `role_id` int(10) UNSIGNED DEFAULT NULL,
  `is_active` int(11) NOT NULL DEFAULT '0',
  `name` varchar(255) COLLATE utf8_unicode_ci NOT NULL,
  `email` varchar(255) COLLATE utf8_unicode_ci NOT NULL,
  `password` varchar(255) COLLATE utf8_unicode_ci NOT NULL,
  `remember_token` varchar(100) COLLATE utf8_unicode_ci DEFAULT NULL,
  `created_at` timestamp NULL DEFAULT NULL,
  `updated_at` timestamp NULL DEFAULT NULL,
  `photo_id` varchar(255) COLLATE utf8_unicode_ci NOT NULL
) ENGINE=InnoDB DEFAULT CHARSET=utf8 COLLATE=utf8_unicode_ci;

--
-- Dumping data for table `users`
--

INSERT INTO `users` (`id`, `role_id`, `is_active`, `name`, `email`, `password`, `remember_token`, `created_at`, `updated_at`, `photo_id`) VALUES
(1, 1, 1, 'کاربر ادمین', 'user@site.com', '$2y$10$S91PiApzMpyAroZtK6irV.9UYieHmUeiTUiurvFl2a5rltiY0fQVO', 'ThUfGkNw0Nw5NLs2OFHMCeNMNqxYjBJTEomKagfjo1IpUnQ01J72zmN6geC1', '2016-12-10 12:20:01', '2017-04-10 05:18:29', ''),
(13, 1, 1, 'admin', 'admin@site.com', '$2y$10$cZEaYHUCzktyJ2.OBStwtuYXCgngcZtCqe77PuWW3q72I6RDsditS', '2jFNMLUynYySwR1NKU356zsnpLWFRdmNXevAy2b7mQL0M8qgJONGoVrNZ40Q', '2016-12-12 04:18:41', '2016-12-12 04:33:06', ''),
(15, 1, 1, 'opt1', 'opt1@site.com', '$2y$10$8qyJG08U.21ZlC7VS8sp0OEW7ffXN.AAb4NEyDl1rEY4gU8.FYYc6', '2jFNMLUynYySwR1NKU356zsnpLWFRdmNXevAy2b7mQL0M8qgJONGoVrNZ40Q', '2016-12-12 04:53:18', '2016-12-12 04:53:18', ''),
(16, 1, 1, 'علی مرادی', 'ali@site.com2', '$2y$10$rGzGQhfqkovlgJR73TK.6OuqDAFL940hzZlQXr2R5PYTYMDSCO5se', '2jFNMLUynYySwR1NKU356zsnpLWFRdmNXevAy2b7mQL0M8qgJONGoVrNZ40Q', '2016-12-21 01:01:04', '2016-12-21 01:01:04', ''),
(17, 1, 1, 'iran', 'irani1@site.com', '$2y$10$M99.vgdv0xCGOlstwOEExeRxh42m2ZhGYAi08jytPAAspigC5GSYW', '2jFNMLUynYySwR1NKU356zsnpLWFRdmNXevAy2b7mQL0M8qgJONGoVrNZ40Q', '2016-12-24 00:48:35', '2016-12-24 00:48:35', ''),
(18, 1, 1, 'Dr hesabi', 'hesabi@site.com', '$2y$10$xRiY6QyUbvoKFDKrMc8zVuYp1LxwT0pkXOyLWLGIk0u.YdzK/Qq7y', '2jFNMLUynYySwR1NKU356zsnpLWFRdmNXevAy2b7mQL0M8qgJONGoVrNZ40Q', '2016-12-29 02:38:43', '2016-12-29 02:38:43', ''),
(19, 1, 1, 'mahdi Az', 'user@site.com3', '$2y$10$zYOSq5PyeRHwC3SJRIXYQevkJ21RPJL.biMCElRwHZbTWmiZEI2z6', NULL, '2017-02-21 14:53:09', '2017-02-21 14:53:09', ''),
(20, 1, 0, 'newadmin', 'new@new.mew', '$2y$10$6QGFPelPRcsOCT6ad2KWpexASkolCIxCDuPpf2igRrrMmUq1SLk7m', NULL, '2017-03-08 15:24:22', '2017-03-08 15:24:22', '');

--
-- Indexes for dumped tables
--

--
-- Indexes for table `cadrprojects`
--
ALTER TABLE `cadrprojects`
  ADD PRIMARY KEY (`id`),
  ADD KEY `cadrprojects_people_id_index` (`people_id`),
  ADD KEY `cadrprojects_category_id_index` (`category_id`),
  ADD KEY `cadrprojects_photo_id_index` (`photo_id`);

--
-- Indexes for table `cadrs`
--
ALTER TABLE `cadrs`
  ADD PRIMARY KEY (`id`),
  ADD KEY `cadrs_photo_id_index` (`photo_id`);

--
-- Indexes for table `cadr_project`
--
ALTER TABLE `cadr_project`
  ADD PRIMARY KEY (`cadr_id`,`project_id`),
  ADD KEY `cadr_project_cadr_id_index` (`cadr_id`),
  ADD KEY `cadr_project_project_id_index` (`project_id`),
  ADD KEY `cadr_project_helptype_id_index` (`helptype_id`);

--
-- Indexes for table `categories`
--
ALTER TABLE `categories`
  ADD PRIMARY KEY (`id`);

--
-- Indexes for table `defencelevels`
--
ALTER TABLE `defencelevels`
  ADD PRIMARY KEY (`id`);

--
-- Indexes for table `defencelevel_project`
--
ALTER TABLE `defencelevel_project`
  ADD PRIMARY KEY (`defencelevel_id`,`project_id`),
  ADD KEY `defencelevel_project_defencelevel_id_index` (`defencelevel_id`),
  ADD KEY `defencelevel_project_project_id_index` (`project_id`);

--
-- Indexes for table `fields`
--
ALTER TABLE `fields`
  ADD PRIMARY KEY (`id`);

--
-- Indexes for table `groups`
--
ALTER TABLE `groups`
  ADD PRIMARY KEY (`id`);

--
-- Indexes for table `letters`
--
ALTER TABLE `letters`
  ADD PRIMARY KEY (`id`),
  ADD KEY `letters_project_id_foreign` (`project_id`);

--
-- Indexes for table `lettertypes`
--
ALTER TABLE `lettertypes`
  ADD PRIMARY KEY (`id`);

--
-- Indexes for table `majors`
--
ALTER TABLE `majors`
  ADD PRIMARY KEY (`id`),
  ADD KEY `majors_field_id_index` (`field_id`);

--
-- Indexes for table `password_resets`
--
ALTER TABLE `password_resets`
  ADD KEY `password_resets_email_index` (`email`),
  ADD KEY `password_resets_token_index` (`token`);

--
-- Indexes for table `people`
--
ALTER TABLE `people`
  ADD PRIMARY KEY (`id`),
  ADD KEY `people_role_id_index` (`role_id`),
  ADD KEY `people_photo_id_index` (`photo_id`),
  ADD KEY `people_university_id_index` (`university_id`);

--
-- Indexes for table `photos`
--
ALTER TABLE `photos`
  ADD PRIMARY KEY (`id`);

--
-- Indexes for table `posts`
--
ALTER TABLE `posts`
  ADD PRIMARY KEY (`id`),
  ADD KEY `posts_user_id_index` (`user_id`),
  ADD KEY `posts_category_id_index` (`category_id`),
  ADD KEY `posts_photo_id_index` (`photo_id`);

--
-- Indexes for table `projectdefences`
--
ALTER TABLE `projectdefences`
  ADD PRIMARY KEY (`id`);

--
-- Indexes for table `projects`
--
ALTER TABLE `projects`
  ADD PRIMARY KEY (`id`),
  ADD KEY `projects_person_id_index` (`person_id`),
  ADD KEY `projects_category_id_index` (`category_id`),
  ADD KEY `projects_unit_id_index` (`unit_id`),
  ADD KEY `projects_group_id_index` (`group_id`),
  ADD KEY `projects_photo_id_index` (`photo_id`),
  ADD KEY `projects_cadr_id1_index` (`cadr_id1`),
  ADD KEY `projects_cadr_id2_index` (`cadr_id2`),
  ADD KEY `projects_cadr_id3_index` (`cadr_id3`),
  ADD KEY `projects_cadr_id4_index` (`cadr_id4`),
  ADD KEY `projects_cadr_id5_index` (`cadr_id5`);

--
-- Indexes for table `roles`
--
ALTER TABLE `roles`
  ADD PRIMARY KEY (`id`);

--
-- Indexes for table `units`
--
ALTER TABLE `units`
  ADD PRIMARY KEY (`id`);

--
-- Indexes for table `universities`
--
ALTER TABLE `universities`
  ADD PRIMARY KEY (`id`);

--
-- Indexes for table `users`
--
ALTER TABLE `users`
  ADD PRIMARY KEY (`id`),
  ADD UNIQUE KEY `users_email_unique` (`email`),
  ADD KEY `users_role_id_index` (`role_id`);

--
-- AUTO_INCREMENT for dumped tables
--

--
-- AUTO_INCREMENT for table `cadrprojects`
--
ALTER TABLE `cadrprojects`
  MODIFY `id` int(10) UNSIGNED NOT NULL AUTO_INCREMENT;
--
-- AUTO_INCREMENT for table `cadrs`
--
ALTER TABLE `cadrs`
  MODIFY `id` int(10) UNSIGNED NOT NULL AUTO_INCREMENT, AUTO_INCREMENT=6;
--
-- AUTO_INCREMENT for table `categories`
--
ALTER TABLE `categories`
  MODIFY `id` int(10) UNSIGNED NOT NULL AUTO_INCREMENT, AUTO_INCREMENT=2;
--
-- AUTO_INCREMENT for table `defencelevels`
--
ALTER TABLE `defencelevels`
  MODIFY `id` int(10) UNSIGNED NOT NULL AUTO_INCREMENT, AUTO_INCREMENT=6;
--
-- AUTO_INCREMENT for table `fields`
--
ALTER TABLE `fields`
  MODIFY `id` int(10) UNSIGNED NOT NULL AUTO_INCREMENT, AUTO_INCREMENT=344;
--
-- AUTO_INCREMENT for table `groups`
--
ALTER TABLE `groups`
  MODIFY `id` int(10) UNSIGNED NOT NULL AUTO_INCREMENT, AUTO_INCREMENT=10;
--
-- AUTO_INCREMENT for table `letters`
--
ALTER TABLE `letters`
  MODIFY `id` int(10) UNSIGNED NOT NULL AUTO_INCREMENT, AUTO_INCREMENT=33;
--
-- AUTO_INCREMENT for table `lettertypes`
--
ALTER TABLE `lettertypes`
  MODIFY `id` int(10) UNSIGNED NOT NULL AUTO_INCREMENT, AUTO_INCREMENT=4;
--
-- AUTO_INCREMENT for table `majors`
--
ALTER TABLE `majors`
  MODIFY `id` int(10) UNSIGNED NOT NULL AUTO_INCREMENT, AUTO_INCREMENT=380;
--
-- AUTO_INCREMENT for table `people`
--
ALTER TABLE `people`
  MODIFY `id` int(10) UNSIGNED NOT NULL AUTO_INCREMENT, AUTO_INCREMENT=902;
--
-- AUTO_INCREMENT for table `photos`
--
ALTER TABLE `photos`
  MODIFY `id` int(10) UNSIGNED NOT NULL AUTO_INCREMENT, AUTO_INCREMENT=6;
--
-- AUTO_INCREMENT for table `posts`
--
ALTER TABLE `posts`
  MODIFY `id` int(10) UNSIGNED NOT NULL AUTO_INCREMENT, AUTO_INCREMENT=2;
--
-- AUTO_INCREMENT for table `projectdefences`
--
ALTER TABLE `projectdefences`
  MODIFY `id` int(10) UNSIGNED NOT NULL AUTO_INCREMENT;
--
-- AUTO_INCREMENT for table `projects`
--
ALTER TABLE `projects`
  MODIFY `id` int(10) UNSIGNED NOT NULL AUTO_INCREMENT, AUTO_INCREMENT=16;
--
-- AUTO_INCREMENT for table `roles`
--
ALTER TABLE `roles`
  MODIFY `id` int(10) UNSIGNED NOT NULL AUTO_INCREMENT, AUTO_INCREMENT=3;
--
-- AUTO_INCREMENT for table `units`
--
ALTER TABLE `units`
  MODIFY `id` int(10) UNSIGNED NOT NULL AUTO_INCREMENT, AUTO_INCREMENT=31;
--
-- AUTO_INCREMENT for table `universities`
--
ALTER TABLE `universities`
  MODIFY `id` int(10) UNSIGNED NOT NULL AUTO_INCREMENT, AUTO_INCREMENT=553;
--
-- AUTO_INCREMENT for table `users`
--
ALTER TABLE `users`
  MODIFY `id` int(10) UNSIGNED NOT NULL AUTO_INCREMENT, AUTO_INCREMENT=21;
/*!40101 SET CHARACTER_SET_CLIENT=@OLD_CHARACTER_SET_CLIENT */;
/*!40101 SET CHARACTER_SET_RESULTS=@OLD_CHARACTER_SET_RESULTS */;
/*!40101 SET COLLATION_CONNECTION=@OLD_COLLATION_CONNECTION */;
